Workbook

Sheet Summary
B2: DATA QUALITY ANALYSIS - RISK FACTOR TIME SERIES
B3: Market Risk Management - Class 8 Assignment
B6: Risk Factors Analyzed: | E6: RF1: BAMLC0A4CBBBEY (Credit Spread) | RF2: S&P 500 (Equity) | RF3: EUR/USD (FX)
B7: Analysis Periods: | E7: Year 2020 | Year 2021 | Year 2025
B8: Methodologies: | E8: Standard Z-Score | Robust Z-Score | EWMA Z-Score (N=30, λ=0.9)
B9: Outlier Threshold: | E9: Z > 3.0 (flagged) | Z > 6.0 (high confidence)
B10: Return Conventions: | E10: Credit Spread: Absolute Returns (x100 bps) | Equity & FX: Log Returns
B12: SUMMARY STATISTICS
B13: Risk Factor | C13: Year | D13: Total Obs | E13: Missing | F13: Stale | G13: Z>3 Outliers | H13: Rob Z>3 Outliers | I13: Max Z-Score | J13: Max Robust Z | K13: Max EWMA Z
B14: RF1: Credit Spread | C14: 2020 | D14: =COUNTA('RF1 CreditSpread'!C9:C263) -> 249 | E14: =COUNTIF('RF1 CreditSpread'!K9:K263,"MISSING") -> 5 | F14: =COUNTIF('RF1 CreditSpread'!L9:L263,"STALE") -> 18 | G14: =COUNTIF('RF1 CreditSpread'!H9:H263,"OUTLIER") -> 14 | H14: =COUNTIF('RF1 CreditSpread'!I9:I263,"OUTLIER") -> 62 | I14: =ROUND(MAX('RF1 CreditSpread'!E9:E263),2) -> 7.99 | J14: =ROUND(MAX('RF1 CreditSpread'!F9:F263),2) -> 28.67 | K14: =ROUND(MAX('RF1 CreditSpread'!G9:G263),2) -> 2.54
B15: RF1: Credit Spread | C15: 2021 | D15: =COUNTA('RF1 CreditSpread'!C266:C521) -> 249 | E15: =COUNTIF('RF1 CreditSpread'!K266:K521,"MISSING") -> 4 | F15: =COUNTIF('RF1 CreditSpread'!L266:L521,"STALE") -> 31 | G15: =COUNTIF('RF1 CreditSpread'!H266:H521,"OUTLIER") -> 0 | H15: =COUNTIF('RF1 CreditSpread'!I266:I521,"OUTLIER") -> 1 | I15: =ROUND(MAX('RF1 CreditSpread'!E266:E521),2) -> 1.11 | J15: =ROUND(MAX('RF1 CreditSpread'!F266:F521),2) -> 4.05 | K15: =ROUND(MAX('RF1 CreditSpread'!G266:G521),2) -> 2.5
B16: RF1: Credit Spread | C16: 2025 | D16: =COUNTA('RF1 CreditSpread'!C524:C786) -> 243 | E16: =COUNTIF('RF1 CreditSpread'!K524:K786,"MISSING") -> 17 | F16: =COUNTIF('RF1 CreditSpread'!L524:L786,"STALE") -> 48 | G16: =COUNTIF('RF1 CreditSpread'!H524:H786,"OUTLIER") -> 2 | H16: =COUNTIF('RF1 CreditSpread'!I524:I786,"OUTLIER") -> 15 | I16: =ROUND(MAX('RF1 CreditSpread'!E524:E786),2) -> 10.72 | J16: =ROUND(MAX('RF1 CreditSpread'!F524:F786),2) -> 38.45 | K16: =ROUND(MAX('RF1 CreditSpread'!G524:G786),2) -> 3.05
B17: RF2: S&P 500 | C17: 2020 | D17: =COUNTA('RF2 SP500'!C9:C267) -> 254 | E17: =COUNTIF('RF2 SP500'!K9:K267,"MISSING") -> 4 | F17: =COUNTIF('RF2 SP500'!L9:L267,"STALE") -> 0 | G17: =COUNTIF('RF2 SP500'!H9:H267,"OUTLIER") -> 11 | H17: =COUNTIF('RF2 SP500'!I9:I267,"OUTLIER") -> 31 | I17: =ROUND(MAX('RF2 SP500'!E9:E267),2) -> 7.69 | J17: =ROUND(MAX('RF2 SP500'!F9:F267),2) -> 13.43 | K17: =ROUND(MAX('RF2 SP500'!G9:G267),2) -> 2.71
B18: RF2: S&P 500 | C18: 2021 | D18: =COUNTA('RF2 SP500'!C270:C526) -> 251 | E18: =COUNTIF('RF2 SP500'!K270:K526,"MISSING") -> 3 | F18: =COUNTIF('RF2 SP500'!L270:L526,"STALE") -> 0 | G18: =COUNTIF('RF2 SP500'!H270:H526,"OUTLIER") -> 0 | H18: =COUNTIF('RF2 SP500'!I270:I526,"OUTLIER") -> 3 | I18: =ROUND(MAX('RF2 SP500'!E270:E526),2) -> 2.16 | J18: =ROUND(MAX('RF2 SP500'!F270:F526),2) -> 3.72 | K18: =ROUND(MAX('RF2 SP500'!G270:G526),2) -> 2.84
B19: RF2: S&P 500 | C19: 2025 | D19: =COUNTA('RF2 SP500'!C529:C787) -> 243 | E19: =COUNTIF('RF2 SP500'!K529:K787,"MISSING") -> 13 | F19: =COUNTIF('RF2 SP500'!L529:L787,"STALE") -> 0 | G19: =COUNTIF('RF2 SP500'!H529:H787,"OUTLIER") -> 5 | H19: =COUNTIF('RF2 SP500'!I529:I787,"OUTLIER") -> 12 | I19: =ROUND(MAX('RF2 SP500'!E529:E787),2) -> 5.98 | J19: =ROUND(MAX('RF2 SP500'!F529:F787),2) -> 10.6 | K19: =ROUND(MAX('RF2 SP500'!G529:G787),2) -> 2.85
B20: RF3: EUR/USD | C20: 2020 | D20: =COUNTA('RF3 EURUSD'!C10:C264) -> 248 | E20: =COUNTIF('RF3 EURUSD'!K10:K264,"MISSING") -> 7 | F20: =COUNTIF('RF3 EURUSD'!L10:L264,"STALE") -> 5 | G20: =COUNTIF('RF3 EURUSD'!H10:H264,"OUTLIER") -> 3 | H20: =COUNTIF('RF3 EURUSD'!I10:I264,"OUTLIER") -> 20 | I20: =ROUND(MAX('RF3 EURUSD'!E10:E264),2) -> 4.71 | J20: =ROUND(MAX('RF3 EURUSD'!F10:F264),2) -> 7.91 | K20: =ROUND(MAX('RF3 EURUSD'!G10:G264),2) -> 2.35
B21: RF3: EUR/USD | C21: 2021 | D21: =COUNTA('RF3 EURUSD'!C269:C522) -> 248 | E21: =COUNTIF('RF3 EURUSD'!K268:K522,"MISSING") -> 4 | F21: =COUNTIF('RF3 EURUSD'!L269:L522,"STALE") -> 4 | G21: =COUNTIF('RF3 EURUSD'!H269:H522,"OUTLIER") -> 0 | H21: =COUNTIF('RF3 EURUSD'!I269:I522,"OUTLIER") -> 2 | I21: =ROUND(MAX('RF3 EURUSD'!E269:E522),2) -> 2.15 | J21: =ROUND(MAX('RF3 EURUSD'!F269:F522),2) -> 3.57 | K21: =ROUND(MAX('RF3 EURUSD'!G269:G522),2) -> 2.55
B22: RF3: EUR/USD | C22: 2025 | D22: =COUNTA('RF3 EURUSD'!C528:C785) -> 244 | E22: =COUNTIF('RF3 EURUSD'!K527:K785,"MISSING") -> 12 | F22: =COUNTIF('RF3 EURUSD'!L528:L785,"STALE") -> 25 | G22: =COUNTIF('RF3 EURUSD'!H528:H785,"OUTLIER") -> 4 | H22: =COUNTIF('RF3 EURUSD'!I528:I785,"OUTLIER") -> 12 | I22: =ROUND(MAX('RF3 EURUSD'!E528:E785),2) -> 12.76 | J22: =ROUND(MAX('RF3 EURUSD'!F528:F785),2) -> 21.48 | K22: =ROUND(MAX('RF3 EURUSD'!G528:G785),2) -> 3.13
B25: METHODOLOGY & RETURN TYPE JUSTIFICATION
B26: RETURN TYPE SELECTION
B27: Risk Factor | C27: Return Type | D27: Justification
B28: RF1: BAMLC0A4CBBBEY Credit Spread | C28: Absolute Returns (×100 bps) | D28: Credit spreads are bounded below by zero and can cross zero or mean-revert. Log returns at low spread levels amplify shocks and can produce negative simulated spreads. Absolute changes capture the economic meaning of bps widening regardless of spread level. Market convention for spread instruments uses absolute returns.
B29: RF2: S&P 500 Index | C29: Log Returns (ln-relatives) | D29: Equity indices are multiplicative - a 10% move is proportionally equivalent at 3,000 or 7,000. Log returns ensure non-negativity of simulated levels and are consistent with lognormal/GBM assumptions. They handle large moves without producing negative scenario values.
B30: RF3: EUR/USD FX Rate | C30: Log Returns (ln-relatives) | D30: FX rates follow multiplicative dynamics, so proportional shocks are more meaningful than absolute ones. Log returns prevent simulated rates from going negative. For major FX pairs, log returns are closer to i.i.d. normal than absolute changes in practice.
B32: Z-SCORE METHODS
B33: Method | C33: Properties & Use Case
B34: Standard Z-Score | C34: Simple and widely used. Assumes constant volatility. Can over-flag in volatile regimes (e.g. COVID-19 March 2020). Threshold: Z > 3 = outlier; Z > 6 = high confidence.
B35: Robust Z-Score | C35: Less sensitive to outliers since median and MAD are not affected by extreme values. Flags two consecutive large Z-scores rather than single-day spikes. Preferred for heavy-tailed or clustered return series.
B36: EWMA Z-Score | C36: Time-varying volatility with decay lambda=0.9, lookback N=30. Reduces false flags during already-volatile periods since the denominator rises with the regime. Reported for the five worst Z-score points per year.
B38: DATA QUALITY TAXONOMY
B39: Issue Type | C39: Detection Method | F39: Remediation Approach
B40: Missing Data | C40: NULL/NaN values. Causes: market holidays, system failures, instrument not yet listed. | F40: For 1-2 day gaps: forward fill or linear interpolation. For scheduled market holidays: carry-forward is standard. Document all fills.
B41: Stale Data | C41: 2+ consecutive observations with zero absolute change. Stale data dampens measured volatility and understates VaR. | F41: For isolated 1-day stale points: accept if consistent with low liquidity. For clusters of 2+ days: apply Brownian Bridge between last valid and next valid point. Flag in VaR documentation.
B42: Outliers | C42: Z or Robust Z > 3.0. May be data errors or genuine market events (e.g. COVID-19 March 2020). | F42: Cross-check against alternative sources. For confirmed market events (e.g. COVID): retain and flag as stress period. For data errors: replace using Brownian Bridge or cohort model. High-exposure outliers go to specialist review.
B45: REMEDIATION PLAN: DATA QUALITY ISSUES & PROPOSED FIXES
B46: # | C46: Risk Factor | D46: Year | E46: Issue Type | F46: Description | L46: Priority
B47: 1 | C47: RF1: Credit Spread (BAMLC0A4CBBBEY) | D47: 2020 | E47: Missing Data | F47: 3 missing observations on US market holidays: 2020-01-01 (New Year), 2020-11-27 (Thanksgiving Friday), 2020-12-25 (Christmas). FRED returns NA on these dates by construction. | L47: Low
B48: 2 | C48: RF1: Credit Spread (BAMLC0A4CBBBEY) | D48: 2020 | E48: Stale Data | F48: 48 stale observations in 2020 (zero absolute return). Credit spread indices only update when trades occur; stale prices on low-liquidity days are expected for BAMLC0A4CBBBEY. Clusters concentrated in Jan-Feb and Nov-Dec 2020. | L48: Medium
B49: 3 | C49: RF1: Credit Spread (BAMLC0A4CBBBEY) | D49: 2020 | E49: Outliers | F49: 11 observations exceed Z=3 in 2020, concentrated in March 2020 (COVID-19 credit spread spike). Max Z-score: 10.13 on 2020-03-20 (spread reached 6.91%). Robust Z flags 24 observations (max RobZ=18.55). | L49: High
B50: 4 | C50: RF1: Credit Spread (BAMLC0A4CBBBEY) | D50: 2021 | E50: Stale Data | F50: 44 stale observations in 2021. Same pattern as 2020: index stale on low-activity days around holidays and low-volume periods in summer and December. | L50: Medium
B51: 5 | C51: RF2: S&P 500 (SP500) | D51: 2020 | E51: Missing Data | F51: 9 missing observations in 2020 on NYSE holidays: MLK Day, Presidents Day, Good Friday, Memorial Day, Independence Day, Labor Day, Thanksgiving, Christmas, and New Year. No stale data for this index. | L51: Low
B52: 6 | C52: RF2: S&P 500 (SP500) | D52: 2020 | E52: Outliers (Real COVID) | F52: 14 observations exceed Z=3 in 2020, concentrated in March 2020 (COVID-19). Max Z=8.45 on 2020-03-16 (index fell 12.8% to 2,386 in one day). Robust Z flags 35 observations. | L52: High
B53: 7 | C53: RF3: EUR/USD (DEXUSEU) | D53: 2020-2021 | E53: Missing Data | F53: 12 missing observations per year. FRED DEXUSEU does not report on US Federal Reserve holidays even though FX markets remain open. Affected dates: New Year, MLK Day, Presidents Day, Memorial Day, Independence Day, Labor Day, Columbus Day, Veterans Day, Thanksgiving, Christmas. | L53: Low
B54: 8 | C54: RF1: Credit Spread (BAMLC0A4CBBBEY) | D54: 2025 | E54: Outliers | F54: 1 observation exceeds Z=3 in 2025 (April 2025 tariff shock). Robust Z flags 10 additional observations as credit spreads widened from ~2.7% in Jan-2025 to ~4.5% in April-2025. Max Z=4.25, Max RobZ=7.76. | L54: Medium
B55: 9 | C55: All RFs | D55: All Years | E55: EWMA Calibration | F55: EWMA Z-score (N=30, lambda=0.9): during COVID-19, EWMA adapts to elevated vol so EWMA Z-scores are lower than standard Z-scores at peak stress. All three RFs show max EWMA Z below 3.0 during COVID while standard Z-scores reach 8-10. | L55: Medium

Sheet RF1 CreditSpread
B1: RF1: BAMLC0A4CBBBEY (Credit Spread)
B2: Return Type: Absolute (×100 bps) | Z-Score Threshold: 3.0 | EWMA Parameters: N=30, λ=0.9
B4: GLOBAL STATISTICS (Full Series) | E4: Mean Return | F4: Std Dev (σ) | G4: Median Return | H4: Scaled MAD (σ̂) | I4: Cutoff (c) | M4: MAD Helper (|r - median|)
E5: =AVERAGE(D9:D263,D266:D521,D524:D786) -> 0.2291372 | F5: =STDEV(D9:D263,D266:D521,D524:D786) -> 10.614336 | G5: =MEDIAN(D9:D263,D266:D521,D524:D786) -> 0 | H5: =_xlfn.AGGREGATE(16,6,M9:M786,0.5)/0.6745 -> 2.9651594 | I5: 3
B7: ="YEAR 2020 | Observations: "&COUNTA(C9:C263)&" | Missing: "&COUNTIF(K9:K263,"MISSING")&" | Stale: "&COUNTIF(L9:L263,"STALE")&" | Z>3 Outliers: "&COUNTIF(H9:H263,"OUTLIER")&" | Robust Z>3: "&COUNTIF(I9:I263,"OUTLIER") -> YEAR 2020 | Observations: 249 | Missing: 5 | Stale: 18 | Z>3 Outliers: 14 | Robust Z>3: 62
B8: Date | C8: Level | D8: Return | E8: Z-Score | F8: Robust Z | G8: EWMA Z | H8: Z>3 Flag | I8: RobZ>3 | J8: EWMA>3 | K8: Missing? | L8: Stale? | M8: |r - median|
B9: 43831 | E9: =IF(D9="","",ABS(D9-$E$5)/$F$5) | F9: =IF(D9="","",ABS(D9-$G$5)/$H$5) | G9: =IF(D9="","",ABS(D9-$E$5)/$F$5) | H9: =IF(E9="","",IF(E9>$I$5,"OUTLIER","")) | I9: =IF(F9="","",IF(F9>$I$5,"OUTLIER","")) | J9: =IF(G9="","",IF(G9>$I$5,"OUTLIER","")) | K9: =IF(C9="","MISSING","") -> MISSING | M9: =IF(D9="","",ABS(D9-G$5))
B10: 43832 | C10: 3.17 | D10: =IF(OR(C10="",C9=""),"",(C10-C9)*100) | E10: =IF(D10="","",ABS(D10-$E$5)/$F$5) | F10: =IF(D10="","",ABS(D10-$G$5)/$H$5) | G10: =IF(D10="","",ABS(D10-$E$5)/SQRT(0.9*(IF(G9="",($F$5)^2,(ABS(D9-$E$5)/MAX(G9,0.0000000001))^2))+0.1*(D10-$E$5)^2)) | H10: =IF(E10="","",IF(E10>$I$5,"OUTLIER","")) | I10: =IF(F10="","",IF(F10>$I$5,"OUTLIER","")) | J10: =IF(G10="","",IF(G10>$I$5,"OUTLIER","")) | K10: =IF(C10="","MISSING","") | L10: =IF(AND(C10<>"",C9<>"",C10=C9),"STALE","") | M10: =IF(D10="","",ABS(D10-G$5))
B11: 43833 | C11: 3.11 | D11: =IF(OR(C11="",C10=""),"",(C11-C10)*100) -> -6 | E11: =IF(D11="","",ABS(D11-$E$5)/$F$5) -> 0.58686073 | F11: =IF(D11="","",ABS(D11-$G$5)/$H$5) -> 2.0235 | G11: =IF(D11="","",ABS(D11-$E$5)/SQRT(0.9*(IF(G10="",($F$5)^2,(ABS(D10-$E$5)/MAX(G10,0.0000000001))^2))+0.1*(D11-$E$5)^2)) -> 0.60709857 | H11: =IF(E11="","",IF(E11>$I$5,"OUTLIER","")) | I11: =IF(F11="","",IF(F11>$I$5,"OUTLIER","")) | J11: =IF(G11="","",IF(G11>$I$5,"OUTLIER","")) | K11: =IF(C11="","MISSING","") | L11: =IF(AND(C11<>"",C10<>"",C11=C10),"STALE","") | M11: =IF(D11="","",ABS(D11-G$5)) -> 6
B12: 43836 | C12: 3.14 | D12: =IF(OR(C12="",C11=""),"",(C12-C11)*100) -> 3 | E12: =IF(D12="","",ABS(D12-$E$5)/$F$5) -> 0.26104909 | F12: =IF(D12="","",ABS(D12-$G$5)/$H$5) -> 1.01175 | G12: =IF(D12="","",ABS(D12-$E$5)/SQRT(0.9*(IF(G11="",($F$5)^2,(ABS(D11-$E$5)/MAX(G11,0.0000000001))^2))+0.1*(D12-$E$5)^2)) -> 0.28351276 | H12: =IF(E12="","",IF(E12>$I$5,"OUTLIER","")) | I12: =IF(F12="","",IF(F12>$I$5,"OUTLIER","")) | J12: =IF(G12="","",IF(G12>$I$5,"OUTLIER","")) | K12: =IF(C12="","MISSING","") | L12: =IF(AND(C12<>"",C11<>"",C12=C11),"STALE","") | M12: =IF(D12="","",ABS(D12-G$5)) -> 3
B13: 43837 | C13: 3.15 | D13: =IF(OR(C13="",C12=""),"",(C13-C12)*100) -> 1 | E13: =IF(D13="","",ABS(D13-$E$5)/$F$5) -> 0.072624682 | F13: =IF(D13="","",ABS(D13-$G$5)/$H$5) -> 0.33725 | G13: =IF(D13="","",ABS(D13-$E$5)/SQRT(0.9*(IF(G12="",($F$5)^2,(ABS(D12-$E$5)/MAX(G12,0.0000000001))^2))+0.1*(D13-$E$5)^2)) -> 0.083111932 | H13: =IF(E13="","",IF(E13>$I$5,"OUTLIER","")) | I13: =IF(F13="","",IF(F13>$I$5,"OUTLIER","")) | J13: =IF(G13="","",IF(G13>$I$5,"OUTLIER","")) | K13: =IF(C13="","MISSING","") | L13: =IF(AND(C13<>"",C12<>"",C13=C12),"STALE","") | M13: =IF(D13="","",ABS(D13-G$5)) -> 1
B14: 43838 | C14: 3.19 | D14: =IF(OR(C14="",C13=""),"",(C14-C13)*100) -> 4 | E14: =IF(D14="","",ABS(D14-$E$5)/$F$5) -> 0.35526129 | F14: =IF(D14="","",ABS(D14-$G$5)/$H$5) -> 1.349 | G14: =IF(D14="","",ABS(D14-$E$5)/SQRT(0.9*(IF(G13="",($F$5)^2,(ABS(D13-$E$5)/MAX(G13,0.0000000001))^2))+0.1*(D14-$E$5)^2)) -> 0.42467221 | H14: =IF(E14="","",IF(E14>$I$5,"OUTLIER","")) | I14: =IF(F14="","",IF(F14>$I$5,"OUTLIER","")) | J14: =IF(G14="","",IF(G14>$I$5,"OUTLIER","")) | K14: =IF(C14="","MISSING","") | L14: =IF(AND(C14<>"",C13<>"",C14=C13),"STALE","") | M14: =IF(D14="","",ABS(D14-G$5)) -> 4
B15: 43839 | C15: 3.16 | D15: =IF(OR(C15="",C14=""),"",(C15-C14)*100) -> -3 | E15: =IF(D15="","",ABS(D15-$E$5)/$F$5) -> 0.30422413 | F15: =IF(D15="","",ABS(D15-$G$5)/$H$5) -> 1.01175 | G15: =IF(D15="","",ABS(D15-$E$5)/SQRT(0.9*(IF(G14="",($F$5)^2,(ABS(D14-$E$5)/MAX(G14,0.0000000001))^2))+0.1*(D15-$E$5)^2)) -> 0.38054909 | H15: =IF(E15="","",IF(E15>$I$5,"OUTLIER","")) | I15: =IF(F15="","",IF(F15>$I$5,"OUTLIER","")) | J15: =IF(G15="","",IF(G15>$I$5,"OUTLIER","")) | K15: =IF(C15="","MISSING","") | L15: =IF(AND(C15<>"",C14<>"",C15=C14),"STALE","") | M15: =IF(D15="","",ABS(D15-G$5)) -> 3
B16: 43840 | C16: 3.13 | D16: =IF(OR(C16="",C15=""),"",(C16-C15)*100) -> -3 | E16: =IF(D16="","",ABS(D16-$E$5)/$F$5) -> 0.30422413 | F16: =IF(D16="","",ABS(D16-$G$5)/$H$5) -> 1.01175 | G16: =IF(D16="","",ABS(D16-$E$5)/SQRT(0.9*(IF(G15="",($F$5)^2,(ABS(D15-$E$5)/MAX(G15,0.0000000001))^2))+0.1*(D16-$E$5)^2)) -> 0.39794511 | H16: =IF(E16="","",IF(E16>$I$5,"OUTLIER","")) | I16: =IF(F16="","",IF(F16>$I$5,"OUTLIER","")) | J16: =IF(G16="","",IF(G16>$I$5,"OUTLIER","")) | K16: =IF(C16="","MISSING","") | L16: =IF(AND(C16<>"",C15<>"",C16=C15),"STALE","") | M16: =IF(D16="","",ABS(D16-G$5)) -> 3
B17: 43843 | C17: 3.14 | D17: =IF(OR(C17="",C16=""),"",(C17-C16)*100) -> 1 | E17: =IF(D17="","",ABS(D17-$E$5)/$F$5) -> 0.072624682 | F17: =IF(D17="","",ABS(D17-$G$5)/$H$5) -> 0.33725 | G17: =IF(D17="","",ABS(D17-$E$5)/SQRT(0.9*(IF(G16="",($F$5)^2,(ABS(D16-$E$5)/MAX(G16,0.0000000001))^2))+0.1*(D17-$E$5)^2)) -> 0.10008635 | H17: =IF(E17="","",IF(E17>$I$5,"OUTLIER","")) | I17: =IF(F17="","",IF(F17>$I$5,"OUTLIER","")) | J17: =IF(G17="","",IF(G17>$I$5,"OUTLIER","")) | K17: =IF(C17="","MISSING","") | L17: =IF(AND(C17<>"",C16<>"",C17=C16),"STALE","") | M17: =IF(D17="","",ABS(D17-G$5)) -> 1
B18: 43844 | C18: 3.12 | D18: =IF(OR(C18="",C17=""),"",(C18-C17)*100) -> -2 | E18: =IF(D18="","",ABS(D18-$E$5)/$F$5) -> 0.21001192 | F18: =IF(D18="","",ABS(D18-$G$5)/$H$5) -> 0.6745 | G18: =IF(D18="","",ABS(D18-$E$5)/SQRT(0.9*(IF(G17="",($F$5)^2,(ABS(D17-$E$5)/MAX(G17,0.0000000001))^2))+0.1*(D18-$E$5)^2)) -> 0.3036698 | H18: =IF(E18="","",IF(E18>$I$5,"OUTLIER","")) | I18: =IF(F18="","",IF(F18>$I$5,"OUTLIER","")) | J18: =IF(G18="","",IF(G18>$I$5,"OUTLIER","")) | K18: =IF(C18="","MISSING","") | L18: =IF(AND(C18<>"",C17<>"",C18=C17),"STALE","") | M18: =IF(D18="","",ABS(D18-G$5)) -> 2
B19: 43845 | C19: 3.09 | D19: =IF(OR(C19="",C18=""),"",(C19-C18)*100) -> -3 | E19: =IF(D19="","",ABS(D19-$E$5)/$F$5) -> 0.30422413 | F19: =IF(D19="","",ABS(D19-$G$5)/$H$5) -> 1.01175 | G19: =IF(D19="","",ABS(D19-$E$5)/SQRT(0.9*(IF(G18="",($F$5)^2,(ABS(D18-$E$5)/MAX(G18,0.0000000001))^2))+0.1*(D19-$E$5)^2)) -> 0.45878651 | H19: =IF(E19="","",IF(E19>$I$5,"OUTLIER","")) | I19: =IF(F19="","",IF(F19>$I$5,"OUTLIER","")) | J19: =IF(G19="","",IF(G19>$I$5,"OUTLIER","")) | K19: =IF(C19="","MISSING","") | L19: =IF(AND(C19<>"",C18<>"",C19=C18),"STALE","") | M19: =IF(D19="","",ABS(D19-G$5)) -> 3
B20: 43846 | C20: 3.1 | D20: =IF(OR(C20="",C19=""),"",(C20-C19)*100) -> 1 | E20: =IF(D20="","",ABS(D20-$E$5)/$F$5) -> 0.072624682 | F20: =IF(D20="","",ABS(D20-$G$5)/$H$5) -> 0.33725 | G20: =IF(D20="","",ABS(D20-$E$5)/SQRT(0.9*(IF(G19="",($F$5)^2,(ABS(D19-$E$5)/MAX(G19,0.0000000001))^2))+0.1*(D20-$E$5)^2)) -> 0.11536943 | H20: =IF(E20="","",IF(E20>$I$5,"OUTLIER","")) | I20: =IF(F20="","",IF(F20>$I$5,"OUTLIER","")) | J20: =IF(G20="","",IF(G20>$I$5,"OUTLIER","")) | K20: =IF(C20="","MISSING","") | L20: =IF(AND(C20<>"",C19<>"",C20=C19),"STALE","") | M20: =IF(D20="","",ABS(D20-G$5)) -> 1
B21: 43847 | C21: 3.1 | D21: =IF(OR(C21="",C20=""),"",(C21-C20)*100) -> 0 | E21: =IF(D21="","",ABS(D21-$E$5)/$F$5) -> 0.02158752 | F21: =IF(D21="","",ABS(D21-$G$5)/$H$5) -> 0 | G21: =IF(D21="","",ABS(D21-$E$5)/SQRT(0.9*(IF(G20="",($F$5)^2,(ABS(D20-$E$5)/MAX(G20,0.0000000001))^2))+0.1*(D21-$E$5)^2)) -> 0.03614595 | H21: =IF(E21="","",IF(E21>$I$5,"OUTLIER","")) | I21: =IF(F21="","",IF(F21>$I$5,"OUTLIER","")) | J21: =IF(G21="","",IF(G21>$I$5,"OUTLIER","")) | K21: =IF(C21="","MISSING","") | L21: =IF(AND(C21<>"",C20<>"",C21=C20),"STALE","") -> STALE | M21: =IF(D21="","",ABS(D21-G$5)) -> 0
... B227: 44145 | C227: 2.95 | D227: =IF(OR(C227="",C226=""),"",(C227-C226)*100) -> -3 | E227: =IF(D227="","",ABS(D227-$E$5)/$F$5) -> 0.30422413 | F227: =IF(D227="","",ABS(D227-$G$5)/$H$5) -> 1.01175 | G227: =IF(D227="","",ABS(D227-$E$5)/SQRT(0.9*(IF(G226="",($F$5)^2,(ABS(D226-$E$5)/MAX(G226,0.0000000001))^2))+0.1*(D227-$E$5)^2)) -> 0.36548246 | H227: =IF(E227="","",IF(E227>$I$5,"OUTLIER","")) | I227: =IF(F227="","",IF(F227>$I$5,"OUTLIER","")) | J227: =IF(G227="","",IF(G227>$I$5,"OUTLIER","")) | K227: =IF(C227="","MISSING","") | L227: =IF(AND(C227<>"",C226<>"",C227=C226),"STALE","") | M227: =IF(D227="","",ABS(D227-G$5)) -> 3
B228: 44146 | D228: =IF(OR(C228="",C227=""),"",(C228-C227)*100) | E228: =IF(D228="","",ABS(D228-$E$5)/$F$5) | F228: =IF(D228="","",ABS(D228-$G$5)/$H$5) | G228: =IF(D228="","",ABS(D228-$E$5)/SQRT(0.9*(IF(G227="",($F$5)^2,(ABS(D227-$E$5)/MAX(G227,0.0000000001))^2))+0.1*(D228-$E$5)^2)) | H228: =IF(E228="","",IF(E228>$I$5,"OUTLIER","")) | I228: =IF(F228="","",IF(F228>$I$5,"OUTLIER","")) | J228: =IF(G228="","",IF(G228>$I$5,"OUTLIER","")) | K228: =IF(C228="","MISSING","") -> MISSING | L228: =IF(AND(C228<>"",C227<>"",C228=C227),"STALE","") | M228: =IF(D228="","",ABS(D228-G$5))
B229: 44147 | C229: 2.95 | D229: =IF(OR(C229="",C228=""),"",(C229-C228)*100) | E229: =IF(D229="","",ABS(D229-$E$5)/$F$5) | F229: =IF(D229="","",ABS(D229-$G$5)/$H$5) | G229: =IF(D229="","",ABS(D229-$E$5)/SQRT(0.9*(IF(G228="",($F$5)^2,(ABS(D228-$E$5)/MAX(G228,0.0000000001))^2))+0.1*(D229-$E$5)^2)) | H229: =IF(E229="","",IF(E229>$I$5,"OUTLIER","")) | I229: =IF(F229="","",IF(F229>$I$5,"OUTLIER","")) | J229: =IF(G229="","",IF(G229>$I$5,"OUTLIER","")) | K229: =IF(C229="","MISSING","") | L229: =IF(AND(C229<>"",C228<>"",C229=C228),"STALE","") | M229: =IF(D229="","",ABS(D229-G$5))
B230: 44148 | C230: 2.93 | D230: =IF(OR(C230="",C229=""),"",(C230-C229)*100) -> -2 | E230: =IF(D230="","",ABS(D230-$E$5)/$F$5) -> 0.21001192 | F230: =IF(D230="","",ABS(D230-$G$5)/$H$5) -> 0.6745 | G230: =IF(D230="","",ABS(D230-$E$5)/SQRT(0.9*(IF(G229="",($F$5)^2,(ABS(D229-$E$5)/MAX(G229,0.0000000001))^2))+0.1*(D230-$E$5)^2)) -> 0.22083157 | H230: =IF(E230="","",IF(E230>$I$5,"OUTLIER","")) | I230: =IF(F230="","",IF(F230>$I$5,"OUTLIER","")) | J230: =IF(G230="","",IF(G230>$I$5,"OUTLIER","")) | K230: =IF(C230="","MISSING","") | L230: =IF(AND(C230<>"",C229<>"",C230=C229),"STALE","") | M230: =IF(D230="","",ABS(D230-G$5)) -> 2
B231: 44151 | C231: 2.91 | D231: =IF(OR(C231="",C230=""),"",(C231-C230)*100) -> -2 | E231: =IF(D231="","",ABS(D231-$E$5)/$F$5) -> 0.21001192 | F231: =IF(D231="","",ABS(D231-$G$5)/$H$5) -> 0.6745 | G231: =IF(D231="","",ABS(D231-$E$5)/SQRT(0.9*(IF(G230="",($F$5)^2,(ABS(D230-$E$5)/MAX(G230,0.0000000001))^2))+0.1*(D231-$E$5)^2)) -> 0.23214881 | H231: =IF(E231="","",IF(E231>$I$5,"OUTLIER","")) | I231: =IF(F231="","",IF(F231>$I$5,"OUTLIER","")) | J231: =IF(G231="","",IF(G231>$I$5,"OUTLIER","")) | K231: =IF(C231="","MISSING","") | L231: =IF(AND(C231<>"",C230<>"",C231=C230),"STALE","") | M231: =IF(D231="","",ABS(D231-G$5)) -> 2
B232: 44152 | C232: 2.94 | D232: =IF(OR(C232="",C231=""),"",(C232-C231)*100) -> 3 | E232: =IF(D232="","",ABS(D232-$E$5)/$F$5) -> 0.26104909 | F232: =IF(D232="","",ABS(D232-$G$5)/$H$5) -> 1.01175 | G232: =IF(D232="","",ABS(D232-$E$5)/SQRT(0.9*(IF(G231="",($F$5)^2,(ABS(D231-$E$5)/MAX(G231,0.0000000001))^2))+0.1*(D232-$E$5)^2)) -> 0.30277748 | H232: =IF(E232="","",IF(E232>$I$5,"OUTLIER","")) | I232: =IF(F232="","",IF(F232>$I$5,"OUTLIER","")) | J232: =IF(G232="","",IF(G232>$I$5,"OUTLIER","")) | K232: =IF(C232="","MISSING","") | L232: =IF(AND(C232<>"",C231<>"",C232=C231),"STALE","") | M232: =IF(D232="","",ABS(D232-G$5)) -> 3
B233: 44153 | C233: 2.97 | D233: =IF(OR(C233="",C232=""),"",(C233-C232)*100) -> 3 | E233: =IF(D233="","",ABS(D233-$E$5)/$F$5) -> 0.26104909 | F233: =IF(D233="","",ABS(D233-$G$5)/$H$5) -> 1.01175 | G233: =IF(D233="","",ABS(D233-$E$5)/SQRT(0.9*(IF(G232="",($F$5)^2,(ABS(D232-$E$5)/MAX(G232,0.0000000001))^2))+0.1*(D233-$E$5)^2)) -> 0.31754234 | H233: =IF(E233="","",IF(E233>$I$5,"OUTLIER","")) | I233: =IF(F233="","",IF(F233>$I$5,"OUTLIER","")) | J233: =IF(G233="","",IF(G233>$I$5,"OUTLIER","")) | K233: =IF(C233="","MISSING","") | L233: =IF(AND(C233<>"",C232<>"",C233=C232),"STALE","") | M233: =IF(D233="","",ABS(D233-G$5)) -> 3
B234: 44154 | C234: 2.98 | D234: =IF(OR(C234="",C233=""),"",(C234-C233)*100) -> 1 | E234: =IF(D234="","",ABS(D234-$E$5)/$F$5) -> 0.072624682 | F234: =IF(D234="","",ABS(D234-$G$5)/$H$5) -> 0.33725 | G234: =IF(D234="","",ABS(D234-$E$5)/SQRT(0.9*(IF(G233="",($F$5)^2,(ABS(D233-$E$5)/MAX(G233,0.0000000001))^2))+0.1*(D234-$E$5)^2)) -> 0.093079542 | H234: =IF(E234="","",IF(E234>$I$5,"OUTLIER","")) | I234: =IF(F234="","",IF(F234>$I$5,"OUTLIER","")) | J234: =IF(G234="","",IF(G234>$I$5,"OUTLIER","")) | K234: =IF(C234="","MISSING","") | L234: =IF(AND(C234<>"",C233<>"",C234=C233),"STALE","") | M234: =IF(D234="","",ABS(D234-G$5)) -> 1
B235: 44155 | C235: 3.03 | D235: =IF(OR(C235="",C234=""),"",(C235-C234)*100) -> 5 | E235: =IF(D235="","",ABS(D235-$E$5)/$F$5) -> 0.44947349 | F235: =IF(D235="","",ABS(D235-$G$5)/$H$5) -> 1.68625 | G235: =IF(D235="","",ABS(D235-$E$5)/SQRT(0.9*(IF(G234="",($F$5)^2,(ABS(D234-$E$5)/MAX(G234,0.0000000001))^2))+0.1*(D235-$E$5)^2)) -> 0.59633471 | H235: =IF(E235="","",IF(E235>$I$5,"OUTLIER","")) | I235: =IF(F235="","",IF(F235>$I$5,"OUTLIER","")) | J235: =IF(G235="","",IF(G235>$I$5,"OUTLIER","")) | K235: =IF(C235="","MISSING","") | L235: =IF(AND(C235<>"",C234<>"",C235=C234),"STALE","") | M235: =IF(D235="","",ABS(D235-G$5)) -> 5
B236: 44158 | C236: 2.97 | D236: =IF(OR(C236="",C235=""),"",(C236-C235)*100) -> -6 | E236: =IF(D236="","",ABS(D236-$E$5)/$F$5) -> 0.58686073 | F236: =IF(D236="","",ABS(D236-$G$5)/$H$5) -> 2.0235 | G236: =IF(D236="","",ABS(D236-$E$5)/SQRT(0.9*(IF(G235="",($F$5)^2,(ABS(D235-$E$5)/MAX(G235,0.0000000001))^2))+0.1*(D236-$E$5)^2)) -> 0.79440948 | H236: =IF(E236="","",IF(E236>$I$5,"OUTLIER","")) | I236: =IF(F236="","",IF(F236>$I$5,"OUTLIER","")) | J236: =IF(G236="","",IF(G236>$I$5,"OUTLIER","")) | K236: =IF(C236="","MISSING","") | L236: =IF(AND(C236<>"",C235<>"",C236=C235),"STALE","") | M236: =IF(D236="","",ABS(D236-G$5)) -> 6
B237: 44159 | C237: 2.89 | D237: =IF(OR(C237="",C236=""),"",(C237-C236)*100) -> -8 | E237: =IF(D237="","",ABS(D237-$E$5)/$F$5) -> 0.77528514 | F237: =IF(D237="","",ABS(D237-$G$5)/$H$5) -> 2.698 | G237: =IF(D237="","",ABS(D237-$E$5)/SQRT(0.9*(IF(G236="",($F$5)^2,(ABS(D236-$E$5)/MAX(G236,0.0000000001))^2))+0.1*(D237-$E$5)^2)) -> 1.0441917 | H237: =IF(E237="","",IF(E237>$I$5,"OUTLIER","")) | I237: =IF(F237="","",IF(F237>$I$5,"OUTLIER","")) | J237: =IF(G237="","",IF(G237>$I$5,"OUTLIER","")) | K237: =IF(C237="","MISSING","") | L237: =IF(AND(C237<>"",C236<>"",C237=C236),"STALE","") | M237: =IF(D237="","",ABS(D237-G$5)) -> 8
B238: 44160 | C238: 2.87 | D238: =IF(OR(C238="",C237=""),"",(C238-C237)*100) -> -2 | E238: =IF(D238="","",ABS(D238-$E$5)/$F$5) -> 0.21001192 | F238: =IF(D238="","",ABS(D238-$G$5)/$H$5) -> 0.6745 | G238: =IF(D238="","",ABS(D238-$E$5)/SQRT(0.9*(IF(G237="",($F$5)^2,(ABS(D237-$E$5)/MAX(G237,0.0000000001))^2))+0.1*(D238-$E$5)^2)) -> 0.2968381 | H238: =IF(E238="","",IF(E238>$I$5,"OUTLIER","")) | I238: =IF(F238="","",IF(F238>$I$5,"OUTLIER","")) | J238: =IF(G238="","",IF(G238>$I$5,"OUTLIER","")) | K238: =IF(C238="","MISSING","") | L238: =IF(AND(C238<>"",C237<>"",C238=C237),"STALE","") | M238: =IF(D238="","",ABS(D238-G$5)) -> 2
B239: 44162 | D239: =IF(OR(C239="",C238=""),"",(C239-C238)*100) | E239: =IF(D239="","",ABS(D239-$E$5)/$F$5) | F239: =IF(D239="","",ABS(D239-$G$5)/$H$5) | G239: =IF(D239="","",ABS(D239-$E$5)/SQRT(0.9*(IF(G238="",($F$5)^2,(ABS(D238-$E$5)/MAX(G238,0.0000000001))^2))+0.1*(D239-$E$5)^2)) | H239: =IF(E239="","",IF(E239>$I$5,"OUTLIER","")) | I239: =IF(F239="","",IF(F239>$I$5,"OUTLIER","")) | J239: =IF(G239="","",IF(G239>$I$5,"OUTLIER","")) | K239: =IF(C239="","MISSING","") -> MISSING | L239: =IF(AND(C239<>"",C238<>"",C239=C238),"STALE","") | M239: =IF(D239="","",ABS(D239-G$5))
B240: 44165 | C240: 2.87 | D240: =IF(OR(C240="",C239=""),"",(C240-C239)*100) | E240: =IF(D240="","",ABS(D240-$E$5)/$F$5) | F240: =IF(D240="","",ABS(D240-$G$5)/$H$5) | G240: =IF(D240="","",ABS(D240-$E$5)/SQRT(0.9*(IF(G239="",($F$5)^2,(ABS(D239-$E$5)/MAX(G239,0.0000000001))^2))+0.1*(D240-$E$5)^2)) | H240: =IF(E240="","",IF(E240>$I$5,"OUTLIER","")) | I240: =IF(F240="","",IF(F240>$I$5,"OUTLIER","")) | J240: =IF(G240="","",IF(G240>$I$5,"OUTLIER","")) | K240: =IF(C240="","MISSING","") | L240: =IF(AND(C240<>"",C239<>"",C240=C239),"STALE","") | M240: =IF(D240="","",ABS(D240-G$5))
B241: 44166 | C241: 2.83 | D241: =IF(OR(C241="",C240=""),"",(C241-C240)*100) -> -4 | E241: =IF(D241="","",ABS(D241-$E$5)/$F$5) -> 0.39843633 | F241: =IF(D241="","",ABS(D241-$G$5)/$H$5) -> 1.349 | G241: =IF(D241="","",ABS(D241-$E$5)/SQRT(0.9*(IF(G240="",($F$5)^2,(ABS(D240-$E$5)/MAX(G240,0.0000000001))^2))+0.1*(D241-$E$5)^2)) -> 0.41633296 | H241: =IF(E241="","",IF(E241>$I$5,"OUTLIER","")) | I241: =IF(F241="","",IF(F241>$I$5,"OUTLIER","")) | J241: =IF(G241="","",IF(G241>$I$5,"OUTLIER","")) | K241: =IF(C241="","MISSING","") | L241: =IF(AND(C241<>"",C240<>"",C241=C240),"STALE","") | M241: =IF(D241="","",ABS(D241-G$5)) -> 4
B242: 44167 | C242: 2.82 | D242: =IF(OR(C242="",C241=""),"",(C242-C241)*100) -> -1 | E242: =IF(D242="","",ABS(D242-$E$5)/$F$5) -> 0.11579972 | F242: =IF(D242="","",ABS(D242-$G$5)/$H$5) -> 0.33725 | G242: =IF(D242="","",ABS(D242-$E$5)/SQRT(0.9*(IF(G241="",($F$5)^2,(ABS(D241-$E$5)/MAX(G241,0.0000000001))^2))+0.1*(D242-$E$5)^2)) -> 0.12744276 | H242: =IF(E242="","",IF(E242>$I$5,"OUTLIER","")) | I242: =IF(F242="","",IF(F242>$I$5,"OUTLIER","")) | J242: =IF(G242="","",IF(G242>$I$5,"OUTLIER","")) | K242: =IF(C242="","MISSING","") | L242: =IF(AND(C242<>"",C241<>"",C242=C241),"STALE","") | M242: =IF(D242="","",ABS(D242-G$5)) -> 1
B243: 44168 | C243: 2.82 | D243: =IF(OR(C243="",C242=""),"",(C243-C242)*100) -> 0 | E243: =IF(D243="","",ABS(D243-$E$5)/$F$5) -> 0.02158752 | F243: =IF(D243="","",ABS(D243-$G$5)/$H$5) -> 0 | G243: =IF(D243="","",ABS(D243-$E$5)/SQRT(0.9*(IF(G242="",($F$5)^2,(ABS(D242-$E$5)/MAX(G242,0.0000000001))^2))+0.1*(D243-$E$5)^2)) -> 0.025042375 | H243: =IF(E243="","",IF(E243>$I$5,"OUTLIER","")) | I243: =IF(F243="","",IF(F243>$I$5,"OUTLIER","")) | J243: =IF(G243="","",IF(G243>$I$5,"OUTLIER","")) | K243: =IF(C243="","MISSING","") | L243: =IF(AND(C243<>"",C242<>"",C243=C242),"STALE","") -> STALE | M243: =IF(D243="","",ABS(D243-G$5)) -> 0
B244: 44169 | C244: 2.8 | D244: =IF(OR(C244="",C243=""),"",(C244-C243)*100) -> -2 | E244: =IF(D244="","",ABS(D244-$E$5)/$F$5) -> 0.21001192 | F244: =IF(D244="","",ABS(D244-$G$5)/$H$5) -> 0.6745 | G244: =IF(D244="","",ABS(D244-$E$5)/SQRT(0.9*(IF(G243="",($F$5)^2,(ABS(D243-$E$5)/MAX(G243,0.0000000001))^2))+0.1*(D244-$E$5)^2)) -> 0.25595768 | H244: =IF(E244="","",IF(E244>$I$5,"OUTLIER","")) | I244: =IF(F244="","",IF(F244>$I$5,"OUTLIER","")) | J244: =IF(G244="","",IF(G244>$I$5,"OUTLIER","")) | K244: =IF(C244="","MISSING","") | L244: =IF(AND(C244<>"",C243<>"",C244=C243),"STALE","") | M244: =IF(D244="","",ABS(D244-G$5)) -> 2
B245: 44172 | C245: 2.78 | D245: =IF(OR(C245="",C244=""),"",(C245-C244)*100) -> -2 | E245: =IF(D245="","",ABS(D245-$E$5)/$F$5) -> 0.21001192 | F245: =IF(D245="","",ABS(D245-$G$5)/$H$5) -> 0.6745 | G245: =IF(D245="","",ABS(D245-$E$5)/SQRT(0.9*(IF(G244="",($F$5)^2,(ABS(D244-$E$5)/MAX(G244,0.0000000001))^2))+0.1*(D245-$E$5)^2)) -> 0.26882641 | H245: =IF(E245="","",IF(E245>$I$5,"OUTLIER","")) | I245: =IF(F245="","",IF(F245>$I$5,"OUTLIER","")) | J245: =IF(G245="","",IF(G245>$I$5,"OUTLIER","")) | K245: =IF(C245="","MISSING","") | L245: =IF(AND(C245<>"",C244<>"",C245=C244),"STALE","") | M245: =IF(D245="","",ABS(D245-G$5)) -> 2
B246: 44173 | C246: 2.77 | D246: =IF(OR(C246="",C245=""),"",(C246-C245)*100) -> -1 | E246: =IF(D246="","",ABS(D246-$E$5)/$F$5) -> 0.11579972 | F246: =IF(D246="","",ABS(D246-$G$5)/$H$5) -> 0.33725 | G246: =IF(D246="","",ABS(D246-$E$5)/SQRT(0.9*(IF(G245="",($F$5)^2,(ABS(D245-$E$5)/MAX(G245,0.0000000001))^2))+0.1*(D246-$E$5)^2)) -> 0.15605754 | H246: =IF(E246="","",IF(E246>$I$5,"OUTLIER","")) | I246: =IF(F246="","",IF(F246>$I$5,"OUTLIER","")) | J246: =IF(G246="","",IF(G246>$I$5,"OUTLIER","")) | K246: =IF(C246="","MISSING","") | L246: =IF(AND(C246<>"",C245<>"",C246=C245),"STALE","") | M246: =IF(D246="","",ABS(D246-G$5)) -> 1
B247: 44174 | C247: 2.79 | D247: =IF(OR(C247="",C246=""),"",(C247-C246)*100) -> 2 | E247: =IF(D247="","",ABS(D247-$E$5)/$F$5) -> 0.16683688 | F247: =IF(D247="","",ABS(D247-$G$5)/$H$5) -> 0.6745 | G247: =IF(D247="","",ABS(D247-$E$5)/SQRT(0.9*(IF(G246="",($F$5)^2,(ABS(D246-$E$5)/MAX(G246,0.0000000001))^2))+0.1*(D247-$E$5)^2)) -> 0.23633703 | H247: =IF(E247="","",IF(E247>$I$5,"OUTLIER","")) | I247: =IF(F247="","",IF(F247>$I$5,"OUTLIER","")) | J247: =IF(G247="","",IF(G247>$I$5,"OUTLIER","")) | K247: =IF(C247="","MISSING","") | L247: =IF(AND(C247<>"",C246<>"",C247=C246),"STALE","") | M247: =IF(D247="","",ABS(D247-G$5)) -> 2
B248: 44175 | C248: 2.78 | D248: =IF(OR(C248="",C247=""),"",(C248-C247)*100) -> -1 | E248: =IF(D248="","",ABS(D248-$E$5)/$F$5) -> 0.11579972 | F248: =IF(D248="","",ABS(D248-$G$5)/$H$5) -> 0.33725 | G248: =IF(D248="","",ABS(D248-$E$5)/SQRT(0.9*(IF(G247="",($F$5)^2,(ABS(D247-$E$5)/MAX(G247,0.0000000001))^2))+0.1*(D248-$E$5)^2)) -> 0.17265442 | H248: =IF(E248="","",IF(E248>$I$5,"OUTLIER","")) | I248: =IF(F248="","",IF(F248>$I$5,"OUTLIER","")) | J248: =IF(G248="","",IF(G248>$I$5,"OUTLIER","")) | K248: =IF(C248="","MISSING","") | L248: =IF(AND(C248<>"",C247<>"",C248=C247),"STALE","") | M248: =IF(D248="","",ABS(D248-G$5)) -> 1
B249: 44176 | C249: 2.78 | D249: =IF(OR(C249="",C248=""),"",(C249-C248)*100) -> 0 | E249: =IF(D249="","",ABS(D249-$E$5)/$F$5) -> 0.02158752 | F249: =IF(D249="","",ABS(D249-$G$5)/$H$5) -> 0 | G249: =IF(D249="","",ABS(D249-$E$5)/SQRT(0.9*(IF(G248="",($F$5)^2,(ABS(D248-$E$5)/MAX(G248,0.0000000001))^2))+0.1*(D249-$E$5)^2)) -> 0.033925533 | H249: =IF(E249="","",IF(E249>$I$5,"OUTLIER","")) | I249: =IF(F249="","",IF(F249>$I$5,"OUTLIER","")) | J249: =IF(G249="","",IF(G249>$I$5,"OUTLIER","")) | K249: =IF(C249="","MISSING","") | L249: =IF(AND(C249<>"",C248<>"",C249=C248),"STALE","") -> STALE | M249: =IF(D249="","",ABS(D249-G$5)) -> 0
B250: 44179 | C250: 2.74 | D250: =IF(OR(C250="",C249=""),"",(C250-C249)*100) -> -4 | E250: =IF(D250="","",ABS(D250-$E$5)/$F$5) -> 0.39843633 | F250: =IF(D250="","",ABS(D250-$G$5)/$H$5) -> 1.349 | G250: =IF(D250="","",ABS(D250-$E$5)/SQRT(0.9*(IF(G249="",($F$5)^2,(ABS(D249-$E$5)/MAX(G249,0.0000000001))^2))+0.1*(D250-$E$5)^2)) -> 0.64610359 | H250: =IF(E250="","",IF(E250>$I$5,"OUTLIER","")) | I250: =IF(F250="","",IF(F250>$I$5,"OUTLIER","")) | J250: =IF(G250="","",IF(G250>$I$5,"OUTLIER","")) | K250: =IF(C250="","MISSING","") | L250: =IF(AND(C250<>"",C249<>"",C250=C249),"STALE","") | M250: =IF(D250="","",ABS(D250-G$5)) -> 4
B251: 44180 | C251: 2.71 | D251: =IF(OR(C251="",C250=""),"",(C251-C250)*100) -> -3 | E251: =IF(D251="","",ABS(D251-$E$5)/$F$5) -> 0.30422413 | F251: =IF(D251="","",ABS(D251-$G$5)/$H$5) -> 1.01175 | G251: =IF(D251="","",ABS(D251-$E$5)/SQRT(0.9*(IF(G250="",($F$5)^2,(ABS(D250-$E$5)/MAX(G250,0.0000000001))^2))+0.1*(D251-$E$5)^2)) -> 0.51312316 | H251: =IF(E251="","",IF(E251>$I$5,"OUTLIER","")) | I251: =IF(F251="","",IF(F251>$I$5,"OUTLIER","")) | J251: =IF(G251="","",IF(G251>$I$5,"OUTLIER","")) | K251: =IF(C251="","MISSING","") | L251: =IF(AND(C251<>"",C250<>"",C251=C250),"STALE","") | M251: =IF(D251="","",ABS(D251-G$5)) -> 3
... B257: 44188 | C257: 2.75 | D257: =IF(OR(C257="",C256=""),"",(C257-C256)*100) -> 0 | E257: =IF(D257="","",ABS(D257-$E$5)/$F$5) -> 0.02158752 | F257: =IF(D257="","",ABS(D257-$G$5)/$H$5) -> 0 | G257: =IF(D257="","",ABS(D257-$E$5)/SQRT(0.9*(IF(G256="",($F$5)^2,(ABS(D256-$E$5)/MAX(G256,0.0000000001))^2))+0.1*(D257-$E$5)^2)) -> 0.048268651 | H257: =IF(E257="","",IF(E257>$I$5,"OUTLIER","")) | I257: =IF(F257="","",IF(F257>$I$5,"OUTLIER","")) | J257: =IF(G257="","",IF(G257>$I$5,"OUTLIER","")) | K257: =IF(C257="","MISSING","") | L257: =IF(AND(C257<>"",C256<>"",C257=C256),"STALE","") -> STALE | M257: =IF(D257="","",ABS(D257-G$5)) -> 0
B258: 44189 | D258: =IF(OR(C258="",C257=""),"",(C258-C257)*100) | E258: =IF(D258="","",ABS(D258-$E$5)/$F$5) | F258: =IF(D258="","",ABS(D258-$G$5)/$H$5) | G258: =IF(D258="","",ABS(D258-$E$5)/SQRT(0.9*(IF(G257="",($F$5)^2,(ABS(D257-$E$5)/MAX(G257,0.0000000001))^2))+0.1*(D258-$E$5)^2)) | H258: =IF(E258="","",IF(E258>$I$5,"OUTLIER","")) | I258: =IF(F258="","",IF(F258>$I$5,"OUTLIER","")) | J258: =IF(G258="","",IF(G258>$I$5,"OUTLIER","")) | K258: =IF(C258="","MISSING","") -> MISSING | L258: =IF(AND(C258<>"",C257<>"",C258=C257),"STALE","") | M258: =IF(D258="","",ABS(D258-G$5))
B259: 44193 | C259: 2.67 | D259: =IF(OR(C259="",C258=""),"",(C259-C258)*100) | E259: =IF(D259="","",ABS(D259-$E$5)/$F$5) | F259: =IF(D259="","",ABS(D259-$G$5)/$H$5) | G259: =IF(D259="","",ABS(D259-$E$5)/SQRT(0.9*(IF(G258="",($F$5)^2,(ABS(D258-$E$5)/MAX(G258,0.0000000001))^2))+0.1*(D259-$E$5)^2)) | H259: =IF(E259="","",IF(E259>$I$5,"OUTLIER","")) | I259: =IF(F259="","",IF(F259>$I$5,"OUTLIER","")) | J259: =IF(G259="","",IF(G259>$I$5,"OUTLIER","")) | K259: =IF(C259="","MISSING","") | L259: =IF(AND(C259<>"",C258<>"",C259=C258),"STALE","") | M259: =IF(D259="","",ABS(D259-G$5))
B260: 44194 | C260: 2.67 | D260: =IF(OR(C260="",C259=""),"",(C260-C259)*100) -> 0 | E260: =IF(D260="","",ABS(D260-$E$5)/$F$5) -> 0.02158752 | F260: =IF(D260="","",ABS(D260-$G$5)/$H$5) -> 0 | G260: =IF(D260="","",ABS(D260-$E$5)/SQRT(0.9*(IF(G259="",($F$5)^2,(ABS(D259-$E$5)/MAX(G259,0.0000000001))^2))+0.1*(D260-$E$5)^2)) -> 0.022754655 | H260: =IF(E260="","",IF(E260>$I$5,"OUTLIER","")) | I260: =IF(F260="","",IF(F260>$I$5,"OUTLIER","")) | J260: =IF(G260="","",IF(G260>$I$5,"OUTLIER","")) | K260: =IF(C260="","MISSING","") | L260: =IF(AND(C260<>"",C259<>"",C260=C259),"STALE","") -> STALE | M260: =IF(D260="","",ABS(D260-G$5)) -> 0
B261: 44195 | C261: 2.65 | D261: =IF(OR(C261="",C260=""),"",(C261-C260)*100) -> -2 | E261: =IF(D261="","",ABS(D261-$E$5)/$F$5) -> 0.21001192 | F261: =IF(D261="","",ABS(D261-$G$5)/$H$5) -> 0.6745 | G261: =IF(D261="","",ABS(D261-$E$5)/SQRT(0.9*(IF(G260="",($F$5)^2,(ABS(D260-$E$5)/MAX(G260,0.0000000001))^2))+0.1*(D261-$E$5)^2)) -> 0.23270788 | H261: =IF(E261="","",IF(E261>$I$5,"OUTLIER","")) | I261: =IF(F261="","",IF(F261>$I$5,"OUTLIER","")) | J261: =IF(G261="","",IF(G261>$I$5,"OUTLIER","")) | K261: =IF(C261="","MISSING","") | L261: =IF(AND(C261<>"",C260<>"",C261=C260),"STALE","") | M261: =IF(D261="","",ABS(D261-G$5)) -> 2
B262: 44196 | E262: =IF(D262="","",ABS(D262-$E$5)/$F$5) | F262: =IF(D262="","",ABS(D262-$G$5)/$H$5) | G262: =IF(D262="","",ABS(D262-$E$5)/SQRT(0.9*(IF(G261="",($F$5)^2,(ABS(D261-$E$5)/MAX(G261,0.0000000001))^2))+0.1*(D262-$E$5)^2)) | H262: =IF(E262="","",IF(E262>$I$5,"OUTLIER","")) | I262: =IF(F262="","",IF(F262>$I$5,"OUTLIER","")) | J262: =IF(G262="","",IF(G262>$I$5,"OUTLIER","")) | K262: =IF(C262="","MISSING","") -> MISSING | L262: =IF(AND(C262<>"",C261<>"",C262=C261),"STALE","") | M262: =IF(D262="","",ABS(D262-G$5))
F263: =IF(D263="","",ABS(D263-$G$5)/$H$5) | M263: =IF(D263="","",ABS(D263-G$5))
B264: ="YEAR 2021 | Observations: "&COUNTA(C266:C521)&" | Missing: "&COUNTIF(K266:K521,"MISSING")&" | Stale: "&COUNTIF(L266:L521,"STALE")&" | Z>3 Outliers: "&COUNTIF(H266:H521,"OUTLIER")&" | Robust Z>3: "&COUNTIF(I266:I521,"OUTLIER") -> YEAR 2021 | Observations: 249 | Missing: 4 | Stale: 31 | Z>3 Outliers: 0 | Robust Z>3: 1
B265: Date | C265: Level | D265: Return | E265: Z-Score | F265: Robust Z | G265: EWMA Z | H265: Z>3 Flag | I265: RobZ>3 | J265: EWMA>3 | K265: Missing? | L265: Stale?
B266: 44197 | F266: =IF(D266="","",ABS(D266-$G$5)/$H$5) | M266: =IF(D266="","",ABS(D266-G$5))
B267: 44200 | C267: 2.64 | F267: =IF(D267="","",ABS(D267-$G$5)/$H$5) | M267: =IF(D267="","",ABS(D267-G$5))
B268: 44201 | C268: 2.63 | F268: =IF(D268="","",ABS(D268-$G$5)/$H$5) | M268: =IF(D268="","",ABS(D268-G$5))
B269: 44202 | C269: 2.67 | F269: =IF(D269="","",ABS(D269-$G$5)/$H$5) | M269: =IF(D269="","",ABS(D269-G$5))
B270: 44203 | C270: 2.64 | F270: =IF(D270="","",ABS(D270-$G$5)/$H$5) | M270: =IF(D270="","",ABS(D270-G$5))
B271: 44204 | C271: 2.63 | F271: =IF(D271="","",ABS(D271-$G$5)/$H$5) | M271: =IF(D271="","",ABS(D271-G$5))
B272: 44207 | C272: 2.65 | F272: =IF(D272="","",ABS(D272-$G$5)/$H$5) | M272: =IF(D272="","",ABS(D272-G$5))
B273: 44208 | C273: 2.64 | D273: =IF(OR(C273="",C272=""),"",(C273-C272)*100) -> -1 | E273: =IF(D273="","",ABS(D273-$E$5)/$F$5) -> 0.11579972 | F273: =IF(D273="","",ABS(D273-$G$5)/$H$5) -> 0.33725 | G273: =IF(D273="","",ABS(D273-$E$5)/SQRT(0.9*(IF(G272="",($F$5)^2,(ABS(D272-$E$5)/MAX(G272,0.0000000001))^2))+0.1*(D273-$E$5)^2)) -> 0.12197279 | H273: =IF(E273="","",IF(E273>$I$5,"OUTLIER","")) | I273: =IF(F273="","",IF(F273>$I$5,"OUTLIER","")) | J273: =IF(G273="","",IF(G273>$I$5,"OUTLIER","")) | K273: =IF(C273="","MISSING","") | L273: =IF(AND(C273<>"",C272<>"",C273=C272),"STALE","") | M273: =IF(D273="","",ABS(D273-G$5)) -> 1
B274: 44209 | M274: =IF(D274="","",ABS(D274-G$5))
B275: 44210 | C275: 2.65 | D275: =IF(OR(C275="",C274=""),"",(C275-C274)*100) | E275: =IF(D275="","",ABS(D275-$E$5)/$F$5) | F275: =IF(D275="","",ABS(D275-$G$5)/$H$5) | G275: =IF(D275="","",ABS(D275-$E$5)/SQRT(0.9*(IF(G274="",($F$5)^2,(ABS(D274-$E$5)/MAX(G274,0.0000000001))^2))+0.1*(D275-$E$5)^2)) | H275: =IF(E275="","",IF(E275>$I$5,"OUTLIER","")) | I275: =IF(F275="","",IF(F275>$I$5,"OUTLIER","")) | J275: =IF(G275="","",IF(G275>$I$5,"OUTLIER","")) | K275: =IF(C275="","MISSING","") | L275: =IF(AND(C275<>"",C274<>"",C275=C274),"STALE","") | M275: =IF(D275="","",ABS(D275-G$5))
B276: 44211 | C276: 2.68 | D276: =IF(OR(C276="",C275=""),"",(C276-C275)*100) -> 3 | E276: =IF(D276="","",ABS(D276-$E$5)/$F$5) -> 0.26104909 | F276: =IF(D276="","",ABS(D276-$G$5)/$H$5) -> 1.01175 | G276: =IF(D276="","",ABS(D276-$E$5)/SQRT(0.9*(IF(G275="",($F$5)^2,(ABS(D275-$E$5)/MAX(G275,0.0000000001))^2))+0.1*(D276-$E$5)^2)) -> 0.274134 | H276: =IF(E276="","",IF(E276>$I$5,"OUTLIER","")) | I276: =IF(F276="","",IF(F276>$I$5,"OUTLIER","")) | J276: =IF(G276="","",IF(G276>$I$5,"OUTLIER","")) | K276: =IF(C276="","MISSING","") | L276: =IF(AND(C276<>"",C275<>"",C276=C275),"STALE","") | M276: =IF(D276="","",ABS(D276-G$5)) -> 3
B277: 44214 | D277: =IF(OR(C277="",C276=""),"",(C277-C276)*100) | E277: =IF(D277="","",ABS(D277-$E$5)/$F$5) | F277: =IF(D277="","",ABS(D277-$G$5)/$H$5) | G277: =IF(D277="","",ABS(D277-$E$5)/SQRT(0.9*(IF(G276="",($F$5)^2,(ABS(D276-$E$5)/MAX(G276,0.0000000001))^2))+0.1*(D277-$E$5)^2)) | H277: =IF(E277="","",IF(E277>$I$5,"OUTLIER","")) | I277: =IF(F277="","",IF(F277>$I$5,"OUTLIER","")) | J277: =IF(G277="","",IF(G277>$I$5,"OUTLIER","")) | K277: =IF(C277="","MISSING","") -> MISSING | L277: =IF(AND(C277<>"",C276<>"",C277=C276),"STALE","") | M277: =IF(D277="","",ABS(D277-G$5))
B278: 44215 | C278: 2.67 | D278: =IF(OR(C278="",C277=""),"",(C278-C277)*100) | E278: =IF(D278="","",ABS(D278-$E$5)/$F$5) | F278: =IF(D278="","",ABS(D278-$G$5)/$H$5) | G278: =IF(D278="","",ABS(D278-$E$5)/SQRT(0.9*(IF(G277="",($F$5)^2,(ABS(D277-$E$5)/MAX(G277,0.0000000001))^2))+0.1*(D278-$E$5)^2)) | H278: =IF(E278="","",IF(E278>$I$5,"OUTLIER","")) | I278: =IF(F278="","",IF(F278>$I$5,"OUTLIER","")) | J278: =IF(G278="","",IF(G278>$I$5,"OUTLIER","")) | K278: =IF(C278="","MISSING","") | L278: =IF(AND(C278<>"",C277<>"",C278=C277),"STALE","") | M278: =IF(D278="","",ABS(D278-G$5))
B279: 44216 | C279: 2.64 | D279: =IF(OR(C279="",C278=""),"",(C279-C278)*100) -> -3 | E279: =IF(D279="","",ABS(D279-$E$5)/$F$5) -> 0.30422413 | F279: =IF(D279="","",ABS(D279-$G$5)/$H$5) -> 1.01175 | G279: =IF(D279="","",ABS(D279-$E$5)/SQRT(0.9*(IF(G278="",($F$5)^2,(ABS(D278-$E$5)/MAX(G278,0.0000000001))^2))+0.1*(D279-$E$5)^2)) -> 0.31904412 | H279: =IF(E279="","",IF(E279>$I$5,"OUTLIER","")) | I279: =IF(F279="","",IF(F279>$I$5,"OUTLIER","")) | J279: =IF(G279="","",IF(G279>$I$5,"OUTLIER","")) | K279: =IF(C279="","MISSING","") | L279: =IF(AND(C279<>"",C278<>"",C279=C278),"STALE","") | M279: =IF(D279="","",ABS(D279-G$5)) -> 3
B280: 44217 | C280: 2.64 | D280: =IF(OR(C280="",C279=""),"",(C280-C279)*100) -> 0 | E280: =IF(D280="","",ABS(D280-$E$5)/$F$5) -> 0.02158752 | F280: =IF(D280="","",ABS(D280-$G$5)/$H$5) -> 0 | G280: =IF(D280="","",ABS(D280-$E$5)/SQRT(0.9*(IF(G279="",($F$5)^2,(ABS(D279-$E$5)/MAX(G279,0.0000000001))^2))+0.1*(D280-$E$5)^2)) -> 0.023863065 | H280: =IF(E280="","",IF(E280>$I$5,"OUTLIER","")) | I280: =IF(F280="","",IF(F280>$I$5,"OUTLIER","")) | J280: =IF(G280="","",IF(G280>$I$5,"OUTLIER","")) | K280: =IF(C280="","MISSING","") | L280: =IF(AND(C280<>"",C279<>"",C280=C279),"STALE","") -> STALE | M280: =IF(D280="","",ABS(D280-G$5)) -> 0
B281: 44218 | C281: 2.66 | D281: =IF(OR(C281="",C280=""),"",(C281-C280)*100) -> 2 | E281: =IF(D281="","",ABS(D281-$E$5)/$F$5) -> 0.16683688 | F281: =IF(D281="","",ABS(D281-$G$5)/$H$5) -> 0.6745 | G281: =IF(D281="","",ABS(D281-$E$5)/SQRT(0.9*(IF(G280="",($F$5)^2,(ABS(D280-$E$5)/MAX(G280,0.0000000001))^2))+0.1*(D281-$E$5)^2)) -> 0.19403283 | H281: =IF(E281="","",IF(E281>$I$5,"OUTLIER","")) | I281: =IF(F281="","",IF(F281>$I$5,"OUTLIER","")) | J281: =IF(G281="","",IF(G281>$I$5,"OUTLIER","")) | K281: =IF(C281="","MISSING","") | L281: =IF(AND(C281<>"",C280<>"",C281=C280),"STALE","") | M281: =IF(D281="","",ABS(D281-G$5)) -> 2
B282: 44221 | M282: =IF(D282="","",ABS(D282-G$5))
B283: 44222 | C283: 2.63 | D283: =IF(OR(C283="",C282=""),"",(C283-C282)*100) | E283: =IF(D283="","",ABS(D283-$E$5)/$F$5) | F283: =IF(D283="","",ABS(D283-$G$5)/$H$5) | G283: =IF(D283="","",ABS(D283-$E$5)/SQRT(0.9*(IF(G282="",($F$5)^2,(ABS(D282-$E$5)/MAX(G282,0.0000000001))^2))+0.1*(D283-$E$5)^2)) | H283: =IF(E283="","",IF(E283>$I$5,"OUTLIER","")) | I283: =IF(F283="","",IF(F283>$I$5,"OUTLIER","")) | J283: =IF(G283="","",IF(G283>$I$5,"OUTLIER","")) | K283: =IF(C283="","MISSING","") | L283: =IF(AND(C283<>"",C282<>"",C283=C282),"STALE","") | M283: =IF(D283="","",ABS(D283-G$5))
B284: 44223 | C284: 2.68 | D284: =IF(OR(C284="",C283=""),"",(C284-C283)*100) -> 5 | E284: =IF(D284="","",ABS(D284-$E$5)/$F$5) -> 0.44947349 | F284: =IF(D284="","",ABS(D284-$G$5)/$H$5) -> 1.68625 | G284: =IF(D284="","",ABS(D284-$E$5)/SQRT(0.9*(IF(G283="",($F$5)^2,(ABS(D283-$E$5)/MAX(G283,0.0000000001))^2))+0.1*(D284-$E$5)^2)) -> 0.46855691 | H284: =IF(E284="","",IF(E284>$I$5,"OUTLIER","")) | I284: =IF(F284="","",IF(F284>$I$5,"OUTLIER","")) | J284: =IF(G284="","",IF(G284>$I$5,"OUTLIER","")) | K284: =IF(C284="","MISSING","") | L284: =IF(AND(C284<>"",C283<>"",C284=C283),"STALE","") | M284: =IF(D284="","",ABS(D284-G$5)) -> 5
B285: 44224 | C285: 2.68 | D285: =IF(OR(C285="",C284=""),"",(C285-C284)*100) -> 0 | E285: =IF(D285="","",ABS(D285-$E$5)/$F$5) -> 0.02158752 | F285: =IF(D285="","",ABS(D285-$G$5)/$H$5) -> 0 | G285: =IF(D285="","",ABS(D285-$E$5)/SQRT(0.9*(IF(G284="",($F$5)^2,(ABS(D284-$E$5)/MAX(G284,0.0000000001))^2))+0.1*(D285-$E$5)^2)) -> 0.023720702 | H285: =IF(E285="","",IF(E285>$I$5,"OUTLIER","")) | I285: =IF(F285="","",IF(F285>$I$5,"OUTLIER","")) | J285: =IF(G285="","",IF(G285>$I$5,"OUTLIER","")) | K285: =IF(C285="","MISSING","") | L285: =IF(AND(C285<>"",C284<>"",C285=C284),"STALE","") -> STALE | M285: =IF(D285="","",ABS(D285-G$5)) -> 0
B286: 44225 | C286: 2.71 | D286: =IF(OR(C286="",C285=""),"",(C286-C285)*100) -> 3 | E286: =IF(D286="","",ABS(D286-$E$5)/$F$5) -> 0.26104909 | F286: =IF(D286="","",ABS(D286-$G$5)/$H$5) -> 1.01175 | G286: =IF(D286="","",ABS(D286-$E$5)/SQRT(0.9*(IF(G285="",($F$5)^2,(ABS(D285-$E$5)/MAX(G285,0.0000000001))^2))+0.1*(D286-$E$5)^2)) -> 0.30098824 | H286: =IF(E286="","",IF(E286>$I$5,"OUTLIER","")) | I286: =IF(F286="","",IF(F286>$I$5,"OUTLIER","")) | J286: =IF(G286="","",IF(G286>$I$5,"OUTLIER","")) | K286: =IF(C286="","MISSING","") | L286: =IF(AND(C286<>"",C285<>"",C286=C285),"STALE","") | M286: =IF(D286="","",ABS(D286-G$5)) -> 3
B287: 44228 | C287: 2.68 | D287: =IF(OR(C287="",C286=""),"",(C287-C286)*100) -> -3 | E287: =IF(D287="","",ABS(D287-$E$5)/$F$5) -> 0.30422413 | F287: =IF(D287="","",ABS(D287-$G$5)/$H$5) -> 1.01175 | G287: =IF(D287="","",ABS(D287-$E$5)/SQRT(0.9*(IF(G286="",($F$5)^2,(ABS(D286-$E$5)/MAX(G286,0.0000000001))^2))+0.1*(D287-$E$5)^2)) -> 0.36724107 | H287: =IF(E287="","",IF(E287>$I$5,"OUTLIER","")) | I287: =IF(F287="","",IF(F287>$I$5,"OUTLIER","")) | J287: =IF(G287="","",IF(G287>$I$5,"OUTLIER","")) | K287: =IF(C287="","MISSING","") | L287: =IF(AND(C287<>"",C286<>"",C287=C286),"STALE","") | M287: =IF(D287="","",ABS(D287-G$5)) -> 3
B288: 44229 | C288: 2.66 | D288: =IF(OR(C288="",C287=""),"",(C288-C287)*100) -> -2 | E288: =IF(D288="","",ABS(D288-$E$5)/$F$5) -> 0.21001192 | F288: =IF(D288="","",ABS(D288-$G$5)/$H$5) -> 0.6745 | G288: =IF(D288="","",ABS(D288-$E$5)/SQRT(0.9*(IF(G287="",($F$5)^2,(ABS(D287-$E$5)/MAX(G287,0.0000000001))^2))+0.1*(D288-$E$5)^2)) -> 0.26627791 | H288: =IF(E288="","",IF(E288>$I$5,"OUTLIER","")) | I288: =IF(F288="","",IF(F288>$I$5,"OUTLIER","")) | J288: =IF(G288="","",IF(G288>$I$5,"OUTLIER","")) | K288: =IF(C288="","MISSING","") | L288: =IF(AND(C288<>"",C287<>"",C288=C287),"STALE","") | M288: =IF(D288="","",ABS(D288-G$5)) -> 2
B289: 44230 | C289: 2.62 | D289: =IF(OR(C289="",C288=""),"",(C289-C288)*100) -> -4 | E289: =IF(D289="","",ABS(D289-$E$5)/$F$5) -> 0.39843633 | F289: =IF(D289="","",ABS(D289-$G$5)/$H$5) -> 1.349 | G289: =IF(D289="","",ABS(D289-$E$5)/SQRT(0.9*(IF(G288="",($F$5)^2,(ABS(D288-$E$5)/MAX(G288,0.0000000001))^2))+0.1*(D289-$E$5)^2)) -> 0.52511805 | H289: =IF(E289="","",IF(E289>$I$5,"OUTLIER","")) | I289: =IF(F289="","",IF(F289>$I$5,"OUTLIER","")) | J289: =IF(G289="","",IF(G289>$I$5,"OUTLIER","")) | K289: =IF(C289="","MISSING","") | L289: =IF(AND(C289<>"",C288<>"",C289=C288),"STALE","") | M289: =IF(D289="","",ABS(D289-G$5)) -> 4
B290: 44231 | C290: 2.59 | D290: =IF(OR(C290="",C289=""),"",(C290-C289)*100) -> -3 | E290: =IF(D290="","",ABS(D290-$E$5)/$F$5) -> 0.30422413 | F290: =IF(D290="","",ABS(D290-$G$5)/$H$5) -> 1.01175 | G290: =IF(D290="","",ABS(D290-$E$5)/SQRT(0.9*(IF(G289="",($F$5)^2,(ABS(D289-$E$5)/MAX(G289,0.0000000001))^2))+0.1*(D290-$E$5)^2)) -> 0.41891496 | H290: =IF(E290="","",IF(E290>$I$5,"OUTLIER","")) | I290: =IF(F290="","",IF(F290>$I$5,"OUTLIER","")) | J290: =IF(G290="","",IF(G290>$I$5,"OUTLIER","")) | K290: =IF(C290="","MISSING","") | L290: =IF(AND(C290<>"",C289<>"",C290=C289),"STALE","") | M290: =IF(D290="","",ABS(D290-G$5)) -> 3
B291: 44232 | C291: 2.57 | D291: =IF(OR(C291="",C290=""),"",(C291-C290)*100) -> -2 | E291: =IF(D291="","",ABS(D291-$E$5)/$F$5) -> 0.21001192 | F291: =IF(D291="","",ABS(D291-$G$5)/$H$5) -> 0.6745 | G291: =IF(D291="","",ABS(D291-$E$5)/SQRT(0.9*(IF(G290="",($F$5)^2,(ABS(D290-$E$5)/MAX(G290,0.0000000001))^2))+0.1*(D291-$E$5)^2)) -> 0.3034216 | H291: =IF(E291="","",IF(E291>$I$5,"OUTLIER","")) | I291: =IF(F291="","",IF(F291>$I$5,"OUTLIER","")) | J291: =IF(G291="","",IF(G291>$I$5,"OUTLIER","")) | K291: =IF(C291="","MISSING","") | L291: =IF(AND(C291<>"",C290<>"",C291=C290),"STALE","") | M291: =IF(D291="","",ABS(D291-G$5)) -> 2
B292: 44235 | C292: 2.54 | D292: =IF(OR(C292="",C291=""),"",(C292-C291)*100) -> -3 | E292: =IF(D292="","",ABS(D292-$E$5)/$F$5) -> 0.30422413 | F292: =IF(D292="","",ABS(D292-$G$5)/$H$5) -> 1.01175 | G292: =IF(D292="","",ABS(D292-$E$5)/SQRT(0.9*(IF(G291="",($F$5)^2,(ABS(D291-$E$5)/MAX(G291,0.0000000001))^2))+0.1*(D292-$E$5)^2)) -> 0.45841941 | H292: =IF(E292="","",IF(E292>$I$5,"OUTLIER","")) | I292: =IF(F292="","",IF(F292>$I$5,"OUTLIER","")) | J292: =IF(G292="","",IF(G292>$I$5,"OUTLIER","")) | K292: =IF(C292="","MISSING","") | L292: =IF(AND(C292<>"",C291<>"",C292=C291),"STALE","") | M292: =IF(D292="","",ABS(D292-G$5)) -> 3
B293: 44236 | C293: 2.53 | D293: =IF(OR(C293="",C292=""),"",(C293-C292)*100) -> -1 | E293: =IF(D293="","",ABS(D293-$E$5)/$F$5) -> 0.11579972 | F293: =IF(D293="","",ABS(D293-$G$5)/$H$5) -> 0.33725 | G293: =IF(D293="","",ABS(D293-$E$5)/SQRT(0.9*(IF(G292="",($F$5)^2,(ABS(D292-$E$5)/MAX(G292,0.0000000001))^2))+0.1*(D293-$E$5)^2)) -> 0.18362095 | H293: =IF(E293="","",IF(E293>$I$5,"OUTLIER","")) | I293: =IF(F293="","",IF(F293>$I$5,"OUTLIER","")) | J293: =IF(G293="","",IF(G293>$I$5,"OUTLIER","")) | K293: =IF(C293="","MISSING","") | L293: =IF(AND(C293<>"",C292<>"",C293=C292),"STALE","") | M293: =IF(D293="","",ABS(D293-G$5)) -> 1
B294: 44237 | C294: 2.54 | D294: =IF(OR(C294="",C293=""),"",(C294-C293)*100) -> 1 | E294: =IF(D294="","",ABS(D294-$E$5)/$F$5) -> 0.072624682 | F294: =IF(D294="","",ABS(D294-$G$5)/$H$5) -> 0.33725 | G294: =IF(D294="","",ABS(D294-$E$5)/SQRT(0.9*(IF(G293="",($F$5)^2,(ABS(D293-$E$5)/MAX(G293,0.0000000001))^2))+0.1*(D294-$E$5)^2)) -> 0.12129921 | H294: =IF(E294="","",IF(E294>$I$5,"OUTLIER","")) | I294: =IF(F294="","",IF(F294>$I$5,"OUTLIER","")) | J294: =IF(G294="","",IF(G294>$I$5,"OUTLIER","")) | K294: =IF(C294="","MISSING","") | L294: =IF(AND(C294<>"",C293<>"",C294=C293),"STALE","") | M294: =IF(D294="","",ABS(D294-G$5)) -> 1
... B484: 44510 | C484: 2.16 | D484: =IF(OR(C484="",C483=""),"",(C484-C483)*100) -> 5 | E484: =IF(D484="","",ABS(D484-$E$5)/$F$5) -> 0.44947349 | F484: =IF(D484="","",ABS(D484-$G$5)/$H$5) -> 1.68625 | G484: =IF(D484="","",ABS(D484-$E$5)/SQRT(0.9*(IF(G483="",($F$5)^2,(ABS(D483-$E$5)/MAX(G483,0.0000000001))^2))+0.1*(D484-$E$5)^2)) -> 2.2321399 | H484: =IF(E484="","",IF(E484>$I$5,"OUTLIER","")) | I484: =IF(F484="","",IF(F484>$I$5,"OUTLIER","")) | J484: =IF(G484="","",IF(G484>$I$5,"OUTLIER","")) | K484: =IF(C484="","MISSING","") | L484: =IF(AND(C484<>"",C483<>"",C484=C483),"STALE","") | M484: =IF(D484="","",ABS(D484-G$5)) -> 5
B485: 44511 | D485: =IF(OR(C485="",C484=""),"",(C485-C484)*100) | E485: =IF(D485="","",ABS(D485-$E$5)/$F$5) | F485: =IF(D485="","",ABS(D485-$G$5)/$H$5) | G485: =IF(D485="","",ABS(D485-$E$5)/SQRT(0.9*(IF(G484="",($F$5)^2,(ABS(D484-$E$5)/MAX(G484,0.0000000001))^2))+0.1*(D485-$E$5)^2)) | H485: =IF(E485="","",IF(E485>$I$5,"OUTLIER","")) | I485: =IF(F485="","",IF(F485>$I$5,"OUTLIER","")) | J485: =IF(G485="","",IF(G485>$I$5,"OUTLIER","")) | K485: =IF(C485="","MISSING","") -> MISSING | L485: =IF(AND(C485<>"",C484<>"",C485=C484),"STALE","") | M485: =IF(D485="","",ABS(D485-G$5))
B486: 44512 | C486: 2.17 | D486: =IF(OR(C486="",C485=""),"",(C486-C485)*100) | E486: =IF(D486="","",ABS(D486-$E$5)/$F$5) | F486: =IF(D486="","",ABS(D486-$G$5)/$H$5) | G486: =IF(D486="","",ABS(D486-$E$5)/SQRT(0.9*(IF(G485="",($F$5)^2,(ABS(D485-$E$5)/MAX(G485,0.0000000001))^2))+0.1*(D486-$E$5)^2)) | H486: =IF(E486="","",IF(E486>$I$5,"OUTLIER","")) | I486: =IF(F486="","",IF(F486>$I$5,"OUTLIER","")) | J486: =IF(G486="","",IF(G486>$I$5,"OUTLIER","")) | K486: =IF(C486="","MISSING","") | L486: =IF(AND(C486<>"",C485<>"",C486=C485),"STALE","") | M486: =IF(D486="","",ABS(D486-G$5))
B487: 44515 | C487: 2.17 | D487: =IF(OR(C487="",C486=""),"",(C487-C486)*100) -> 0 | E487: =IF(D487="","",ABS(D487-$E$5)/$F$5) -> 0.02158752 | F487: =IF(D487="","",ABS(D487-$G$5)/$H$5) -> 0 | G487: =IF(D487="","",ABS(D487-$E$5)/SQRT(0.9*(IF(G486="",($F$5)^2,(ABS(D486-$E$5)/MAX(G486,0.0000000001))^2))+0.1*(D487-$E$5)^2)) -> 0.022754655 | H487: =IF(E487="","",IF(E487>$I$5,"OUTLIER","")) | I487: =IF(F487="","",IF(F487>$I$5,"OUTLIER","")) | J487: =IF(G487="","",IF(G487>$I$5,"OUTLIER","")) | K487: =IF(C487="","MISSING","") | L487: =IF(AND(C487<>"",C486<>"",C487=C486),"STALE","") -> STALE | M487: =IF(D487="","",ABS(D487-G$5)) -> 0
B488: 44516 | C488: 2.17 | D488: =IF(OR(C488="",C487=""),"",(C488-C487)*100) -> 0 | E488: =IF(D488="","",ABS(D488-$E$5)/$F$5) -> 0.02158752 | F488: =IF(D488="","",ABS(D488-$G$5)/$H$5) -> 0 | G488: =IF(D488="","",ABS(D488-$E$5)/SQRT(0.9*(IF(G487="",($F$5)^2,(ABS(D487-$E$5)/MAX(G487,0.0000000001))^2))+0.1*(D488-$E$5)^2)) -> 0.023984823 | H488: =IF(E488="","",IF(E488>$I$5,"OUTLIER","")) | I488: =IF(F488="","",IF(F488>$I$5,"OUTLIER","")) | J488: =IF(G488="","",IF(G488>$I$5,"OUTLIER","")) | K488: =IF(C488="","MISSING","") | L488: =IF(AND(C488<>"",C487<>"",C488=C487),"STALE","") -> STALE | M488: =IF(D488="","",ABS(D488-G$5)) -> 0
B489: 44517 | C489: 2.2 | D489: =IF(OR(C489="",C488=""),"",(C489-C488)*100) -> 3 | E489: =IF(D489="","",ABS(D489-$E$5)/$F$5) -> 0.26104909 | F489: =IF(D489="","",ABS(D489-$G$5)/$H$5) -> 1.01175 | G489: =IF(D489="","",ABS(D489-$E$5)/SQRT(0.9*(IF(G488="",($F$5)^2,(ABS(D488-$E$5)/MAX(G488,0.0000000001))^2))+0.1*(D489-$E$5)^2)) -> 0.30430875 | H489: =IF(E489="","",IF(E489>$I$5,"OUTLIER","")) | I489: =IF(F489="","",IF(F489>$I$5,"OUTLIER","")) | J489: =IF(G489="","",IF(G489>$I$5,"OUTLIER","")) | K489: =IF(C489="","MISSING","") | L489: =IF(AND(C489<>"",C488<>"",C489=C488),"STALE","") | M489: =IF(D489="","",ABS(D489-G$5)) -> 3
B490: 44518 | C490: 2.22 | D490: =IF(OR(C490="",C489=""),"",(C490-C489)*100) -> 2 | E490: =IF(D490="","",ABS(D490-$E$5)/$F$5) -> 0.16683688 | F490: =IF(D490="","",ABS(D490-$G$5)/$H$5) -> 0.6745 | G490: =IF(D490="","",ABS(D490-$E$5)/SQRT(0.9*(IF(G489="",($F$5)^2,(ABS(D489-$E$5)/MAX(G489,0.0000000001))^2))+0.1*(D490-$E$5)^2)) -> 0.20457492 | H490: =IF(E490="","",IF(E490>$I$5,"OUTLIER","")) | I490: =IF(F490="","",IF(F490>$I$5,"OUTLIER","")) | J490: =IF(G490="","",IF(G490>$I$5,"OUTLIER","")) | K490: =IF(C490="","MISSING","") | L490: =IF(AND(C490<>"",C489<>"",C490=C489),"STALE","") | M490: =IF(D490="","",ABS(D490-G$5)) -> 2
B491: 44519 | C491: 2.22 | D491: =IF(OR(C491="",C490=""),"",(C491-C490)*100) -> 0 | E491: =IF(D491="","",ABS(D491-$E$5)/$F$5) -> 0.02158752 | F491: =IF(D491="","",ABS(D491-$G$5)/$H$5) -> 0 | G491: =IF(D491="","",ABS(D491-$E$5)/SQRT(0.9*(IF(G490="",($F$5)^2,(ABS(D490-$E$5)/MAX(G490,0.0000000001))^2))+0.1*(D491-$E$5)^2)) -> 0.027901331 | H491: =IF(E491="","",IF(E491>$I$5,"OUTLIER","")) | I491: =IF(F491="","",IF(F491>$I$5,"OUTLIER","")) | J491: =IF(G491="","",IF(G491>$I$5,"OUTLIER","")) | K491: =IF(C491="","MISSING","") | L491: =IF(AND(C491<>"",C490<>"",C491=C490),"STALE","") -> STALE | M491: =IF(D491="","",ABS(D491-G$5)) -> 0
B492: 44522 | C492: 2.27 | D492: =IF(OR(C492="",C491=""),"",(C492-C491)*100) -> 5 | E492: =IF(D492="","",ABS(D492-$E$5)/$F$5) -> 0.44947349 | F492: =IF(D492="","",ABS(D492-$G$5)/$H$5) -> 1.68625 | G492: =IF(D492="","",ABS(D492-$E$5)/SQRT(0.9*(IF(G491="",($F$5)^2,(ABS(D491-$E$5)/MAX(G491,0.0000000001))^2))+0.1*(D492-$E$5)^2)) -> 0.60118941 | H492: =IF(E492="","",IF(E492>$I$5,"OUTLIER","")) | I492: =IF(F492="","",IF(F492>$I$5,"OUTLIER","")) | J492: =IF(G492="","",IF(G492>$I$5,"OUTLIER","")) | K492: =IF(C492="","MISSING","") | L492: =IF(AND(C492<>"",C491<>"",C492=C491),"STALE","") | M492: =IF(D492="","",ABS(D492-G$5)) -> 5
B493: 44523 | C493: 2.3 | D493: =IF(OR(C493="",C492=""),"",(C493-C492)*100) -> 3 | E493: =IF(D493="","",ABS(D493-$E$5)/$F$5) -> 0.26104909 | F493: =IF(D493="","",ABS(D493-$G$5)/$H$5) -> 1.01175 | G493: =IF(D493="","",ABS(D493-$E$5)/SQRT(0.9*(IF(G492="",($F$5)^2,(ABS(D492-$E$5)/MAX(G492,0.0000000001))^2))+0.1*(D493-$E$5)^2)) -> 0.36558334 | H493: =IF(E493="","",IF(E493>$I$5,"OUTLIER","")) | I493: =IF(F493="","",IF(F493>$I$5,"OUTLIER","")) | J493: =IF(G493="","",IF(G493>$I$5,"OUTLIER","")) | K493: =IF(C493="","MISSING","") | L493: =IF(AND(C493<>"",C492<>"",C493=C492),"STALE","") | M493: =IF(D493="","",ABS(D493-G$5)) -> 3
B494: 44524 | C494: 2.27 | D494: =IF(OR(C494="",C493=""),"",(C494-C493)*100) -> -3 | E494: =IF(D494="","",ABS(D494-$E$5)/$F$5) -> 0.30422413 | F494: =IF(D494="","",ABS(D494-$G$5)/$H$5) -> 1.01175 | G494: =IF(D494="","",ABS(D494-$E$5)/SQRT(0.9*(IF(G493="",($F$5)^2,(ABS(D493-$E$5)/MAX(G493,0.0000000001))^2))+0.1*(D494-$E$5)^2)) -> 0.44463195 | H494: =IF(E494="","",IF(E494>$I$5,"OUTLIER","")) | I494: =IF(F494="","",IF(F494>$I$5,"OUTLIER","")) | J494: =IF(G494="","",IF(G494>$I$5,"OUTLIER","")) | K494: =IF(C494="","MISSING","") | L494: =IF(AND(C494<>"",C493<>"",C494=C493),"STALE","") | M494: =IF(D494="","",ABS(D494-G$5)) -> 3
B495: 44526 | C495: 2.34 | D495: =IF(OR(C495="",C494=""),"",(C495-C494)*100) -> 7 | E495: =IF(D495="","",ABS(D495-$E$5)/$F$5) -> 0.6378979 | F495: =IF(D495="","",ABS(D495-$G$5)/$H$5) -> 2.36075 | G495: =IF(D495="","",ABS(D495-$E$5)/SQRT(0.9*(IF(G494="",($F$5)^2,(ABS(D494-$E$5)/MAX(G494,0.0000000001))^2))+0.1*(D495-$E$5)^2)) -> 0.93846343 | H495: =IF(E495="","",IF(E495>$I$5,"OUTLIER","")) | I495: =IF(F495="","",IF(F495>$I$5,"OUTLIER","")) | J495: =IF(G495="","",IF(G495>$I$5,"OUTLIER","")) | K495: =IF(C495="","MISSING","") | L495: =IF(AND(C495<>"",C494<>"",C495=C494),"STALE","") | M495: =IF(D495="","",ABS(D495-G$5)) -> 7
B496: 44529 | C496: 2.29 | D496: =IF(OR(C496="",C495=""),"",(C496-C495)*100) -> -5 | E496: =IF(D496="","",ABS(D496-$E$5)/$F$5) -> 0.49264853 | F496: =IF(D496="","",ABS(D496-$G$5)/$H$5) -> 1.68625 | G496: =IF(D496="","",ABS(D496-$E$5)/SQRT(0.9*(IF(G495="",($F$5)^2,(ABS(D495-$E$5)/MAX(G495,0.0000000001))^2))+0.1*(D496-$E$5)^2)) -> 0.74261559 | H496: =IF(E496="","",IF(E496>$I$5,"OUTLIER","")) | I496: =IF(F496="","",IF(F496>$I$5,"OUTLIER","")) | J496: =IF(G496="","",IF(G496>$I$5,"OUTLIER","")) | K496: =IF(C496="","MISSING","") | L496: =IF(AND(C496<>"",C495<>"",C496=C495),"STALE","") | M496: =IF(D496="","",ABS(D496-G$5)) -> 5
B497: 44530 | C497: 2.35 | D497: =IF(OR(C497="",C496=""),"",(C497-C496)*100) -> 6 | E497: =IF(D497="","",ABS(D497-$E$5)/$F$5) -> 0.54368569 | F497: =IF(D497="","",ABS(D497-$G$5)/$H$5) -> 2.0235 | G497: =IF(D497="","",ABS(D497-$E$5)/SQRT(0.9*(IF(G496="",($F$5)^2,(ABS(D496-$E$5)/MAX(G496,0.0000000001))^2))+0.1*(D497-$E$5)^2)) -> 0.83334391 | H497: =IF(E497="","",IF(E497>$I$5,"OUTLIER","")) | I497: =IF(F497="","",IF(F497>$I$5,"OUTLIER","")) | J497: =IF(G497="","",IF(G497>$I$5,"OUTLIER","")) | K497: =IF(C497="","MISSING","") | L497: =IF(AND(C497<>"",C496<>"",C497=C496),"STALE","") | M497: =IF(D497="","",ABS(D497-G$5)) -> 6
... B514: 44553 | C514: 2.33 | D514: =IF(OR(C514="",C513=""),"",(C514-C513)*100) -> -2 | E514: =IF(D514="","",ABS(D514-$E$5)/$F$5) -> 0.21001192 | F514: =IF(D514="","",ABS(D514-$G$5)/$H$5) -> 0.6745 | G514: =IF(D514="","",ABS(D514-$E$5)/SQRT(0.9*(IF(G513="",($F$5)^2,(ABS(D513-$E$5)/MAX(G513,0.0000000001))^2))+0.1*(D514-$E$5)^2)) -> 0.48629532 | H514: =IF(E514="","",IF(E514>$I$5,"OUTLIER","")) | I514: =IF(F514="","",IF(F514>$I$5,"OUTLIER","")) | J514: =IF(G514="","",IF(G514>$I$5,"OUTLIER","")) | K514: =IF(C514="","MISSING","") | L514: =IF(AND(C514<>"",C513<>"",C514=C513),"STALE","") | M514: =IF(D514="","",ABS(D514-G$5)) -> 2
B515: 44554 | D515: =IF(OR(C515="",C514=""),"",(C515-C514)*100) | E515: =IF(D515="","",ABS(D515-$E$5)/$F$5) | F515: =IF(D515="","",ABS(D515-$G$5)/$H$5) | G515: =IF(D515="","",ABS(D515-$E$5)/SQRT(0.9*(IF(G514="",($F$5)^2,(ABS(D514-$E$5)/MAX(G514,0.0000000001))^2))+0.1*(D515-$E$5)^2)) | H515: =IF(E515="","",IF(E515>$I$5,"OUTLIER","")) | I515: =IF(F515="","",IF(F515>$I$5,"OUTLIER","")) | J515: =IF(G515="","",IF(G515>$I$5,"OUTLIER","")) | K515: =IF(C515="","MISSING","") -> MISSING | L515: =IF(AND(C515<>"",C514<>"",C515=C514),"STALE","") | M515: =IF(D515="","",ABS(D515-G$5))
B516: 44557 | C516: 2.32 | D516: =IF(OR(C516="",C515=""),"",(C516-C515)*100) | E516: =IF(D516="","",ABS(D516-$E$5)/$F$5) | F516: =IF(D516="","",ABS(D516-$G$5)/$H$5) | G516: =IF(D516="","",ABS(D516-$E$5)/SQRT(0.9*(IF(G515="",($F$5)^2,(ABS(D515-$E$5)/MAX(G515,0.0000000001))^2))+0.1*(D516-$E$5)^2)) | H516: =IF(E516="","",IF(E516>$I$5,"OUTLIER","")) | I516: =IF(F516="","",IF(F516>$I$5,"OUTLIER","")) | J516: =IF(G516="","",IF(G516>$I$5,"OUTLIER","")) | K516: =IF(C516="","MISSING","") | L516: =IF(AND(C516<>"",C515<>"",C516=C515),"STALE","") | M516: =IF(D516="","",ABS(D516-G$5))
B517: 44558 | C517: 2.31 | D517: =IF(OR(C517="",C516=""),"",(C517-C516)*100) -> -1 | E517: =IF(D517="","",ABS(D517-$E$5)/$F$5) -> 0.11579972 | F517: =IF(D517="","",ABS(D517-$G$5)/$H$5) -> 0.33725 | G517: =IF(D517="","",ABS(D517-$E$5)/SQRT(0.9*(IF(G516="",($F$5)^2,(ABS(D516-$E$5)/MAX(G516,0.0000000001))^2))+0.1*(D517-$E$5)^2)) -> 0.12197279 | H517: =IF(E517="","",IF(E517>$I$5,"OUTLIER","")) | I517: =IF(F517="","",IF(F517>$I$5,"OUTLIER","")) | J517: =IF(G517="","",IF(G517>$I$5,"OUTLIER","")) | K517: =IF(C517="","MISSING","") | L517: =IF(AND(C517<>"",C516<>"",C517=C516),"STALE","") | M517: =IF(D517="","",ABS(D517-G$5)) -> 1
...

Sheet RF2 SP500
B1: RF2: S&P 500 (Equity Index)
B2: Return Type: Log Returns | Z-Score Threshold: 3.0 | EWMA Parameters: N=30, λ=0.9
B4: GLOBAL STATISTICS (Full Series) | E4: Mean Return | F4: Std Dev (σ) | G4: Median Return | H4: Scaled MAD (σ̂) | I4: Cutoff (c) | M4: MAD Helper (|r - median|)
E5: =AVERAGE(D9:D267,D270:D526,D529:D787) -> 0.00077454385 | F5: =STDEV(D9:D267,D270:D526,D529:D787) -> 0.016711235 | G5: =MEDIAN(D9:D267,D270:D526,D529:D787) -> 0 | H5: =_xlfn.AGGREGATE(16,6,M9:M787,0.5)/0.6745 -> 0.0095020868 | I5: 3
B7: ="YEAR 2020 | Observations: "&COUNTA(C9:C267)&" | Missing: "&COUNTIF(K9:K267,"MISSING")&" | Stale: "&COUNTIF(L9:L267,"STALE")&" | Z>3 Outliers: "&COUNTIF(H9:H267,"OUTLIER")&" | Robust Z>3: "&COUNTIF(I9:I267,"OUTLIER") -> YEAR 2020 | Observations: 254 | Missing: 4 | Stale: 0 | Z>3 Outliers: 11 | Robust Z>3: 31
B8: Date | C8: Level | D8: Return | E8: Z-Score | F8: Robust Z | G8: EWMA Z | H8: Z>3 Flag | I8: RobZ>3 | J8: EWMA>3 | K8: Missing? | L8: Stale? | M8: |r - median|
B9: 43831 | E9: =IF(D9="","",ABS(D9-$E$5)/$F$5) | F9: =IF(D9="","",ABS(D9-$G$5)/$H$5) | G9: =IF(D9="","",ABS(D9-$E$5)/$F$5) | H9: =IF(E9="","",IF(E9>$I$5,"OUTLIER","")) | I9: =IF(F9="","",IF(F9>$I$5,"OUTLIER","")) | J9: =IF(G9="","",IF(G9>$I$5,"OUTLIER","")) | K9: =IF(C9="","MISSING","") -> MISSING | M9: =IF(D9="","",ABS(D9-G$5))
B10: 43832 | C10: 3257.85 | D10: =IF(OR(C10="",C9=""),"",LN(C10/C9)) | E10: =IF(D10="","",ABS(D10-$E$5)/$F$5) | F10: =IF(D10="","",ABS(D10-$G$5)/$H$5) | G10: =IF(D10="","",ABS(D10-$E$5)/SQRT(0.9*(IF(G9="",($F$5)^2,(ABS(D9-$E$5)/MAX(G9,0.0000000001))^2))+0.1*(D10-$E$5)^2)) | H10: =IF(E10="","",IF(E10>$I$5,"OUTLIER","")) | I10: =IF(F10="","",IF(F10>$I$5,"OUTLIER","")) | J10: =IF(G10="","",IF(G10>$I$5,"OUTLIER","")) | K10: =IF(C10="","MISSING","") | M10: =IF(D10="","",ABS(D10-G$5))
B11: 43833 | C11: 3234.85 | D11: =IF(OR(C11="",C10=""),"",LN(C11/C10)) -> -0.0070849096 | E11: =IF(D11="","",ABS(D11-$E$5)/$F$5) -> 0.47030956 | F11: =IF(D11="","",ABS(D11-$G$5)/$H$5) -> 0.74561617 | G11: =IF(D11="","",ABS(D11-$E$5)/SQRT(0.9*(IF(G10="",($F$5)^2,(ABS(D10-$E$5)/MAX(G10,0.0000000001))^2))+0.1*(D11-$E$5)^2)) -> 0.48976788 | H11: =IF(E11="","",IF(E11>$I$5,"OUTLIER","")) | I11: =IF(F11="","",IF(F11>$I$5,"OUTLIER","")) | J11: =IF(G11="","",IF(G11>$I$5,"OUTLIER","")) | K11: =IF(C11="","MISSING","") | M11: =IF(D11="","",ABS(D11-G$5)) -> 0.0070849096
B12: 43836 | C12: 3246.28 | D12: =IF(OR(C12="",C11=""),"",LN(C12/C11)) -> 0.0035271664 | E12: =IF(D12="","",ABS(D12-$E$5)/$F$5) -> 0.16471689 | F12: =IF(D12="","",ABS(D12-$G$5)/$H$5) -> 0.37119913 | G12: =IF(D12="","",ABS(D12-$E$5)/SQRT(0.9*(IF(G11="",($F$5)^2,(ABS(D11-$E$5)/MAX(G11,0.0000000001))^2))+0.1*(D12-$E$5)^2)) -> 0.18051554 | H12: =IF(E12="","",IF(E12>$I$5,"OUTLIER","")) | I12: =IF(F12="","",IF(F12>$I$5,"OUTLIER","")) | J12: =IF(G12="","",IF(G12>$I$5,"OUTLIER","")) | K12: =IF(C12="","MISSING","") | M12: =IF(D12="","",ABS(D12-G$5)) -> 0.0035271664
B13: 43837 | C13: 3237.18 | D13: =IF(OR(C13="",C12=""),"",LN(C13/C12)) -> -0.0028071449 | E13: =IF(D13="","",ABS(D13-$E$5)/$F$5) -> 0.2143282 | F13: =IF(D13="","",ABS(D13-$G$5)/$H$5) -> 0.29542405 | G13: =IF(D13="","",ABS(D13-$E$5)/SQRT(0.9*(IF(G12="",($F$5)^2,(ABS(D12-$E$5)/MAX(G12,0.0000000001))^2))+0.1*(D13-$E$5)^2)) -> 0.24683541 | H13: =IF(E13="","",IF(E13>$I$5,"OUTLIER","")) | I13: =IF(F13="","",IF(F13>$I$5,"OUTLIER","")) | J13: =IF(G13="","",IF(G13>$I$5,"OUTLIER","")) | K13: =IF(C13="","MISSING","") | M13: =IF(D13="","",ABS(D13-G$5)) -> 0.0028071449
B14: 43838 | C14: 3253.05 | D14: =IF(OR(C14="",C13=""),"",LN(C14/C13)) -> 0.0048904374 | E14: =IF(D14="","",ABS(D14-$E$5)/$F$5) -> 0.246295 | F14: =IF(D14="","",ABS(D14-$G$5)/$H$5) -> 0.51466983 | G14: =IF(D14="","",ABS(D14-$E$5)/SQRT(0.9*(IF(G13="",($F$5)^2,(ABS(D13-$E$5)/MAX(G13,0.0000000001))^2))+0.1*(D14-$E$5)^2)) -> 0.29766644 | H14: =IF(E14="","",IF(E14>$I$5,"OUTLIER","")) | I14: =IF(F14="","",IF(F14>$I$5,"OUTLIER","")) | J14: =IF(G14="","",IF(G14>$I$5,"OUTLIER","")) | K14: =IF(C14="","MISSING","") | M14: =IF(D14="","",ABS(D14-G$5)) -> 0.0048904374
B15: 43839 | C15: 3274.7 | D15: =IF(OR(C15="",C14=""),"",LN(C15/C14)) -> 0.006633244 | E15: =IF(D15="","",ABS(D15-$E$5)/$F$5) -> 0.35058452 | F15: =IF(D15="","",ABS(D15-$G$5)/$H$5) -> 0.69808287 | G15: =IF(D15="","",ABS(D15-$E$5)/SQRT(0.9*(IF(G14="",($F$5)^2,(ABS(D14-$E$5)/MAX(G14,0.0000000001))^2))+0.1*(D15-$E$5)^2)) -> 0.44223879 | H15: =IF(E15="","",IF(E15>$I$5,"OUTLIER","")) | I15: =IF(F15="","",IF(F15>$I$5,"OUTLIER","")) | J15: =IF(G15="","",IF(G15>$I$5,"OUTLIER","")) | K15: =IF(C15="","MISSING","") | M15: =IF(D15="","",ABS(D15-G$5)) -> 0.006633244
B16: 43840 | C16: 3265.35 | D16: =IF(OR(C16="",C15=""),"",LN(C16/C15)) -> -0.0028593073 | E16: =IF(D16="","",ABS(D16-$E$5)/$F$5) -> 0.21744959 | F16: =IF(D16="","",ABS(D16-$G$5)/$H$5) -> 0.30091362 | G16: =IF(D16="","",ABS(D16-$E$5)/SQRT(0.9*(IF(G15="",($F$5)^2,(ABS(D15-$E$5)/MAX(G15,0.0000000001))^2))+0.1*(D16-$E$5)^2)) -> 0.28793446 | H16: =IF(E16="","",IF(E16>$I$5,"OUTLIER","")) | I16: =IF(F16="","",IF(F16>$I$5,"OUTLIER","")) | J16: =IF(G16="","",IF(G16>$I$5,"OUTLIER","")) | K16: =IF(C16="","MISSING","") | M16: =IF(D16="","",ABS(D16-G$5)) -> 0.0028593073
B17: 43843 | C17: 3288.13 | D17: =IF(OR(C17="",C16=""),"",LN(C17/C16)) -> 0.0069520596 | E17: =IF(D17="","",ABS(D17-$E$5)/$F$5) -> 0.36966244 | F17: =IF(D17="","",ABS(D17-$G$5)/$H$5) -> 0.73163504 | G17: =IF(D17="","",ABS(D17-$E$5)/SQRT(0.9*(IF(G16="",($F$5)^2,(ABS(D16-$E$5)/MAX(G16,0.0000000001))^2))+0.1*(D17-$E$5)^2)) -> 0.50922987 | H17: =IF(E17="","",IF(E17>$I$5,"OUTLIER","")) | I17: =IF(F17="","",IF(F17>$I$5,"OUTLIER","")) | J17: =IF(G17="","",IF(G17>$I$5,"OUTLIER","")) | K17: =IF(C17="","MISSING","") | M17: =IF(D17="","",ABS(D17-G$5)) -> 0.0069520596
B18: 43844 | C18: 3283.15 | D18: =IF(OR(C18="",C17=""),"",LN(C18/C17)) -> -0.0015156867 | E18: =IF(D18="","",ABS(D18-$E$5)/$F$5) -> 0.13704736 | F18: =IF(D18="","",ABS(D18-$G$5)/$H$5) -> 0.15951093 | G18: =IF(D18="","",ABS(D18-$E$5)/SQRT(0.9*(IF(G17="",($F$5)^2,(ABS(D17-$E$5)/MAX(G17,0.0000000001))^2))+0.1*(D18-$E$5)^2)) -> 0.19860936 | H18: =IF(E18="","",IF(E18>$I$5,"OUTLIER","")) | I18: =IF(F18="","",IF(F18>$I$5,"OUTLIER","")) | J18: =IF(G18="","",IF(G18>$I$5,"OUTLIER","")) | K18: =IF(C18="","MISSING","") | M18: =IF(D18="","",ABS(D18-G$5)) -> 0.0015156867
B19: 43845 | C19: 3289.29 | D19: =IF(OR(C19="",C18=""),"",LN(C19/C18)) -> 0.0018684086 | E19: =IF(D19="","",ABS(D19-$E$5)/$F$5) -> 0.06545685 | F19: =IF(D19="","",ABS(D19-$G$5)/$H$5) -> 0.1966314 | G19: =IF(D19="","",ABS(D19-$E$5)/SQRT(0.9*(IF(G18="",($F$5)^2,(ABS(D18-$E$5)/MAX(G18,0.0000000001))^2))+0.1*(D19-$E$5)^2)) -> 0.099941505 | H19: =IF(E19="","",IF(E19>$I$5,"OUTLIER","")) | I19: =IF(F19="","",IF(F19>$I$5,"OUTLIER","")) | J19: =IF(G19="","",IF(G19>$I$5,"OUTLIER","")) | K19: =IF(C19="","MISSING","") | M19: =IF(D19="","",ABS(D19-G$5)) -> 0.0018684086
B20: 43846 | C20: 3316.81 | D20: =IF(OR(C20="",C19=""),"",LN(C20/C19)) -> 0.0083317416 | E20: =IF(D20="","",ABS(D20-$E$5)/$F$5) -> 0.45222259 | F20: =IF(D20="","",ABS(D20-$G$5)/$H$5) -> 0.87683283 | G20: =IF(D20="","",ABS(D20-$E$5)/SQRT(0.9*(IF(G19="",($F$5)^2,(ABS(D19-$E$5)/MAX(G19,0.0000000001))^2))+0.1*(D20-$E$5)^2)) -> 0.70927302 | H20: =IF(E20="","",IF(E20>$I$5,"OUTLIER","")) | I20: =IF(F20="","",IF(F20>$I$5,"OUTLIER","")) | J20: =IF(G20="","",IF(G20>$I$5,"OUTLIER","")) | K20: =IF(C20="","MISSING","") | M20: =IF(D20="","",ABS(D20-G$5)) -> 0.0083317416
B21: 43847 | C21: 3329.62 | D21: =IF(OR(C21="",C20=""),"",LN(C21/C20)) -> 0.0038547057 | E21: =IF(D21="","",ABS(D21-$E$5)/$F$5) -> 0.18431683 | F21: =IF(D21="","",ABS(D21-$G$5)/$H$5) -> 0.40566939 | G21: =IF(D21="","",ABS(D21-$E$5)/SQRT(0.9*(IF(G20="",($F$5)^2,(ABS(D20-$E$5)/MAX(G20,0.0000000001))^2))+0.1*(D21-$E$5)^2)) -> 0.3033178 | H21: =IF(E21="","",IF(E21>$I$5,"OUTLIER","")) | I21: =IF(F21="","",IF(F21>$I$5,"OUTLIER","")) | J21: =IF(G21="","",IF(G21>$I$5,"OUTLIER","")) | K21: =IF(C21="","MISSING","") | M21: =IF(D21="","",ABS(D21-G$5)) -> 0.0038547057
B22: 43850 | D22: =IF(OR(C22="",C21=""),"",LN(C22/C21)) | E22: =IF(D22="","",ABS(D22-$E$5)/$F$5) | F22: =IF(D22="","",ABS(D22-$G$5)/$H$5) | G22: =IF(D22="","",ABS(D22-$E$5)/SQRT(0.9*(IF(G21="",($F$5)^2,(ABS(D21-$E$5)/MAX(G21,0.0000000001))^2))+0.1*(D22-$E$5)^2)) | H22: =IF(E22="","",IF(E22>$I$5,"OUTLIER","")) | I22: =IF(F22="","",IF(F22>$I$5,"OUTLIER","")) | J22: =IF(G22="","",IF(G22>$I$5,"OUTLIER","")) | K22: =IF(C22="","MISSING","") -> MISSING | M22: =IF(D22="","",ABS(D22-G$5))
B23: 43851 | C23: 3320.79 | D23: =IF(OR(C23="",C22=""),"",LN(C23/C22)) | E23: =IF(D23="","",ABS(D23-$E$5)/$F$5) | F23: =IF(D23="","",ABS(D23-$G$5)/$H$5) | G23: =IF(D23="","",ABS(D23-$E$5)/SQRT(0.9*(IF(G22="",($F$5)^2,(ABS(D22-$E$5)/MAX(G22,0.0000000001))^2))+0.1*(D23-$E$5)^2)) | H23: =IF(E23="","",IF(E23>$I$5,"OUTLIER","")) | I23: =IF(F23="","",IF(F23>$I$5,"OUTLIER","")) | J23: =IF(G23="","",IF(G23>$I$5,"OUTLIER","")) | K23: =IF(C23="","MISSING","") | M23: =IF(D23="","",ABS(D23-G$5))
B24: 43852 | C24: 3321.75 | D24: =IF(OR(C24="",C23=""),"",LN(C24/C23)) -> 0.00028904606 | E24: =IF(D24="","",ABS(D24-$E$5)/$F$5) -> 0.02905218 | F24: =IF(D24="","",ABS(D24-$G$5)/$H$5) -> 0.030419219 | G24: =IF(D24="","",ABS(D24-$E$5)/SQRT(0.9*(IF(G23="",($F$5)^2,(ABS(D23-$E$5)/MAX(G23,0.0000000001))^2))+0.1*(D24-$E$5)^2)) -> 0.030622251 | H24: =IF(E24="","",IF(E24>$I$5,"OUTLIER","")) | I24: =IF(F24="","",IF(F24>$I$5,"OUTLIER","")) | J24: =IF(G24="","",IF(G24>$I$5,"OUTLIER","")) | K24: =IF(C24="","MISSING","") | M24: =IF(D24="","",ABS(D24-G$5)) -> 0.00028904606
B25: 43853 | C25: 3325.54 | D25: =IF(OR(C25="",C24=""),"",LN(C25/C24)) -> 0.0011403144 | E25: =IF(D25="","",ABS(D25-$E$5)/$F$5) -> 0.021887706 | F25: =IF(D25="","",ABS(D25-$G$5)/$H$5) -> 0.12000674 | G25: =IF(D25="","",ABS(D25-$E$5)/SQRT(0.9*(IF(G24="",($F$5)^2,(ABS(D24-$E$5)/MAX(G24,0.0000000001))^2))+0.1*(D25-$E$5)^2)) -> 0.024317814 | H25: =IF(E25="","",IF(E25>$I$5,"OUTLIER","")) | I25: =IF(F25="","",IF(F25>$I$5,"OUTLIER","")) | J25: =IF(G25="","",IF(G25>$I$5,"OUTLIER","")) | K25: =IF(C25="","MISSING","") | M25: =IF(D25="","",ABS(D25-G$5)) -> 0.0011403144
B26: 43854 | C26: 3295.47 | D26: =IF(OR(C26="",C25=""),"",LN(C26/C25)) -> -0.0090832688 | E26: =IF(D26="","",ABS(D26-$E$5)/$F$5) -> 0.58989134 | F26: =IF(D26="","",ABS(D26-$G$5)/$H$5) -> 0.95592358 | G26: =IF(D26="","",ABS(D26-$E$5)/SQRT(0.9*(IF(G25="",($F$5)^2,(ABS(D25-$E$5)/MAX(G25,0.0000000001))^2))+0.1*(D26-$E$5)^2)) -> 0.67491846 | H26: =IF(E26="","",IF(E26>$I$5,"OUTLIER","")) | I26: =IF(F26="","",IF(F26>$I$5,"OUTLIER","")) | J26: =IF(G26="","",IF(G26>$I$5,"OUTLIER","")) | K26: =IF(C26="","MISSING","") | M26: =IF(D26="","",ABS(D26-G$5)) -> 0.0090832688
B27: 43857 | C27: 3243.63 | D27: =IF(OR(C27="",C26=""),"",LN(C27/C26)) -> -0.015855725 | E27: =IF(D27="","",ABS(D27-$E$5)/$F$5) -> 0.99515502 | F27: =IF(D27="","",ABS(D27-$G$5)/$H$5) -> 1.6686572 | G27: =IF(D27="","",ABS(D27-$E$5)/SQRT(0.9*(IF(G26="",($F$5)^2,(ABS(D26-$E$5)/MAX(G26,0.0000000001))^2))+0.1*(D27-$E$5)^2)) -> 1.1220889 | H27: =IF(E27="","",IF(E27>$I$5,"OUTLIER","")) | I27: =IF(F27="","",IF(F27>$I$5,"OUTLIER","")) | J27: =IF(G27="","",IF(G27>$I$5,"OUTLIER","")) | K27: =IF(C27="","MISSING","") | M27: =IF(D27="","",ABS(D27-G$5)) -> 0.015855725
B28: 43858 | C28: 3276.24 | D28: =IF(OR(C28="",C27=""),"",LN(C28/C27)) -> 0.01000335 | E28: =IF(D28="","",ABS(D28-$E$5)/$F$5) -> 0.55225163 | F28: =IF(D28="","",ABS(D28-$G$5)/$H$5) -> 1.052753 | G28: =IF(D28="","",ABS(D28-$E$5)/SQRT(0.9*(IF(G27="",($F$5)^2,(ABS(D27-$E$5)/MAX(G27,0.0000000001))^2))+0.1*(D28-$E$5)^2)) -> 0.64267715 | H28: =IF(E28="","",IF(E28>$I$5,"OUTLIER","")) | I28: =IF(F28="","",IF(F28>$I$5,"OUTLIER","")) | J28: =IF(G28="","",IF(G28>$I$5,"OUTLIER","")) | K28: =IF(C28="","MISSING","") | M28: =IF(D28="","",ABS(D28-G$5)) -> 0.01000335
B29: 43859 | C29: 3310.11 | D29: =IF(OR(C29="",C28=""),"",LN(C29/C28)) -> 0.010284998 | E29: =IF(D29="","",ABS(D29-$E$5)/$F$5) -> 0.56910542 | F29: =IF(D29="","",ABS(D29-$G$5)/$H$5) -> 1.0823936 | G29: =IF(D29="","",ABS(D29-$E$5)/SQRT(0.9*(IF(G28="",($F$5)^2,(ABS(D28-$E$5)/MAX(G28,0.0000000001))^2))+0.1*(D29-$E$5)^2)) -> 0.68170131 | H29: =IF(E29="","",IF(E29>$I$5,"OUTLIER","")) | I29: =IF(F29="","",IF(F29>$I$5,"OUTLIER","")) | J29: =IF(G29="","",IF(G29>$I$5,"OUTLIER","")) | K29: =IF(C29="","MISSING","") | M29: =IF(D29="","",ABS(D29-G$5)) -> 0.010284998
B30: 43860 | C30: 3283.66 | D30: =IF(OR(C30="",C29=""),"",LN(C30/C29)) -> -0.0080227675 | E30: =IF(D30="","",ABS(D30-$E$5)/$F$5) -> 0.52643097 | F30: =IF(D30="","",ABS(D30-$G$5)/$H$5) -> 0.84431638 | G30: =IF(D30="","",ABS(D30-$E$5)/SQRT(0.9*(IF(G29="",($F$5)^2,(ABS(D29-$E$5)/MAX(G29,0.0000000001))^2))+0.1*(D30-$E$5)^2)) -> 0.65047936 | H30: =IF(E30="","",IF(E30>$I$5,"OUTLIER","")) | I30: =IF(F30="","",IF(F30>$I$5,"OUTLIER","")) | J30: =IF(G30="","",IF(G30>$I$5,"OUTLIER","")) | K30: =IF(C30="","MISSING","") | M30: =IF(D30="","",ABS(D30-G$5)) -> 0.0080227675
B31: 43861 | C31: 3225.52 | D31: =IF(OR(C31="",C30=""),"",LN(C31/C30)) -> -0.017864476 | E31: =IF(D31="","",ABS(D31-$E$5)/$F$5) -> 1.1153587 | F31: =IF(D31="","",ABS(D31-$G$5)/$H$5) -> 1.8800582 | G31: =IF(D31="","",ABS(D31-$E$5)/SQRT(0.9*(IF(G30="",($F$5)^2,(ABS(D30-$E$5)/MAX(G30,0.0000000001))^2))+0.1*(D31-$E$5)^2)) -> 1.3200963 | H31: =IF(E31="","",IF(E31>$I$5,"OUTLIER","")) | I31: =IF(F31="","",IF(F31>$I$5,"OUTLIER","")) | J31: =IF(G31="","",IF(G31>$I$5,"OUTLIER","")) | K31: =IF(C31="","MISSING","") | M31: =IF(D31="","",ABS(D31-G$5)) -> 0.017864476
B32: 43864 | C32: 3248.92 | D32: =IF(OR(C32="",C31=""),"",LN(C32/C31)) -> 0.0072284559 | E32: =IF(D32="","",ABS(D32-$E$5)/$F$5) -> 0.38620199 | F32: =IF(D32="","",ABS(D32-$G$5)/$H$5) -> 0.76072299 | G32: =IF(D32="","",ABS(D32-$E$5)/SQRT(0.9*(IF(G31="",($F$5)^2,(ABS(D31-$E$5)/MAX(G31,0.0000000001))^2))+0.1*(D32-$E$5)^2)) -> 0.47632226 | H32: =IF(E32="","",IF(E32>$I$5,"OUTLIER","")) | I32: =IF(F32="","",IF(F32>$I$5,"OUTLIER","")) | J32: =IF(G32="","",IF(G32>$I$5,"OUTLIER","")) | K32: =IF(C32="","MISSING","") | M32: =IF(D32="","",ABS(D32-G$5)) -> 0.0072284559
B33: 43865 | C33: 3297.59 | D33: =IF(OR(C33="",C32=""),"",LN(C33/C32)) -> 0.014869265 | E33: =IF(D33="","",ABS(D33-$E$5)/$F$5) -> 0.84342789 | F33: =IF(D33="","",ABS(D33-$G$5)/$H$5) -> 1.5648421 | G33: =IF(D33="","",ABS(D33-$E$5)/SQRT(0.9*(IF(G32="",($F$5)^2,(ABS(D32-$E$5)/MAX(G32,0.0000000001))^2))+0.1*(D33-$E$5)^2)) -> 1.0359976 | H33: =IF(E33="","",IF(E33>$I$5,"OUTLIER","")) | I33: =IF(F33="","",IF(F33>$I$5,"OUTLIER","")) | J33: =IF(G33="","",IF(G33>$I$5,"OUTLIER","")) | K33: =IF(C33="","MISSING","") | M33: =IF(D33="","",ABS(D33-G$5)) -> 0.014869265
B34: 43866 | C34: 3334.69 | D34: =IF(OR(C34="",C33=""),"",LN(C34/C33)) -> 0.011187823 | E34: =IF(D34="","",ABS(D34-$E$5)/$F$5) -> 0.62313044 | F34: =IF(D34="","",ABS(D34-$G$5)/$H$5) -> 1.1774069 | G34: =IF(D34="","",ABS(D34-$E$5)/SQRT(0.9*(IF(G33="",($F$5)^2,(ABS(D33-$E$5)/MAX(G33,0.0000000001))^2))+0.1*(D34-$E$5)^2)) -> 0.7817622 | H34: =IF(E34="","",IF(E34>$I$5,"OUTLIER","")) | I34: =IF(F34="","",IF(F34>$I$5,"OUTLIER","")) | J34: =IF(G34="","",IF(G34>$I$5,"OUTLIER","")) | K34: =IF(C34="","MISSING","") | M34: =IF(D34="","",ABS(D34-G$5)) -> 0.011187823
... B182: 44078 | C182: 3426.96 | D182: =IF(OR(C182="",C181=""),"",LN(C182/C181)) -> -0.0081662524 | E182: =IF(D182="","",ABS(D182-$E$5)/$F$5) -> 0.5350171 | F182: =IF(D182="","",ABS(D182-$G$5)/$H$5) -> 0.85941674 | G182: =IF(D182="","",ABS(D182-$E$5)/SQRT(0.9*(IF(G181="",($F$5)^2,(ABS(D181-$E$5)/MAX(G181,0.0000000001))^2))+0.1*(D182-$E$5)^2)) -> 0.68337123 | H182: =IF(E182="","",IF(E182>$I$5,"OUTLIER","")) | I182: =IF(F182="","",IF(F182>$I$5,"OUTLIER","")) | J182: =IF(G182="","",IF(G182>$I$5,"OUTLIER","")) | K182: =IF(C182="","MISSING","") | M182: =IF(D182="","",ABS(D182-G$5)) -> 0.0081662524
B183: 44081 | D183: =IF(OR(C183="",C182=""),"",LN(C183/C182)) | E183: =IF(D183="","",ABS(D183-$E$5)/$F$5) | F183: =IF(D183="","",ABS(D183-$G$5)/$H$5) | G183: =IF(D183="","",ABS(D183-$E$5)/SQRT(0.9*(IF(G182="",($F$5)^2,(ABS(D182-$E$5)/MAX(G182,0.0000000001))^2))+0.1*(D183-$E$5)^2)) | H183: =IF(E183="","",IF(E183>$I$5,"OUTLIER","")) | I183: =IF(F183="","",IF(F183>$I$5,"OUTLIER","")) | J183: =IF(G183="","",IF(G183>$I$5,"OUTLIER","")) | K183: =IF(C183="","MISSING","") -> MISSING | M183: =IF(D183="","",ABS(D183-G$5))
B184: 44082 | C184: 3331.84 | D184: =IF(OR(C184="",C183=""),"",LN(C184/C183)) | E184: =IF(D184="","",ABS(D184-$E$5)/$F$5) | F184: =IF(D184="","",ABS(D184-$G$5)/$H$5) | G184: =IF(D184="","",ABS(D184-$E$5)/SQRT(0.9*(IF(G183="",($F$5)^2,(ABS(D183-$E$5)/MAX(G183,0.0000000001))^2))+0.1*(D184-$E$5)^2)) | H184: =IF(E184="","",IF(E184>$I$5,"OUTLIER","")) | I184: =IF(F184="","",IF(F184>$I$5,"OUTLIER","")) | J184: =IF(G184="","",IF(G184>$I$5,"OUTLIER","")) | K184: =IF(C184="","MISSING","") | M184: =IF(D184="","",ABS(D184-G$5))
B185: 44083 | C185: 3398.96 | D185: =IF(OR(C185="",C184=""),"",LN(C185/C184)) -> 0.019944799 | E185: =IF(D185="","",ABS(D185-$E$5)/$F$5) -> 1.1471477 | F185: =IF(D185="","",ABS(D185-$G$5)/$H$5) -> 2.0989914 | G185: =IF(D185="","",ABS(D185-$E$5)/SQRT(0.9*(IF(G184="",($F$5)^2,(ABS(D184-$E$5)/MAX(G184,0.0000000001))^2))+0.1*(D185-$E$5)^2)) -> 1.1294442 | H185: =IF(E185="","",IF(E185>$I$5,"OUTLIER","")) | I185: =IF(F185="","",IF(F185>$I$5,"OUTLIER","")) | J185: =IF(G185="","",IF(G185>$I$5,"OUTLIER","")) | K185: =IF(C185="","MISSING","") | M185: =IF(D185="","",ABS(D185-G$5)) -> 0.019944799
B186: 44084 | C186: 3339.19 | D186: =IF(OR(C186="",C185=""),"",LN(C186/C185)) -> -0.01774124 | E186: =IF(D186="","",ABS(D186-$E$5)/$F$5) -> 1.1079842 | F186: =IF(D186="","",ABS(D186-$G$5)/$H$5) -> 1.8670888 | G186: =IF(D186="","",ABS(D186-$E$5)/SQRT(0.9*(IF(G185="",($F$5)^2,(ABS(D185-$E$5)/MAX(G185,0.0000000001))^2))+0.1*(D186-$E$5)^2)) -> 1.0806654 | H186: =IF(E186="","",IF(E186>$I$5,"OUTLIER","")) | I186: =IF(F186="","",IF(F186>$I$5,"OUTLIER","")) | J186: =IF(G186="","",IF(G186>$I$5,"OUTLIER","")) | K186: =IF(C186="","MISSING","") | M186: =IF(D186="","",ABS(D186-G$5)) -> 0.01774124
B187: 44085 | C187: 3340.97 | D187: =IF(OR(C187="",C186=""),"",LN(C187/C186)) -> 0.00053292138 | E187: =IF(D187="","",ABS(D187-$E$5)/$F$5) -> 0.014458685 | F187: =IF(D187="","",ABS(D187-$G$5)/$H$5) -> 0.056084668 | G187: =IF(D187="","",ABS(D187-$E$5)/SQRT(0.9*(IF(G186="",($F$5)^2,(ABS(D186-$E$5)/MAX(G186,0.0000000001))^2))+0.1*(D187-$E$5)^2)) -> 0.014864847 | H187: =IF(E187="","",IF(E187>$I$5,"OUTLIER","")) | I187: =IF(F187="","",IF(F187>$I$5,"OUTLIER","")) | J187: =IF(G187="","",IF(G187>$I$5,"OUTLIER","")) | K187: =IF(C187="","MISSING","") | M187: =IF(D187="","",ABS(D187-G$5)) -> 0.00053292138
B188: 44088 | C188: 3383.54 | D188: =IF(OR(C188="",C187=""),"",LN(C188/C187)) -> 0.012661315 | E188: =IF(D188="","",ABS(D188-$E$5)/$F$5) -> 0.71130417 | F188: =IF(D188="","",ABS(D188-$G$5)/$H$5) -> 1.3324773 | G188: =IF(D188="","",ABS(D188-$E$5)/SQRT(0.9*(IF(G187="",($F$5)^2,(ABS(D187-$E$5)/MAX(G187,0.0000000001))^2))+0.1*(D188-$E$5)^2)) -> 0.74891355 | H188: =IF(E188="","",IF(E188>$I$5,"OUTLIER","")) | I188: =IF(F188="","",IF(F188>$I$5,"OUTLIER","")) | J188: =IF(G188="","",IF(G188>$I$5,"OUTLIER","")) | K188: =IF(C188="","MISSING","") | M188: =IF(D188="","",ABS(D188-G$5)) -> 0.012661315
B189: 44089 | C189: 3401.2 | D189: =IF(OR(C189="",C188=""),"",LN(C189/C188)) -> 0.0052058118 | E189: =IF(D189="","",ABS(D189-$E$5)/$F$5) -> 0.265167 | F189: =IF(D189="","",ABS(D189-$G$5)/$H$5) -> 0.54785985 | G189: =IF(D189="","",ABS(D189-$E$5)/SQRT(0.9*(IF(G188="",($F$5)^2,(ABS(D188-$E$5)/MAX(G188,0.0000000001))^2))+0.1*(D189-$E$5)^2)) -> 0.29302321 | H189: =IF(E189="","",IF(E189>$I$5,"OUTLIER","")) | I189: =IF(F189="","",IF(F189>$I$5,"OUTLIER","")) | J189: =IF(G189="","",IF(G189>$I$5,"OUTLIER","")) | K189: =IF(C189="","MISSING","") | M189: =IF(D189="","",ABS(D189-G$5)) -> 0.0052058118
B190: 44090 | C190: 3385.49 | D190: =IF(OR(C190="",C189=""),"",LN(C190/C189)) -> -0.0046296584 | E190: =IF(D190="","",ABS(D190-$E$5)/$F$5) -> 0.32338737 | F190: =IF(D190="","",ABS(D190-$G$5)/$H$5) -> 0.48722544 | G190: =IF(D190="","",ABS(D190-$E$5)/SQRT(0.9*(IF(G189="",($F$5)^2,(ABS(D189-$E$5)/MAX(G189,0.0000000001))^2))+0.1*(D190-$E$5)^2)) -> 0.3740458 | H190: =IF(E190="","",IF(E190>$I$5,"OUTLIER","")) | I190: =IF(F190="","",IF(F190>$I$5,"OUTLIER","")) | J190: =IF(G190="","",IF(G190>$I$5,"OUTLIER","")) | K190: =IF(C190="","MISSING","") | M190: =IF(D190="","",ABS(D190-G$5)) -> 0.0046296584
B191: 44091 | C191: 3357.01 | D191: =IF(OR(C191="",C190=""),"",LN(C191/C190)) -> -0.0084479553 | E191: =IF(D191="","",ABS(D191-$E$5)/$F$5) -> 0.5518742 | F191: =IF(D191="","",ABS(D191-$G$5)/$H$5) -> 0.88906316 | G191: =IF(D191="","",ABS(D191-$E$5)/SQRT(0.9*(IF(G190="",($F$5)^2,(ABS(D190-$E$5)/MAX(G190,0.0000000001))^2))+0.1*(D191-$E$5)^2)) -> 0.65812086 | H191: =IF(E191="","",IF(E191>$I$5,"OUTLIER","")) | I191: =IF(F191="","",IF(F191>$I$5,"OUTLIER","")) | J191: =IF(G191="","",IF(G191>$I$5,"OUTLIER","")) | K191: =IF(C191="","MISSING","") | M191: =IF(D191="","",ABS(D191-G$5)) -> 0.0084479553
B192: 44092 | C192: 3319.47 | D192: =IF(OR(C192="",C191=""),"",LN(C192/C191)) -> -0.011245565 | E192: =IF(D192="","",ABS(D192-$E$5)/$F$5) -> 0.71928313 | F192: =IF(D192="","",ABS(D192-$G$5)/$H$5) -> 1.1834837 | G192: =IF(D192="","",ABS(D192-$E$5)/SQRT(0.9*(IF(G191="",($F$5)^2,(ABS(D191-$E$5)/MAX(G191,0.0000000001))^2))+0.1*(D192-$E$5)^2)) -> 0.86932208 | H192: =IF(E192="","",IF(E192>$I$5,"OUTLIER","")) | I192: =IF(F192="","",IF(F192>$I$5,"OUTLIER","")) | J192: =IF(G192="","",IF(G192>$I$5,"OUTLIER","")) | K192: =IF(C192="","MISSING","") | M192: =IF(D192="","",ABS(D192-G$5)) -> 0.011245565
B193: 44095 | C193: 3281.06 | D193: =IF(OR(C193="",C192=""),"",LN(C193/C192)) -> -0.011638591 | E193: =IF(D193="","",ABS(D193-$E$5)/$F$5) -> 0.74280177 | F193: =IF(D193="","",ABS(D193-$G$5)/$H$5) -> 1.2248458 | G193: =IF(D193="","",ABS(D193-$E$5)/SQRT(0.9*(IF(G192="",($F$5)^2,(ABS(D192-$E$5)/MAX(G192,0.0000000001))^2))+0.1*(D193-$E$5)^2)) -> 0.90658588 | H193: =IF(E193="","",IF(E193>$I$5,"OUTLIER","")) | I193: =IF(F193="","",IF(F193>$I$5,"OUTLIER","")) | J193: =IF(G193="","",IF(G193>$I$5,"OUTLIER","")) | K193: =IF(C193="","MISSING","") | M193: =IF(D193="","",ABS(D193-G$5)) -> 0.011638591
B194: 44096 | C194: 3315.57 | D194: =IF(OR(C194="",C193=""),"",LN(C194/C193)) -> 0.010463014 | E194: =IF(D194="","",ABS(D194-$E$5)/$F$5) -> 0.57975787 | F194: =IF(D194="","",ABS(D194-$G$5)/$H$5) -> 1.101128 | G194: =IF(D194="","",ABS(D194-$E$5)/SQRT(0.9*(IF(G193="",($F$5)^2,(ABS(D193-$E$5)/MAX(G193,0.0000000001))^2))+0.1*(D194-$E$5)^2)) -> 0.72594747 | H194: =IF(E194="","",IF(E194>$I$5,"OUTLIER","")) | I194: =IF(F194="","",IF(F194>$I$5,"OUTLIER","")) | J194: =IF(G194="","",IF(G194>$I$5,"OUTLIER","")) | K194: =IF(C194="","MISSING","") | M194: =IF(D194="","",ABS(D194-G$5)) -> 0.010463014
B195: 44097 | C195: 3236.92 | D195: =IF(OR(C195="",C194=""),"",LN(C195/C194)) -> -0.024007294 | E195: =IF(D195="","",ABS(D195-$E$5)/$F$5) -> 1.4829448 | F195: =IF(D195="","",ABS(D195-$G$5)/$H$5) -> 2.5265286 | G195: =IF(D195="","",ABS(D195-$E$5)/SQRT(0.9*(IF(G194="",($F$5)^2,(ABS(D194-$E$5)/MAX(G194,0.0000000001))^2))+0.1*(D195-$E$5)^2)) -> 1.6643082 | H195: =IF(E195="","",IF(E195>$I$5,"OUTLIER","")) | I195: =IF(F195="","",IF(F195>$I$5,"OUTLIER","")) | J195: =IF(G195="","",IF(G195>$I$5,"OUTLIER","")) | K195: =IF(C195="","MISSING","") | M195: =IF(D195="","",ABS(D195-G$5)) -> 0.024007294
... B261: 44189 | C261: 3703.06 | D261: =IF(OR(C261="",C260=""),"",LN(C261/C260)) -> 0.0035303368 | E261: =IF(D261="","",ABS(D261-$E$5)/$F$5) -> 0.1649066 | F261: =IF(D261="","",ABS(D261-$G$5)/$H$5) -> 0.37153279 | G261: =IF(D261="","",ABS(D261-$E$5)/SQRT(0.9*(IF(G260="",($F$5)^2,(ABS(D260-$E$5)/MAX(G260,0.0000000001))^2))+0.1*(D261-$E$5)^2)) -> 0.47514481 | H261: =IF(E261="","",IF(E261>$I$5,"OUTLIER","")) | I261: =IF(F261="","",IF(F261>$I$5,"OUTLIER","")) | J261: =IF(G261="","",IF(G261>$I$5,"OUTLIER","")) | K261: =IF(C261="","MISSING","") | M261: =IF(D261="","",ABS(D261-G$5)) -> 0.0035303368
B262: 44190 | E262: =IF(D262="","",ABS(D262-$E$5)/$F$5) | F262: =IF(D262="","",ABS(D262-$G$5)/$H$5) | G262: =IF(D262="","",ABS(D262-$E$5)/SQRT(0.9*(IF(G261="",($F$5)^2,(ABS(D261-$E$5)/MAX(G261,0.0000000001))^2))+0.1*(D262-$E$5)^2)) | H262: =IF(E262="","",IF(E262>$I$5,"OUTLIER","")) | I262: =IF(F262="","",IF(F262>$I$5,"OUTLIER","")) | J262: =IF(G262="","",IF(G262>$I$5,"OUTLIER","")) | K262: =IF(C262="","MISSING","") -> MISSING | M262: =IF(D262="","",ABS(D262-G$5))
B263: 44193 | C263: 3735.36 | F263: =IF(D263="","",ABS(D263-$G$5)/$H$5) | M263: =IF(D263="","",ABS(D263-G$5))
B264: 44194 | C264: 3727.04 | F264: =IF(D264="","",ABS(D264-$G$5)/$H$5) | M264: =IF(D264="","",ABS(D264-G$5))
B265: 44195 | C265: 3732.04 | F265: =IF(D265="","",ABS(D265-$G$5)/$H$5) | M265: =IF(D265="","",ABS(D265-G$5))
B266: 44196 | C266: 3756.07 | F266: =IF(D266="","",ABS(D266-$G$5)/$H$5) | M266: =IF(D266="","",ABS(D266-G$5))
F267: =IF(D267="","",ABS(D267-$G$5)/$H$5) | M267: =IF(D267="","",ABS(D267-G$5))
B268: ="YEAR 2021 | Observations: "&COUNTA(C270:C526)&" | Missing: "&COUNTIF(K270:K526,"MISSING")&" | Stale: "&COUNTIF(L270:L526,"STALE")&" | Z>3 Outliers: "&COUNTIF(H270:H526,"OUTLIER")&" | Robust Z>3: "&COUNTIF(I270:I526,"OUTLIER") -> YEAR 2021 | Observations: 251 | Missing: 3 | Stale: 0 | Z>3 Outliers: 0 | Robust Z>3: 3
B269: Date | C269: Level | D269: Return | E269: Z-Score | F269: Robust Z | G269: EWMA Z | H269: Z>3 Flag | I269: RobZ>3 | J269: EWMA>3 | K269: Missing? | L269: Stale?
B270: 44197 | F270: =IF(D270="","",ABS(D270-$G$5)/$H$5) | M270: =IF(D270="","",ABS(D270-G$5))
B271: 44200 | C271: 3700.65 | F271: =IF(D271="","",ABS(D271-$G$5)/$H$5) | M271: =IF(D271="","",ABS(D271-G$5))
B272: 44201 | C272: 3726.86 | F272: =IF(D272="","",ABS(D272-$G$5)/$H$5) | M272: =IF(D272="","",ABS(D272-G$5))
B273: 44202 | C273: 3748.14 | D273: =IF(OR(C273="",C272=""),"",LN(C273/C272)) -> 0.0056936609 | E273: =IF(D273="","",ABS(D273-$E$5)/$F$5) -> 0.29435988 | F273: =IF(D273="","",ABS(D273-$G$5)/$H$5) -> 0.5992011 | G273: =IF(D273="","",ABS(D273-$E$5)/SQRT(0.9*(IF(G272="",($F$5)^2,(ABS(D272-$E$5)/MAX(G272,0.0000000001))^2))+0.1*(D273-$E$5)^2)) -> 0.30879963 | H273: =IF(E273="","",IF(E273>$I$5,"OUTLIER","")) | I273: =IF(F273="","",IF(F273>$I$5,"OUTLIER","")) | J273: =IF(G273="","",IF(G273>$I$5,"OUTLIER","")) | K273: =IF(C273="","MISSING","") | M273: =IF(D273="","",ABS(D273-G$5)) -> 0.0056936609
B274: 44203 | M274: =IF(D274="","",ABS(D274-G$5))
B275: 44204 | C275: 3824.68 | D275: =IF(OR(C275="",C274=""),"",LN(C275/C274)) | E275: =IF(D275="","",ABS(D275-$E$5)/$F$5) | F275: =IF(D275="","",ABS(D275-$G$5)/$H$5) | G275: =IF(D275="","",ABS(D275-$E$5)/SQRT(0.9*(IF(G274="",($F$5)^2,(ABS(D274-$E$5)/MAX(G274,0.0000000001))^2))+0.1*(D275-$E$5)^2)) | H275: =IF(E275="","",IF(E275>$I$5,"OUTLIER","")) | I275: =IF(F275="","",IF(F275>$I$5,"OUTLIER","")) | J275: =IF(G275="","",IF(G275>$I$5,"OUTLIER","")) | K275: =IF(C275="","MISSING","") | M275: =IF(D275="","",ABS(D275-G$5))
B276: 44207 | C276: 3799.61 | D276: =IF(OR(C276="",C275=""),"",LN(C276/C275)) -> -0.0065763738 | E276: =IF(D276="","",ABS(D276-$E$5)/$F$5) -> 0.43987879 | F276: =IF(D276="","",ABS(D276-$G$5)/$H$5) -> 0.69209784 | G276: =IF(D276="","",ABS(D276-$E$5)/SQRT(0.9*(IF(G275="",($F$5)^2,(ABS(D275-$E$5)/MAX(G275,0.0000000001))^2))+0.1*(D276-$E$5)^2)) -> 0.4587676 | H276: =IF(E276="","",IF(E276>$I$5,"OUTLIER","")) | I276: =IF(F276="","",IF(F276>$I$5,"OUTLIER","")) | J276: =IF(G276="","",IF(G276>$I$5,"OUTLIER","")) | K276: =IF(C276="","MISSING","") | M276: =IF(D276="","",ABS(D276-G$5)) -> 0.0065763738
B277: 44208 | C277: 3801.19 | D277: =IF(OR(C277="",C276=""),"",LN(C277/C276)) -> 0.00041574572 | E277: =IF(D277="","",ABS(D277-$E$5)/$F$5) -> 0.021470474 | F277: =IF(D277="","",ABS(D277-$G$5)/$H$5) -> 0.043753096 | G277: =IF(D277="","",ABS(D277-$E$5)/SQRT(0.9*(IF(G276="",($F$5)^2,(ABS(D276-$E$5)/MAX(G276,0.0000000001))^2))+0.1*(D277-$E$5)^2)) -> 0.023603043 | H277: =IF(E277="","",IF(E277>$I$5,"OUTLIER","")) | I277: =IF(F277="","",IF(F277>$I$5,"OUTLIER","")) | J277: =IF(G277="","",IF(G277>$I$5,"OUTLIER","")) | K277: =IF(C277="","MISSING","") | M277: =IF(D277="","",ABS(D277-G$5)) -> 0.00041574572
B278: 44209 | C278: 3809.84 | D278: =IF(OR(C278="",C277=""),"",LN(C278/C277)) -> 0.0022730179 | E278: =IF(D278="","",ABS(D278-$E$5)/$F$5) -> 0.089668662 | F278: =IF(D278="","",ABS(D278-$G$5)/$H$5) -> 0.2392125 | G278: =IF(D278="","",ABS(D278-$E$5)/SQRT(0.9*(IF(G277="",($F$5)^2,(ABS(D277-$E$5)/MAX(G277,0.0000000001))^2))+0.1*(D278-$E$5)^2)) -> 0.10385119 | H278: =IF(E278="","",IF(E278>$I$5,"OUTLIER","")) | I278: =IF(F278="","",IF(F278>$I$5,"OUTLIER","")) | J278: =IF(G278="","",IF(G278>$I$5,"OUTLIER","")) | K278: =IF(C278="","MISSING","") | M278: =IF(D278="","",ABS(D278-G$5)) -> 0.0022730179
B279: 44210 | C279: 3795.54 | D279: =IF(OR(C279="",C278=""),"",LN(C279/C278)) -> -0.0037605003 | E279: =IF(D279="","",ABS(D279-$E$5)/$F$5) -> 0.27137697 | F279: =IF(D279="","",ABS(D279-$G$5)/$H$5) -> 0.3957552 | G279: =IF(D279="","",ABS(D279-$E$5)/SQRT(0.9*(IF(G278="",($F$5)^2,(ABS(D278-$E$5)/MAX(G278,0.0000000001))^2))+0.1*(D279-$E$5)^2)) -> 0.32949747 | H279: =IF(E279="","",IF(E279>$I$5,"OUTLIER","")) | I279: =IF(F279="","",IF(F279>$I$5,"OUTLIER","")) | J279: =IF(G279="","",IF(G279>$I$5,"OUTLIER","")) | K279: =IF(C279="","MISSING","") | M279: =IF(D279="","",ABS(D279-G$5)) -> 0.0037605003
B280: 44211 | C280: 3768.25 | D280: =IF(OR(C280="",C279=""),"",LN(C280/C279)) -> -0.0072159905 | E280: =IF(D280="","",ABS(D280-$E$5)/$F$5) -> 0.47815344 | F280: =IF(D280="","",ABS(D280-$G$5)/$H$5) -> 0.75941114 | G280: =IF(D280="","",ABS(D280-$E$5)/SQRT(0.9*(IF(G279="",($F$5)^2,(ABS(D279-$E$5)/MAX(G279,0.0000000001))^2))+0.1*(D280-$E$5)^2)) -> 0.60081612 | H280: =IF(E280="","",IF(E280>$I$5,"OUTLIER","")) | I280: =IF(F280="","",IF(F280>$I$5,"OUTLIER","")) | J280: =IF(G280="","",IF(G280>$I$5,"OUTLIER","")) | K280: =IF(C280="","MISSING","") | M280: =IF(D280="","",ABS(D280-G$5)) -> 0.0072159905
B281: 44214 | D281: =IF(OR(C281="",C280=""),"",LN(C281/C280)) | E281: =IF(D281="","",ABS(D281-$E$5)/$F$5) | F281: =IF(D281="","",ABS(D281-$G$5)/$H$5) | G281: =IF(D281="","",ABS(D281-$E$5)/SQRT(0.9*(IF(G280="",($F$5)^2,(ABS(D280-$E$5)/MAX(G280,0.0000000001))^2))+0.1*(D281-$E$5)^2)) | H281: =IF(E281="","",IF(E281>$I$5,"OUTLIER","")) | I281: =IF(F281="","",IF(F281>$I$5,"OUTLIER","")) | J281: =IF(G281="","",IF(G281>$I$5,"OUTLIER","")) | K281: =IF(C281="","MISSING","") -> MISSING | M281: =IF(D281="","",ABS(D281-G$5))
B282: 44215 | M282: =IF(D282="","",ABS(D282-G$5))
B283: 44216 | C283: 3851.85 | D283: =IF(OR(C283="",C282=""),"",LN(C283/C282)) | E283: =IF(D283="","",ABS(D283-$E$5)/$F$5) | F283: =IF(D283="","",ABS(D283-$G$5)/$H$5) | G283: =IF(D283="","",ABS(D283-$E$5)/SQRT(0.9*(IF(G282="",($F$5)^2,(ABS(D282-$E$5)/MAX(G282,0.0000000001))^2))+0.1*(D283-$E$5)^2)) | H283: =IF(E283="","",IF(E283>$I$5,"OUTLIER","")) | I283: =IF(F283="","",IF(F283>$I$5,"OUTLIER","")) | J283: =IF(G283="","",IF(G283>$I$5,"OUTLIER","")) | K283: =IF(C283="","MISSING","") | M283: =IF(D283="","",ABS(D283-G$5))
B284: 44217 | C284: 3853.07 | D284: =IF(OR(C284="",C283=""),"",LN(C284/C283)) -> 0.00031668077 | E284: =IF(D284="","",ABS(D284-$E$5)/$F$5) -> 0.027398519 | F284: =IF(D284="","",ABS(D284-$G$5)/$H$5) -> 0.033327498 | G284: =IF(D284="","",ABS(D284-$E$5)/SQRT(0.9*(IF(G283="",($F$5)^2,(ABS(D283-$E$5)/MAX(G283,0.0000000001))^2))+0.1*(D284-$E$5)^2)) -> 0.028879371 | H284: =IF(E284="","",IF(E284>$I$5,"OUTLIER","")) | I284: =IF(F284="","",IF(F284>$I$5,"OUTLIER","")) | J284: =IF(G284="","",IF(G284>$I$5,"OUTLIER","")) | K284: =IF(C284="","MISSING","") | M284: =IF(D284="","",ABS(D284-G$5)) -> 0.00031668077
B285: 44218 | C285: 3841.47 | D285: =IF(OR(C285="",C284=""),"",LN(C285/C284)) -> -0.0030151273 | E285: =IF(D285="","",ABS(D285-$E$5)/$F$5) -> 0.22677386 | F285: =IF(D285="","",ABS(D285-$G$5)/$H$5) -> 0.31731212 | G285: =IF(D285="","",ABS(D285-$E$5)/SQRT(0.9*(IF(G284="",($F$5)^2,(ABS(D284-$E$5)/MAX(G284,0.0000000001))^2))+0.1*(D285-$E$5)^2)) -> 0.25116446 | H285: =IF(E285="","",IF(E285>$I$5,"OUTLIER","")) | I285: =IF(F285="","",IF(F285>$I$5,"OUTLIER","")) | J285: =IF(G285="","",IF(G285>$I$5,"OUTLIER","")) | K285: =IF(C285="","MISSING","") | M285: =IF(D285="","",ABS(D285-G$5)) -> 0.0030151273
B286: 44221 | C286: 3855.36 | D286: =IF(OR(C286="",C285=""),"",LN(C286/C285)) -> 0.003609282 | E286: =IF(D286="","",ABS(D286-$E$5)/$F$5) -> 0.16963069 | F286: =IF(D286="","",ABS(D286-$G$5)/$H$5) -> 0.37984099 | G286: =IF(D286="","",ABS(D286-$E$5)/SQRT(0.9*(IF(G285="",($F$5)^2,(ABS(D285-$E$5)/MAX(G285,0.0000000001))^2))+0.1*(D286-$E$5)^2)) -> 0.19765072 | H286: =IF(E286="","",IF(E286>$I$5,"OUTLIER","")) | I286: =IF(F286="","",IF(F286>$I$5,"OUTLIER","")) | J286: =IF(G286="","",IF(G286>$I$5,"OUTLIER","")) | K286: =IF(C286="","MISSING","") | M286: =IF(D286="","",ABS(D286-G$5)) -> 0.003609282
B287: 44222 | C287: 3849.62 | D287: =IF(OR(C287="",C286=""),"",LN(C287/C286)) -> -0.0014899457 | E287: =IF(D287="","",ABS(D287-$E$5)/$F$5) -> 0.13550702 | F287: =IF(D287="","",ABS(D287-$G$5)/$H$5) -> 0.15680195 | G287: =IF(D287="","",ABS(D287-$E$5)/SQRT(0.9*(IF(G286="",($F$5)^2,(ABS(D286-$E$5)/MAX(G286,0.0000000001))^2))+0.1*(D287-$E$5)^2)) -> 0.16620109 | H287: =IF(E287="","",IF(E287>$I$5,"OUTLIER","")) | I287: =IF(F287="","",IF(F287>$I$5,"OUTLIER","")) | J287: =IF(G287="","",IF(G287>$I$5,"OUTLIER","")) | K287: =IF(C287="","MISSING","") | M287: =IF(D287="","",ABS(D287-G$5)) -> 0.0014899457
B288: 44223 | C288: 3750.77 | D288: =IF(OR(C288="",C287=""),"",LN(C288/C287)) -> -0.02601329 | E288: =IF(D288="","",ABS(D288-$E$5)/$F$5) -> 1.6029835 | F288: =IF(D288="","",ABS(D288-$G$5)/$H$5) -> 2.7376397 | G288: =IF(D288="","",ABS(D288-$E$5)/SQRT(0.9*(IF(G287="",($F$5)^2,(ABS(D287-$E$5)/MAX(G287,0.0000000001))^2))+0.1*(D288-$E$5)^2)) -> 1.7333582 | H288: =IF(E288="","",IF(E288>$I$5,"OUTLIER","")) | I288: =IF(F288="","",IF(F288>$I$5,"OUTLIER","")) | J288: =IF(G288="","",IF(G288>$I$5,"OUTLIER","")) | K288: =IF(C288="","MISSING","") | M288: =IF(D288="","",ABS(D288-G$5)) -> 0.02601329
B289: 44224 | C289: 3787.38 | D289: =IF(OR(C289="",C288=""),"",LN(C289/C288)) -> 0.0097133349 | E289: =IF(D289="","",ABS(D289-$E$5)/$F$5) -> 0.53489711 | F289: =IF(D289="","",ABS(D289-$G$5)/$H$5) -> 1.0222318 | G289: =IF(D289="","",ABS(D289-$E$5)/SQRT(0.9*(IF(G288="",($F$5)^2,(ABS(D288-$E$5)/MAX(G288,0.0000000001))^2))+0.1*(D289-$E$5)^2)) -> 0.59866359 | H289: =IF(E289="","",IF(E289>$I$5,"OUTLIER","")) | I289: =IF(F289="","",IF(F289>$I$5,"OUTLIER","")) | J289: =IF(G289="","",IF(G289>$I$5,"OUTLIER","")) | K289: =IF(C289="","MISSING","") | M289: =IF(D289="","",ABS(D289-G$5)) -> 0.0097133349
B290: 44225 | C290: 3714.24 | D290: =IF(OR(C290="",C289=""),"",LN(C290/C289)) -> -0.019500406 | E290: =IF(D290="","",ABS(D290-$E$5)/$F$5) -> 1.2132527 | F290: =IF(D290="","",ABS(D290-$G$5)/$H$5) -> 2.0522235 | G290: =IF(D290="","",ABS(D290-$E$5)/SQRT(0.9*(IF(G289="",($F$5)^2,(ABS(D289-$E$5)/MAX(G289,0.0000000001))^2))+0.1*(D290-$E$5)^2)) -> 1.303983 | H290: =IF(E290="","",IF(E290>$I$5,"OUTLIER","")) | I290: =IF(F290="","",IF(F290>$I$5,"OUTLIER","")) | J290: =IF(G290="","",IF(G290>$I$5,"OUTLIER","")) | K290: =IF(C290="","MISSING","") | M290: =IF(D290="","",ABS(D290-G$5)) -> 0.019500406
B291: 44228 | C291: 3773.86 | D291: =IF(OR(C291="",C290=""),"",LN(C291/C290)) -> 0.015924269 | E291: =IF(D291="","",ABS(D291-$E$5)/$F$5) -> 0.90655931 | F291: =IF(D291="","",ABS(D291-$G$5)/$H$5) -> 1.6758707 | G291: =IF(D291="","",ABS(D291-$E$5)/SQRT(0.9*(IF(G290="",($F$5)^2,(ABS(D290-$E$5)/MAX(G290,0.0000000001))^2))+0.1*(D291-$E$5)^2)) -> 0.97683043 | H291: =IF(E291="","",IF(E291>$I$5,"OUTLIER","")) | I291: =IF(F291="","",IF(F291>$I$5,"OUTLIER","")) | J291: =IF(G291="","",IF(G291>$I$5,"OUTLIER","")) | K291: =IF(C291="","MISSING","") | M291: =IF(D291="","",ABS(D291-G$5)) -> 0.015924269
B292: 44229 | C292: 3826.31 | D292: =IF(OR(C292="",C291=""),"",LN(C292/C291)) -> 0.013802542 | E292: =IF(D292="","",ABS(D292-$E$5)/$F$5) -> 0.77959519 | F292: =IF(D292="","",ABS(D292-$G$5)/$H$5) -> 1.4525801 | G292: =IF(D292="","",ABS(D292-$E$5)/SQRT(0.9*(IF(G291="",($F$5)^2,(ABS(D291-$E$5)/MAX(G291,0.0000000001))^2))+0.1*(D292-$E$5)^2)) -> 0.85266803 | H292: =IF(E292="","",IF(E292>$I$5,"OUTLIER","")) | I292: =IF(F292="","",IF(F292>$I$5,"OUTLIER","")) | J292: =IF(G292="","",IF(G292>$I$5,"OUTLIER","")) | K292: =IF(C292="","MISSING","") | M292: =IF(D292="","",ABS(D292-G$5)) -> 0.013802542
B293: 44230 | C293: 3830.17 | D293: =IF(OR(C293="",C292=""),"",LN(C293/C292)) -> 0.0010082963 | E293: =IF(D293="","",ABS(D293-$E$5)/$F$5) -> 0.013987744 | F293: =IF(D293="","",ABS(D293-$G$5)/$H$5) -> 0.10611315 | G293: =IF(D293="","",ABS(D293-$E$5)/SQRT(0.9*(IF(G292="",($F$5)^2,(ABS(D292-$E$5)/MAX(G292,0.0000000001))^2))+0.1*(D293-$E$5)^2)) -> 0.016126184 | H293: =IF(E293="","",IF(E293>$I$5,"OUTLIER","")) | I293: =IF(F293="","",IF(F293>$I$5,"OUTLIER","")) | J293: =IF(G293="","",IF(G293>$I$5,"OUTLIER","")) | K293: =IF(C293="","MISSING","") | M293: =IF(D293="","",ABS(D293-G$5)) -> 0.0010082963
B294: 44231 | C294: 3871.74 | D294: =IF(OR(C294="",C293=""),"",LN(C294/C293)) -> 0.01079483 | E294: =IF(D294="","",ABS(D294-$E$5)/$F$5) -> 0.59961374 | F294: =IF(D294="","",ABS(D294-$G$5)/$H$5) -> 1.1360483 | G294: =IF(D294="","",ABS(D294-$E$5)/SQRT(0.9*(IF(G293="",($F$5)^2,(ABS(D293-$E$5)/MAX(G293,0.0000000001))^2))+0.1*(D294-$E$5)^2)) -> 0.71006826 | H294: =IF(E294="","",IF(E294>$I$5,"OUTLIER","")) | I294: =IF(F294="","",IF(F294>$I$5,"OUTLIER","")) | J294: =IF(G294="","",IF(G294>$I$5,"OUTLIER","")) | K294: =IF(C294="","MISSING","") | M294: =IF(D294="","",ABS(D294-G$5)) -> 0.01079483
... B300: 44239 | C300: 3934.83 | D300: =IF(OR(C300="",C299=""),"",LN(C300/C299)) -> 0.0046999211 | E300: =IF(D300="","",ABS(D300-$E$5)/$F$5) -> 0.23489451 | F300: =IF(D300="","",ABS(D300-$G$5)/$H$5) -> 0.49461989 | G300: =IF(D300="","",ABS(D300-$E$5)/SQRT(0.9*(IF(G299="",($F$5)^2,(ABS(D299-$E$5)/MAX(G299,0.0000000001))^2))+0.1*(D300-$E$5)^2)) -> 0.37218876 | H300: =IF(E300="","",IF(E300>$I$5,"OUTLIER","")) | I300: =IF(F300="","",IF(F300>$I$5,"OUTLIER","")) | J300: =IF(G300="","",IF(G300>$I$5,"OUTLIER","")) | K300: =IF(C300="","MISSING","") | M300: =IF(D300="","",ABS(D300-G$5)) -> 0.0046999211
B301: 44242 | D301: =IF(OR(C301="",C300=""),"",LN(C301/C300)) | E301: =IF(D301="","",ABS(D301-$E$5)/$F$5) | F301: =IF(D301="","",ABS(D301-$G$5)/$H$5) | G301: =IF(D301="","",ABS(D301-$E$5)/SQRT(0.9*(IF(G300="",($F$5)^2,(ABS(D300-$E$5)/MAX(G300,0.0000000001))^2))+0.1*(D301-$E$5)^2)) | H301: =IF(E301="","",IF(E301>$I$5,"OUTLIER","")) | I301: =IF(F301="","",IF(F301>$I$5,"OUTLIER","")) | J301: =IF(G301="","",IF(G301>$I$5,"OUTLIER","")) | K301: =IF(C301="","MISSING","") -> MISSING | M301: =IF(D301="","",ABS(D301-G$5))
B302: 44243 | C302: 3932.59 | D302: =IF(OR(C302="",C301=""),"",LN(C302/C301)) | E302: =IF(D302="","",ABS(D302-$E$5)/$F$5) | F302: =IF(D302="","",ABS(D302-$G$5)/$H$5) | G302: =IF(D302="","",ABS(D302-$E$5)/SQRT(0.9*(IF(G301="",($F$5)^2,(ABS(D301-$E$5)/MAX(G301,0.0000000001))^2))+0.1*(D302-$E$5)^2)) | H302: =IF(E302="","",IF(E302>$I$5,"OUTLIER","")) | I302: =IF(F302="","",IF(F302>$I$5,"OUTLIER","")) | J302: =IF(G302="","",IF(G302>$I$5,"OUTLIER","")) | K302: =IF(C302="","MISSING","") | M302: =IF(D302="","",ABS(D302-G$5))
B303: 44244 | C303: 3931.33 | D303: =IF(OR(C303="",C302=""),"",LN(C303/C302)) -> -0.00032045087 | E303: =IF(D303="","",ABS(D303-$E$5)/$F$5) -> 0.065524466 | F303: =IF(D303="","",ABS(D303-$G$5)/$H$5) -> 0.033724263 | G303: =IF(D303="","",ABS(D303-$E$5)/SQRT(0.9*(IF(G302="",($F$5)^2,(ABS(D302-$E$5)/MAX(G302,0.0000000001))^2))+0.1*(D303-$E$5)^2)) -> 0.069052383 | H303: =IF(E303="","",IF(E303>$I$5,"OUTLIER","")) | I303: =IF(F303="","",IF(F303>$I$5,"OUTLIER","")) | J303: =IF(G303="","",IF(G303>$I$5,"OUTLIER","")) | K303: =IF(C303="","MISSING","") | M303: =IF(D303="","",ABS(D303-G$5)) -> 0.00032045087
B304: 44245 | C304: 3913.97 | D304: =IF(OR(C304="",C303=""),"",LN(C304/C303)) -> -0.0044255869 | E304: =IF(D304="","",ABS(D304-$E$5)/$F$5) -> 0.31117574 | F304: =IF(D304="","",ABS(D304-$G$5)/$H$5) -> 0.46574894 | G304: =IF(D304="","",ABS(D304-$E$5)/SQRT(0.9*(IF(G303="",($F$5)^2,(ABS(D303-$E$5)/MAX(G303,0.0000000001))^2))+0.1*(D304-$E$5)^2)) -> 0.34362156 | H304: =IF(E304="","",IF(E304>$I$5,"OUTLIER","")) | I304: =IF(F304="","",IF(F304>$I$5,"OUTLIER","")) | J304: =IF(G304="","",IF(G304>$I$5,"OUTLIER","")) | K304: =IF(C304="","MISSING","") | M304: =IF(D304="","",ABS(D304-G$5)) -> 0.0044255869
B305: 44246 | C305: 3906.71 | D305: =IF(OR(C305="",C304=""),"",LN(C305/C304)) -> -0.0018566166 | E305: =IF(D305="","",ABS(D305-$E$5)/$F$5) -> 0.1574486 | F305: =IF(D305="","",ABS(D305-$G$5)/$H$5) -> 0.19539041 | G305: =IF(D305="","",ABS(D305-$E$5)/SQRT(0.9*(IF(G304="",($F$5)^2,(ABS(D304-$E$5)/MAX(G304,0.0000000001))^2))+0.1*(D305-$E$5)^2)) -> 0.18296335 | H305: =IF(E305="","",IF(E305>$I$5,"OUTLIER","")) | I305: =IF(F305="","",IF(F305>$I$5,"OUTLIER","")) | J305: =IF(G305="","",IF(G305>$I$5,"OUTLIER","")) | K305: =IF(C305="","MISSING","") | M305: =IF(D305="","",ABS(D305-G$5)) -> 0.0018566166
B306: 44249 | C306: 3876.5 | D306: =IF(OR(C306="",C305=""),"",LN(C306/C305)) -> -0.0077629029 | E306: =IF(D306="","",ABS(D306-$E$5)/$F$5) -> 0.51088067 | F306: =IF(D306="","",ABS(D306-$G$5)/$H$5) -> 0.81696822 | G306: =IF(D306="","",ABS(D306-$E$5)/SQRT(0.9*(IF(G305="",($F$5)^2,(ABS(D305-$E$5)/MAX(G305,0.0000000001))^2))+0.1*(D306-$E$5)^2)) -> 0.61387822 | H306: =IF(E306="","",IF(E306>$I$5,"OUTLIER","")) | I306: =IF(F306="","",IF(F306>$I$5,"OUTLIER","")) | J306: =IF(G306="","",IF(G306>$I$5,"OUTLIER","")) | K306: =IF(C306="","MISSING","") | M306: =IF(D306="","",ABS(D306-G$5)) -> 0.0077629029
B307: 44250 | C307: 3881.37 | D307: =IF(OR(C307="",C306=""),"",LN(C307/C306)) -> 0.0012554994 | E307: =IF(D307="","",ABS(D307-$E$5)/$F$5) -> 0.028780373 | F307: =IF(D307="","",ABS(D307-$G$5)/$H$5) -> 0.13212881 | G307: =IF(D307="","",ABS(D307-$E$5)/SQRT(0.9*(IF(G306="",($F$5)^2,(ABS(D306-$E$5)/MAX(G306,0.0000000001))^2))+0.1*(D307-$E$5)^2)) -> 0.036450968 | H307: =IF(E307="","",IF(E307>$I$5,"OUTLIER","")) | I307: =IF(F307="","",IF(F307>$I$5,"OUTLIER","")) | J307: =IF(G307="","",IF(G307>$I$5,"OUTLIER","")) | K307: =IF(C307="","MISSING","") | M307: =IF(D307="","",ABS(D307-G$5)) -> 0.0012554994
B308: 44251 | C308: 3925.43 | D308: =IF(OR(C308="",C307=""),"",LN(C308/C307)) -> 0.011287715 | E308: =IF(D308="","",ABS(D308-$E$5)/$F$5) -> 0.629108 | F308: =IF(D308="","",ABS(D308-$G$5)/$H$5) -> 1.1879196 | G308: =IF(D308="","",ABS(D308-$E$5)/SQRT(0.9*(IF(G307="",($F$5)^2,(ABS(D307-$E$5)/MAX(G307,0.0000000001))^2))+0.1*(D308-$E$5)^2)) -> 0.81173678 | H308: =IF(E308="","",IF(E308>$I$5,"OUTLIER","")) | I308: =IF(F308="","",IF(F308>$I$5,"OUTLIER","")) | J308: =IF(G308="","",IF(G308>$I$5,"OUTLIER","")) | K308: =IF(C308="","MISSING","") | M308: =IF(D308="","",ABS(D308-G$5)) -> 0.011287715
B309: 44252 | C309: 3829.34 | D309: =IF(OR(C309="",C308=""),"",LN(C309/C308)) -> -0.024783435 | E309: =IF(D309="","",ABS(D309-$E$5)/$F$5) -> 1.529389 | F309: =IF(D309="","",ABS(D309-$G$5)/$H$5) -> 2.6082097 | G309: =IF(D309="","",ABS(D309-$E$5)/SQRT(0.9*(IF(G308="",($F$5)^2,(ABS(D308-$E$5)/MAX(G308,0.0000000001))^2))+0.1*(D309-$E$5)^2)) -> 1.7378453 | H309: =IF(E309="","",IF(E309>$I$5,"OUTLIER","")) | I309: =IF(F309="","",IF(F309>$I$5,"OUTLIER","")) | J309: =IF(G309="","",IF(G309>$I$5,"OUTLIER","")) | K309: =IF(C309="","MISSING","") | M309: =IF(D309="","",ABS(D309-G$5)) -> 0.024783435
B310: 44253 | C310: 3811.15 | D310: =IF(OR(C310="",C309=""),"",LN(C310/C309)) -> -0.0047614837 | E310: =IF(D310="","",ABS(D310-$E$5)/$F$5) -> 0.3312758 | F310: =IF(D310="","",ABS(D310-$G$5)/$H$5) -> 0.50109874 | G310: =IF(D310="","",ABS(D310-$E$5)/SQRT(0.9*(IF(G309="",($F$5)^2,(ABS(D309-$E$5)/MAX(G309,0.0000000001))^2))+0.1*(D310-$E$5)^2)) -> 0.39370363 | H310: =IF(E310="","",IF(E310>$I$5,"OUTLIER","")) | I310: =IF(F310="","",IF(F310>$I$5,"OUTLIER","")) | J310: =IF(G310="","",IF(G310>$I$5,"OUTLIER","")) | K310: =IF(C310="","MISSING","") | M310: =IF(D310="","",ABS(D310-G$5)) -> 0.0047614837
B311: 44256 | C311: 3901.82 | D311: =IF(OR(C311="",C310=""),"",LN(C311/C310)) -> 0.02351213 | E311: =IF(D311="","",ABS(D311-$E$5)/$F$5) -> 1.3606168 | F311: =IF(D311="","",ABS(D311-$G$5)/$H$5) -> 2.4744175 | G311: =IF(D311="","",ABS(D311-$E$5)/SQRT(0.9*(IF(G310="",($F$5)^2,(ABS(D310-$E$5)/MAX(G310,0.0000000001))^2))+0.1*(D311-$E$5)^2)) -> 1.5004119 | H311: =IF(E311="","",IF(E311>$I$5,"OUTLIER","")) | I311: =IF(F311="","",IF(F311>$I$5,"OUTLIER","")) | J311: =IF(G311="","",IF(G311>$I$5,"OUTLIER","")) | K311: =IF(C311="","MISSING","") | M311: =IF(D311="","",ABS(D311-G$5)) -> 0.02351213
B312: 44257 | C312: 3870.29 | D312: =IF(OR(C312="",C311=""),"",LN(C312/C311)) -> -0.0081136713 | E312: =IF(D312="","",ABS(D312-$E$5)/$F$5) -> 0.53187065 | F312: =IF(D312="","",ABS(D312-$G$5)/$H$5) -> 0.8538831 | G312: =IF(D312="","",ABS(D312-$E$5)/SQRT(0.9*(IF(G311="",($F$5)^2,(ABS(D311-$E$5)/MAX(G311,0.0000000001))^2))+0.1*(D312-$E$5)^2)) -> 0.60675621 | H312: =IF(E312="","",IF(E312>$I$5,"OUTLIER","")) | I312: =IF(F312="","",IF(F312>$I$5,"OUTLIER","")) | J312: =IF(G312="","",IF(G312>$I$5,"OUTLIER","")) | K312: =IF(C312="","MISSING","") | M312: =IF(D312="","",ABS(D312-G$5)) -> 0.0081136713
B313: 44258 | C313: 3819.72 | D313: =IF(OR(C313="",C312=""),"",LN(C313/C312)) -> -0.013152318 | E313: =IF(D313="","",ABS(D313-$E$5)/$F$5) -> 0.83338319 | F313: =IF(D313="","",ABS(D313-$G$5)/$H$5) -> 1.3841505 | G313: =IF(D313="","",ABS(D313-$E$5)/SQRT(0.9*(IF(G312="",($F$5)^2,(ABS(D312-$E$5)/MAX(G312,0.0000000001))^2))+0.1*(D313-$E$5)^2)) -> 0.95532354 | H313: =IF(E313="","",IF(E313>$I$5,"OUTLIER","")) | I313: =IF(F313="","",IF(F313>$I$5,"OUTLIER","")) | J313: =IF(G313="","",IF(G313>$I$5,"OUTLIER","")) | K313: =IF(C313="","MISSING","") | M313: =IF(D313="","",ABS(D313-G$5)) -> 0.013152318
... B525: 44561 | C525: 4766.18 | D525: =IF(OR(C525="",C524=""),"",LN(C525/C524)) -> -0.0026296753 | E525: =IF(D525="","",ABS(D525-$E$5)/$F$5) -> 0.20370842 | F525: =IF(D525="","",ABS(D525-$G$5)/$H$5) -> 0.27674714 | G525: =IF(D525="","",ABS(D525-$E$5)/SQRT(0.9*(IF(G524="",($F$5)^2,(ABS(D524-$E$5)/MAX(G524,0.0000000001))^2))+0.1*(D525-$E$5)^2)) -> 0.30646275 | H525: =IF(E525="","",IF(E525>$I$5,"OUTLIER","")) | I525: =IF(F525="","",IF(F525>$I$5,"OUTLIER","")) | J525: =IF(G525="","",IF(G525>$I$5,"OUTLIER","")) | K525: =IF(C525="","MISSING","") | M525: =IF(D525="","",ABS(D525-G$5)) -> 0.0026296753
D526: =IF(OR(C526="",C525=""),"",LN(C526/C525)) | E526: =IF(D526="","",ABS(D526-$E$5)/$F$5) | F526: =IF(D526="","",ABS(D526-$G$5)/$H$5) | G526: =IF(D526="","",ABS(D526-$E$5)/SQRT(0.9*(IF(G525="",($F$5)^2,(ABS(D525-$E$5)/MAX(G525,0.0000000001))^2))+0.1*(D526-$E$5)^2)) | H526: =IF(E526="","",IF(E526>$I$5,"OUTLIER","")) | I526: =IF(F526="","",IF(F526>$I$5,"OUTLIER","")) | J526: =IF(G526="","",IF(G526>$I$5,"OUTLIER","")) | K526: =IF(C526="","MISSING","") -> MISSING | M526: =IF(D526="","",ABS(D526-G$5))
B527: ="YEAR 2025 | Observations: "&COUNTA(C529:C787)&" | Missing: "&COUNTIF(K529:K787,"MISSING")&" | Stale: "&COUNTIF(L529:L787,"STALE")&" | Z>3 Outliers: "&COUNTIF(H529:H787,"OUTLIER")&" | Robust Z>3: "&COUNTIF(I529:I787,"OUTLIER") -> YEAR 2025 | Observations: 243 | Missing: 13 | Stale: 0 | Z>3 Outliers: 5 | Robust Z>3: 12
B528: Date | C528: Level | D528: Return | E528: Z-Score | F528: Robust Z | G528: EWMA Z | H528: Z>3 Flag | I528: RobZ>3 | J528: EWMA>3 | K528: Missing? | L528: Stale?
B529: 45658 | E529: =IF(D529="","",ABS(D529-$E$5)/$F$5) | F529: =IF(D529="","",ABS(D529-$G$5)/$H$5) | G529: =IF(D529="","",ABS(D529-$E$5)/$F$5) | H529: =IF(E529="","",IF(E529>$I$5,"OUTLIER","")) | I529: =IF(F529="","",IF(F529>$I$5,"OUTLIER","")) | J529: =IF(G529="","",IF(G529>$I$5,"OUTLIER","")) | K529: =IF(C529="","MISSING","") -> MISSING | M529: =IF(D529="","",ABS(D529-G$5))
B530: 45659 | C530: 5868.55 | D530: =IF(OR(C530="",C529=""),"",LN(C530/C529)) | E530: =IF(D530="","",ABS(D530-$E$5)/$F$5) | F530: =IF(D530="","",ABS(D530-$G$5)/$H$5) | G530: =IF(D530="","",ABS(D530-$E$5)/SQRT(0.9*(IF(G529="",($F$5)^2,(ABS(D529-$E$5)/MAX(G529,0.0000000001))^2))+0.1*(D530-$E$5)^2)) | H530: =IF(E530="","",IF(E530>$I$5,"OUTLIER","")) | I530: =IF(F530="","",IF(F530>$I$5,"OUTLIER","")) | J530: =IF(G530="","",IF(G530>$I$5,"OUTLIER","")) | K530: =IF(C530="","MISSING","") | M530: =IF(D530="","",ABS(D530-G$5))
...

Sheet RF3 EURUSD
B1: RF3: EUR/USD FX Rate
B2: Return Type: Log Returns | Z-Score Threshold: 3.0 | EWMA Parameters: N=30, λ=0.9
B4: GLOBAL STATISTICS (Full Series) | E4: Mean Return | F4: Std Dev (σ) | G4: Median Return | H4: Scaled MAD (σ̂) | I4: Cutoff (c) | M4: MAD Helper (|r - median|)
E5: =AVERAGE(D10:D264,D269:D522,D529:D785) -> 0.00013786845 | F5: =STDEV(D10:D264,D269:D522,D529:D785) -> 0.0050448712 | G5: =MEDIAN(D10:D264,D269:D522,D529:D785) -> 0 | H5: =_xlfn.AGGREGATE(16,6,M9:M785,0.5)/0.6745 -> 0.0029904432 | I5: 3
B7: ="YEAR 2020 | Observations: "&COUNTA(C10:C264)&" | Missing: "&COUNTIF(K10:K264,"MISSING")&" | Stale: "&COUNTIF(L10:L264,"STALE")&" | Z>3 Outliers: "&COUNTIF(H10:H264,"OUTLIER")&" | Robust Z>3: "&COUNTIF(I10:I264,"OUTLIER") -> YEAR 2020 | Observations: 248 | Missing: 7 | Stale: 5 | Z>3 Outliers: 3 | Robust Z>3: 20
B8: Date | C8: Level | D8: Return | E8: Z-Score | F8: Robust Z | G8: EWMA Z | H8: Z>3 Flag | I8: RobZ>3 | J8: EWMA>3 | K8: Missing? | L8: Stale? | M8: |r - median|
B9: 43831 | K9: =IF(C9="","MISSING","") -> MISSING | M9: =IF(D9="","",ABS(D9-G$5))
B10: 43832 | C10: 1.1166 | D10: =IF(OR(C10="",C9=""),"",LN(C10/C9)) | E10: =IF(D10="","",ABS(D10-$E$5)/$F$5) | F10: =IF(D10="","",ABS(D10-$G$5)/$H$5) | G10: =IF(D10="","",ABS(D10-$E$5)/SQRT(0.9*(IF(G9="",$F$5^2,(ABS(D9-$E$5)/MAX(G9,0.0000000001))^2))+0.1*(D10-$E$5)^2)) | H10: =IF(E10="","",IF(E10>$I$5,"OUTLIER","")) | I10: =IF(F10="","",IF(F10>$I$5,"OUTLIER","")) | J10: =IF(G10="","",IF(G10>$I$5,"OUTLIER","")) | K10: =IF(C10="","MISSING","") | L10: =IF(AND(C10<>"",C9<>"",C10=C9),"STALE","") | M10: =IF(D10="","",ABS(D10-G$5))
B11: 43833 | C11: 1.1173 | D11: =IF(OR(C11="",C10=""),"",LN(C11/C10)) -> 0.00062670668 | E11: =IF(D11="","",ABS(D11-$E$5)/$F$5) -> 0.096898059 | F11: =IF(D11="","",ABS(D11-$G$5)/$H$5) -> 0.20956983 | G11: =IF(D11="","",ABS(D11-$E$5)/SQRT(0.9*(IF(G10="",$F$5^2,(ABS(D10-$E$5)/MAX(G10,0.0000000001))^2))+0.1*(D11-$E$5)^2)) -> 0.10208629 | H11: =IF(E11="","",IF(E11>$I$5,"OUTLIER","")) | I11: =IF(F11="","",IF(F11>$I$5,"OUTLIER","")) | J11: =IF(G11="","",IF(G11>$I$5,"OUTLIER","")) | K11: =IF(C11="","MISSING","") | L11: =IF(AND(C11<>"",C10<>"",C11=C10),"STALE","") | M11: =IF(D11="","",ABS(D11-G$5)) -> 0.00062670668
B12: 43836 | C12: 1.1187 | D12: =IF(OR(C12="",C11=""),"",LN(C12/C11)) -> 0.0012522363 | E12: =IF(D12="","",ABS(D12-$E$5)/$F$5) -> 0.22089124 | F12: =IF(D12="","",ABS(D12-$G$5)/$H$5) -> 0.41874605 | G12: =IF(D12="","",ABS(D12-$E$5)/SQRT(0.9*(IF(G11="",$F$5^2,(ABS(D11-$E$5)/MAX(G11,0.0000000001))^2))+0.1*(D12-$E$5)^2)) -> 0.24457203 | H12: =IF(E12="","",IF(E12>$I$5,"OUTLIER","")) | I12: =IF(F12="","",IF(F12>$I$5,"OUTLIER","")) | J12: =IF(G12="","",IF(G12>$I$5,"OUTLIER","")) | K12: =IF(C12="","MISSING","") | L12: =IF(AND(C12<>"",C11<>"",C12=C11),"STALE","") | M12: =IF(D12="","",ABS(D12-G$5)) -> 0.0012522363
B13: 43837 | C13: 1.1138 | D13: =IF(OR(C13="",C12=""),"",LN(C13/C12)) -> -0.0043897047 | E13: =IF(D13="","",ABS(D13-$E$5)/$F$5) -> 0.8974606 | F13: =IF(D13="","",ABS(D13-$G$5)/$H$5) -> 1.4679111 | G13: =IF(D13="","",ABS(D13-$E$5)/SQRT(0.9*(IF(G12="",$F$5^2,(ABS(D12-$E$5)/MAX(G12,0.0000000001))^2))+0.1*(D13-$E$5)^2)) -> 0.99430071 | H13: =IF(E13="","",IF(E13>$I$5,"OUTLIER","")) | I13: =IF(F13="","",IF(F13>$I$5,"OUTLIER","")) | J13: =IF(G13="","",IF(G13>$I$5,"OUTLIER","")) | K13: =IF(C13="","MISSING","") | L13: =IF(AND(C13<>"",C12<>"",C13=C12),"STALE","") | M13: =IF(D13="","",ABS(D13-G$5)) -> 0.0043897047
B14: 43838 | C14: 1.1117 | D14: =IF(OR(C14="",C13=""),"",LN(C14/C13)) -> -0.0018872169 | E14: =IF(D14="","",ABS(D14-$E$5)/$F$5) -> 0.40141468 | F14: =IF(D14="","",ABS(D14-$G$5)/$H$5) -> 0.63108268 | G14: =IF(D14="","",ABS(D14-$E$5)/SQRT(0.9*(IF(G13="",$F$5^2,(ABS(D13-$E$5)/MAX(G13,0.0000000001))^2))+0.1*(D14-$E$5)^2)) -> 0.46371805 | H14: =IF(E14="","",IF(E14>$I$5,"OUTLIER","")) | I14: =IF(F14="","",IF(F14>$I$5,"OUTLIER","")) | J14: =IF(G14="","",IF(G14>$I$5,"OUTLIER","")) | K14: =IF(C14="","MISSING","") | L14: =IF(AND(C14<>"",C13<>"",C14=C13),"STALE","") | M14: =IF(D14="","",ABS(D14-G$5)) -> 0.0018872169
B15: 43839 | C15: 1.1117 | D15: =IF(OR(C15="",C14=""),"",LN(C15/C14)) -> 0 | E15: =IF(D15="","",ABS(D15-$E$5)/$F$5) -> 0.027328438 | F15: =IF(D15="","",ABS(D15-$G$5)/$H$5) -> 0 | G15: =IF(D15="","",ABS(D15-$E$5)/SQRT(0.9*(IF(G14="",$F$5^2,(ABS(D14-$E$5)/MAX(G14,0.0000000001))^2))+0.1*(D15-$E$5)^2)) -> 0.033275935 | H15: =IF(E15="","",IF(E15>$I$5,"OUTLIER","")) | I15: =IF(F15="","",IF(F15>$I$5,"OUTLIER","")) | J15: =IF(G15="","",IF(G15>$I$5,"OUTLIER","")) | K15: =IF(C15="","MISSING","") | L15: =IF(AND(C15<>"",C14<>"",C15=C14),"STALE","") -> STALE | M15: =IF(D15="","",ABS(D15-G$5)) -> 0
B16: 43840 | C16: 1.1114 | D16: =IF(OR(C16="",C15=""),"",LN(C16/C15)) -> -0.00026989339 | E16: =IF(D16="","",ABS(D16-$E$5)/$F$5) -> 0.080827008 | F16: =IF(D16="","",ABS(D16-$G$5)/$H$5) -> 0.090251971 | G16: =IF(D16="","",ABS(D16-$E$5)/SQRT(0.9*(IF(G15="",$F$5^2,(ABS(D15-$E$5)/MAX(G15,0.0000000001))^2))+0.1*(D16-$E$5)^2)) -> 0.10368529 | H16: =IF(E16="","",IF(E16>$I$5,"OUTLIER","")) | I16: =IF(F16="","",IF(F16>$I$5,"OUTLIER","")) | J16: =IF(G16="","",IF(G16>$I$5,"OUTLIER","")) | K16: =IF(C16="","MISSING","") | L16: =IF(AND(C16<>"",C15<>"",C16=C15),"STALE","") | M16: =IF(D16="","",ABS(D16-G$5)) -> 0.00026989339
B17: 43843 | C17: 1.1148 | D17: =IF(OR(C17="",C16=""),"",LN(C17/C16)) -> 0.0030545348 | E17: =IF(D17="","",ABS(D17-$E$5)/$F$5) -> 0.57814485 | F17: =IF(D17="","",ABS(D17-$G$5)/$H$5) -> 1.0214321 | G17: =IF(D17="","",ABS(D17-$E$5)/SQRT(0.9*(IF(G16="",$F$5^2,(ABS(D16-$E$5)/MAX(G16,0.0000000001))^2))+0.1*(D17-$E$5)^2)) -> 0.7589177 | H17: =IF(E17="","",IF(E17>$I$5,"OUTLIER","")) | I17: =IF(F17="","",IF(F17>$I$5,"OUTLIER","")) | J17: =IF(G17="","",IF(G17>$I$5,"OUTLIER","")) | K17: =IF(C17="","MISSING","") | L17: =IF(AND(C17<>"",C16<>"",C17=C16),"STALE","") | M17: =IF(D17="","",ABS(D17-G$5)) -> 0.0030545348
B18: 43844 | C18: 1.1113 | D18: =IF(OR(C18="",C17=""),"",LN(C18/C17)) -> -0.0031445154 | E18: =IF(D18="","",ABS(D18-$E$5)/$F$5) -> 0.65063779 | F18: =IF(D18="","",ABS(D18-$G$5)/$H$5) -> 1.0515215 | G18: =IF(D18="","",ABS(D18-$E$5)/SQRT(0.9*(IF(G17="",$F$5^2,(ABS(D17-$E$5)/MAX(G17,0.0000000001))^2))+0.1*(D18-$E$5)^2)) -> 0.865871 | H18: =IF(E18="","",IF(E18>$I$5,"OUTLIER","")) | I18: =IF(F18="","",IF(F18>$I$5,"OUTLIER","")) | J18: =IF(G18="","",IF(G18>$I$5,"OUTLIER","")) | K18: =IF(C18="","MISSING","") | L18: =IF(AND(C18<>"",C17<>"",C18=C17),"STALE","") | M18: =IF(D18="","",ABS(D18-G$5)) -> 0.0031445154
B19: 43845 | C19: 1.1155 | D19: =IF(OR(C19="",C18=""),"",LN(C19/C18)) -> 0.0037722337 | E19: =IF(D19="","",ABS(D19-$E$5)/$F$5) -> 0.72040793 | F19: =IF(D19="","",ABS(D19-$G$5)/$H$5) -> 1.2614296 | G19: =IF(D19="","",ABS(D19-$E$5)/SQRT(0.9*(IF(G18="",$F$5^2,(ABS(D18-$E$5)/MAX(G18,0.0000000001))^2))+0.1*(D19-$E$5)^2)) -> 0.9626208 | H19: =IF(E19="","",IF(E19>$I$5,"OUTLIER","")) | I19: =IF(F19="","",IF(F19>$I$5,"OUTLIER","")) | J19: =IF(G19="","",IF(G19>$I$5,"OUTLIER","")) | K19: =IF(C19="","MISSING","") | L19: =IF(AND(C19<>"",C18<>"",C19=C18),"STALE","") | M19: =IF(D19="","",ABS(D19-G$5)) -> 0.0037722337
B20: 43846 | C20: 1.115 | D20: =IF(OR(C20="",C19=""),"",LN(C20/C19)) -> -0.00044832998 | E20: =IF(D20="","",ABS(D20-$E$5)/$F$5) -> 0.11619691 | F20: =IF(D20="","",ABS(D20-$G$5)/$H$5) -> 0.14992091 | G20: =IF(D20="","",ABS(D20-$E$5)/SQRT(0.9*(IF(G19="",$F$5^2,(ABS(D19-$E$5)/MAX(G19,0.0000000001))^2))+0.1*(D20-$E$5)^2)) -> 0.16344408 | H20: =IF(E20="","",IF(E20>$I$5,"OUTLIER","")) | I20: =IF(F20="","",IF(F20>$I$5,"OUTLIER","")) | J20: =IF(G20="","",IF(G20>$I$5,"OUTLIER","")) | K20: =IF(C20="","MISSING","") | L20: =IF(AND(C20<>"",C19<>"",C20=C19),"STALE","") | M20: =IF(D20="","",ABS(D20-G$5)) -> 0.00044832998
B21: 43847 | C21: 1.109 | D21: =IF(OR(C21="",C20=""),"",LN(C21/C20)) -> -0.0053956965 | E21: =IF(D21="","",ABS(D21-$E$5)/$F$5) -> 1.0968694 | F21: =IF(D21="","",ABS(D21-$G$5)/$H$5) -> 1.8043133 | G21: =IF(D21="","",ABS(D21-$E$5)/SQRT(0.9*(IF(G20="",$F$5^2,(ABS(D20-$E$5)/MAX(G20,0.0000000001))^2))+0.1*(D21-$E$5)^2)) -> 1.4462716 | H21: =IF(E21="","",IF(E21>$I$5,"OUTLIER","")) | I21: =IF(F21="","",IF(F21>$I$5,"OUTLIER","")) | J21: =IF(G21="","",IF(G21>$I$5,"OUTLIER","")) | K21: =IF(C21="","MISSING","") | L21: =IF(AND(C21<>"",C20<>"",C21=C20),"STALE","") | M21: =IF(D21="","",ABS(D21-G$5)) -> 0.0053956965
B22: 43850 | D22: =IF(OR(C22="",C21=""),"",LN(C22/C21)) | E22: =IF(D22="","",ABS(D22-$E$5)/$F$5) | F22: =IF(D22="","",ABS(D22-$G$5)/$H$5) | G22: =IF(D22="","",ABS(D22-$E$5)/SQRT(0.9*(IF(G21="",$F$5^2,(ABS(D21-$E$5)/MAX(G21,0.0000000001))^2))+0.1*(D22-$E$5)^2)) | H22: =IF(E22="","",IF(E22>$I$5,"OUTLIER","")) | I22: =IF(F22="","",IF(F22>$I$5,"OUTLIER","")) | J22: =IF(G22="","",IF(G22>$I$5,"OUTLIER","")) | K22: =IF(C22="","MISSING","") -> MISSING | L22: =IF(AND(C22<>"",C21<>"",C22=C21),"STALE","") | M22: =IF(D22="","",ABS(D22-G$5))
B23: 43851 | C23: 1.1089 | D23: =IF(OR(C23="",C22=""),"",LN(C23/C22)) | E23: =IF(D23="","",ABS(D23-$E$5)/$F$5) | F23: =IF(D23="","",ABS(D23-$G$5)/$H$5) | G23: =IF(D23="","",ABS(D23-$E$5)/SQRT(0.9*(IF(G22="",$F$5^2,(ABS(D22-$E$5)/MAX(G22,0.0000000001))^2))+0.1*(D23-$E$5)^2)) | H23: =IF(E23="","",IF(E23>$I$5,"OUTLIER","")) | I23: =IF(F23="","",IF(F23>$I$5,"OUTLIER","")) | J23: =IF(G23="","",IF(G23>$I$5,"OUTLIER","")) | K23: =IF(C23="","MISSING","") | L23: =IF(AND(C23<>"",C22<>"",C23=C22),"STALE","") | M23: =IF(D23="","",ABS(D23-G$5))
B24: 43852 | C24: 1.1036 | D24: =IF(OR(C24="",C23=""),"",LN(C24/C23)) -> -0.0047909696 | E24: =IF(D24="","",ABS(D24-$E$5)/$F$5) -> 0.97699978 | F24: =IF(D24="","",ABS(D24-$G$5)/$H$5) -> 1.6020935 | G24: =IF(D24="","",ABS(D24-$E$5)/SQRT(0.9*(IF(G23="",$F$5^2,(ABS(D23-$E$5)/MAX(G23,0.0000000001))^2))+0.1*(D24-$E$5)^2)) -> 0.97922867 | H24: =IF(E24="","",IF(E24>$I$5,"OUTLIER","")) | I24: =IF(F24="","",IF(F24>$I$5,"OUTLIER","")) | J24: =IF(G24="","",IF(G24>$I$5,"OUTLIER","")) | K24: =IF(C24="","MISSING","") | L24: =IF(AND(C24<>"",C23<>"",C24=C23),"STALE","") | M24: =IF(D24="","",ABS(D24-G$5)) -> 0.0047909696
B25: 43853 | C25: 1.1031 | D25: =IF(OR(C25="",C24=""),"",LN(C25/C24)) -> -0.00045316537 | E25: =IF(D25="","",ABS(D25-$E$5)/$F$5) -> 0.11715538 | F25: =IF(D25="","",ABS(D25-$G$5)/$H$5) -> 0.15153786 | G25: =IF(D25="","",ABS(D25-$E$5)/SQRT(0.9*(IF(G24="",$F$5^2,(ABS(D24-$E$5)/MAX(G24,0.0000000001))^2))+0.1*(D25-$E$5)^2)) -> 0.12367964 | H25: =IF(E25="","",IF(E25>$I$5,"OUTLIER","")) | I25: =IF(F25="","",IF(F25>$I$5,"OUTLIER","")) | J25: =IF(G25="","",IF(G25>$I$5,"OUTLIER","")) | K25: =IF(C25="","MISSING","") | L25: =IF(AND(C25<>"",C24<>"",C25=C24),"STALE","") | M25: =IF(D25="","",ABS(D25-G$5)) -> 0.00045316537
B26: 43854 | C26: 1.1021 | D26: =IF(OR(C26="",C25=""),"",LN(C26/C25)) -> -0.00090694728 | E26: =IF(D26="","",ABS(D26-$E$5)/$F$5) -> 0.20710454 | F26: =IF(D26="","",ABS(D26-$G$5)/$H$5) -> 0.30328189 | G26: =IF(D26="","",ABS(D26-$E$5)/SQRT(0.9*(IF(G25="",$F$5^2,(ABS(D25-$E$5)/MAX(G25,0.0000000001))^2))+0.1*(D26-$E$5)^2)) -> 0.22985505 | H26: =IF(E26="","",IF(E26>$I$5,"OUTLIER","")) | I26: =IF(F26="","",IF(F26>$I$5,"OUTLIER","")) | J26: =IF(G26="","",IF(G26>$I$5,"OUTLIER","")) | K26: =IF(C26="","MISSING","") | L26: =IF(AND(C26<>"",C25<>"",C26=C25),"STALE","") | M26: =IF(D26="","",ABS(D26-G$5)) -> 0.00090694728
B27: 43857 | C27: 1.1014 | D27: =IF(OR(C27="",C26=""),"",LN(C27/C26)) -> -0.00063535287 | E27: =IF(D27="","",ABS(D27-$E$5)/$F$5) -> 0.15326879 | F27: =IF(D27="","",ABS(D27-$G$5)/$H$5) -> 0.2124611 | G27: =IF(D27="","",ABS(D27-$E$5)/SQRT(0.9*(IF(G26="",$F$5^2,(ABS(D26-$E$5)/MAX(G26,0.0000000001))^2))+0.1*(D27-$E$5)^2)) -> 0.17901931 | H27: =IF(E27="","",IF(E27>$I$5,"OUTLIER","")) | I27: =IF(F27="","",IF(F27>$I$5,"OUTLIER","")) | J27: =IF(G27="","",IF(G27>$I$5,"OUTLIER","")) | K27: =IF(C27="","MISSING","") | L27: =IF(AND(C27<>"",C26<>"",C27=C26),"STALE","") | M27: =IF(D27="","",ABS(D27-G$5)) -> 0.00063535287
B28: 43858 | C28: 1.1046 | D28: =IF(OR(C28="",C27=""),"",LN(C28/C27)) -> 0.0029011806 | E28: =IF(D28="","",ABS(D28-$E$5)/$F$5) -> 0.54774683 | F28: =IF(D28="","",ABS(D28-$G$5)/$H$5) -> 0.97015072 | G28: =IF(D28="","",ABS(D28-$E$5)/SQRT(0.9*(IF(G27="",$F$5^2,(ABS(D27-$E$5)/MAX(G27,0.0000000001))^2))+0.1*(D28-$E$5)^2)) -> 0.65954909 | H28: =IF(E28="","",IF(E28>$I$5,"OUTLIER","")) | I28: =IF(F28="","",IF(F28>$I$5,"OUTLIER","")) | J28: =IF(G28="","",IF(G28>$I$5,"OUTLIER","")) | K28: =IF(C28="","MISSING","") | L28: =IF(AND(C28<>"",C27<>"",C28=C27),"STALE","") | M28: =IF(D28="","",ABS(D28-G$5)) -> 0.0029011806
B29: 43859 | C29: 1.1014 | D29: =IF(OR(C29="",C28=""),"",LN(C29/C28)) -> -0.0029011806 | E29: =IF(D29="","",ABS(D29-$E$5)/$F$5) -> 0.6024037 | F29: =IF(D29="","",ABS(D29-$G$5)/$H$5) -> 0.97015072 | G29: =IF(D29="","",ABS(D29-$E$5)/SQRT(0.9*(IF(G28="",$F$5^2,(ABS(D28-$E$5)/MAX(G28,0.0000000001))^2))+0.1*(D29-$E$5)^2)) -> 0.7431837 | H29: =IF(E29="","",IF(E29>$I$5,"OUTLIER","")) | I29: =IF(F29="","",IF(F29>$I$5,"OUTLIER","")) | J29: =IF(G29="","",IF(G29>$I$5,"OUTLIER","")) | K29: =IF(C29="","MISSING","") | L29: =IF(AND(C29<>"",C28<>"",C29=C28),"STALE","") | M29: =IF(D29="","",ABS(D29-G$5)) -> 0.0029011806
B30: 43860 | C30: 1.0998 | D30: =IF(OR(C30="",C29=""),"",LN(C30/C29)) -> -0.0014537528 | E30: =IF(D30="","",ABS(D30-$E$5)/$F$5) -> 0.31549293 | F30: =IF(D30="","",ABS(D30-$G$5)/$H$5) -> 0.48613287 | G30: =IF(D30="","",ABS(D30-$E$5)/SQRT(0.9*(IF(G29="",$F$5^2,(ABS(D29-$E$5)/MAX(G29,0.0000000001))^2))+0.1*(D30-$E$5)^2)) -> 0.40686672 | H30: =IF(E30="","",IF(E30>$I$5,"OUTLIER","")) | I30: =IF(F30="","",IF(F30>$I$5,"OUTLIER","")) | J30: =IF(G30="","",IF(G30>$I$5,"OUTLIER","")) | K30: =IF(C30="","MISSING","") | L30: =IF(AND(C30<>"",C29<>"",C30=C29),"STALE","") | M30: =IF(D30="","",ABS(D30-G$5)) -> 0.0014537528
B31: 43861 | C31: 1.1092 | D31: =IF(OR(C31="",C30=""),"",LN(C31/C30)) -> 0.0085106897 | E31: =IF(D31="","",ABS(D31-$E$5)/$F$5) -> 1.65967 | F31: =IF(D31="","",ABS(D31-$G$5)/$H$5) -> 2.8459626 | G31: =IF(D31="","",ABS(D31-$E$5)/SQRT(0.9*(IF(G30="",$F$5^2,(ABS(D30-$E$5)/MAX(G30,0.0000000001))^2))+0.1*(D31-$E$5)^2)) -> 1.8366103 | H31: =IF(E31="","",IF(E31>$I$5,"OUTLIER","")) | I31: =IF(F31="","",IF(F31>$I$5,"OUTLIER","")) | J31: =IF(G31="","",IF(G31>$I$5,"OUTLIER","")) | K31: =IF(C31="","MISSING","") | L31: =IF(AND(C31<>"",C30<>"",C31=C30),"STALE","") | M31: =IF(D31="","",ABS(D31-G$5)) -> 0.0085106897
B32: 43864 | C32: 1.1043 | D32: =IF(OR(C32="",C31=""),"",LN(C32/C31)) -> -0.0044273847 | E32: =IF(D32="","",ABS(D32-$E$5)/$F$5) -> 0.90492957 | F32: =IF(D32="","",ABS(D32-$G$5)/$H$5) -> 1.4805112 | G32: =IF(D32="","",ABS(D32-$E$5)/SQRT(0.9*(IF(G31="",$F$5^2,(ABS(D31-$E$5)/MAX(G31,0.0000000001))^2))+0.1*(D32-$E$5)^2)) -> 1.0012648 | H32: =IF(E32="","",IF(E32>$I$5,"OUTLIER","")) | I32: =IF(F32="","",IF(F32>$I$5,"OUTLIER","")) | J32: =IF(G32="","",IF(G32>$I$5,"OUTLIER","")) | K32: =IF(C32="","MISSING","") | L32: =IF(AND(C32<>"",C31<>"",C32=C31),"STALE","") | M32: =IF(D32="","",ABS(D32-G$5)) -> 0.0044273847
B33: 43865 | C33: 1.0997 | D33: =IF(OR(C33="",C32=""),"",LN(C33/C32)) -> -0.0041742347 | E33: =IF(D33="","",ABS(D33-$E$5)/$F$5) -> 0.85474991 | F33: =IF(D33="","",ABS(D33-$G$5)/$H$5) -> 1.3958582 | G33: =IF(D33="","",ABS(D33-$E$5)/SQRT(0.9*(IF(G32="",$F$5^2,(ABS(D32-$E$5)/MAX(G32,0.0000000001))^2))+0.1*(D33-$E$5)^2)) -> 0.95077522 | H33: =IF(E33="","",IF(E33>$I$5,"OUTLIER","")) | I33: =IF(F33="","",IF(F33>$I$5,"OUTLIER","")) | J33: =IF(G33="","",IF(G33>$I$5,"OUTLIER","")) | K33: =IF(C33="","MISSING","") | L33: =IF(AND(C33<>"",C32<>"",C33=C32),"STALE","") | M33: =IF(D33="","",ABS(D33-G$5)) -> 0.0041742347
B34: 43866 | C34: 1.0953 | D34: =IF(OR(C34="",C33=""),"",LN(C34/C33)) -> -0.004009117 | E34: =IF(D34="","",ABS(D34-$E$5)/$F$5) -> 0.82202008 | F34: =IF(D34="","",ABS(D34-$G$5)/$H$5) -> 1.3406431 | G34: =IF(D34="","",ABS(D34-$E$5)/SQRT(0.9*(IF(G33="",$F$5^2,(ABS(D33-$E$5)/MAX(G33,0.0000000001))^2))+0.1*(D34-$E$5)^2)) -> 0.92195648 | H34: =IF(E34="","",IF(E34>$I$5,"OUTLIER","")) | I34: =IF(F34="","",IF(F34>$I$5,"OUTLIER","")) | J34: =IF(G34="","",IF(G34>$I$5,"OUTLIER","")) | K34: =IF(C34="","MISSING","") | L34: =IF(AND(C34<>"",C33<>"",C34=C33),"STALE","") | M34: =IF(D34="","",ABS(D34-G$5)) -> 0.004009117
... B127: 44000 | C127: 1.1209 | D127: =IF(OR(C127="",C126=""),"",LN(C127/C126)) -> -0.00071345762 | E127: =IF(D127="","",ABS(D127-$E$5)/$F$5) -> 0.16875081 | F127: =IF(D127="","",ABS(D127-$G$5)/$H$5) -> 0.23857922 | G127: =IF(D127="","",ABS(D127-$E$5)/SQRT(0.9*(IF(G126="",$F$5^2,(ABS(D126-$E$5)/MAX(G126,0.0000000001))^2))+0.1*(D127-$E$5)^2)) -> 0.19787676 | H127: =IF(E127="","",IF(E127>$I$5,"OUTLIER","")) | I127: =IF(F127="","",IF(F127>$I$5,"OUTLIER","")) | J127: =IF(G127="","",IF(G127>$I$5,"OUTLIER","")) | K127: =IF(C127="","MISSING","") | L127: =IF(AND(C127<>"",C126<>"",C127=C126),"STALE","") | M127: =IF(D127="","",ABS(D127-G$5)) -> 0.00071345762
B128: 44001 | D128: =IF(OR(C128="",C127=""),"",LN(C128/C127)) | E128: =IF(D128="","",ABS(D128-$E$5)/$F$5) | F128: =IF(D128="","",ABS(D128-$G$5)/$H$5) | G128: =IF(D128="","",ABS(D128-$E$5)/SQRT(0.9*(IF(G127="",$F$5^2,(ABS(D127-$E$5)/MAX(G127,0.0000000001))^2))+0.1*(D128-$E$5)^2)) | H128: =IF(E128="","",IF(E128>$I$5,"OUTLIER","")) | I128: =IF(F128="","",IF(F128>$I$5,"OUTLIER","")) | J128: =IF(G128="","",IF(G128>$I$5,"OUTLIER","")) | K128: =IF(C128="","MISSING","") -> MISSING | L128: =IF(AND(C128<>"",C127<>"",C128=C127),"STALE","") | M128: =IF(D128="","",ABS(D128-G$5))
B129: 44004 | C129: 1.1198 | D129: =IF(OR(C129="",C128=""),"",LN(C129/C128)) | E129: =IF(D129="","",ABS(D129-$E$5)/$F$5) | F129: =IF(D129="","",ABS(D129-$G$5)/$H$5) | G129: =IF(D129="","",ABS(D129-$E$5)/SQRT(0.9*(IF(G128="",$F$5^2,(ABS(D128-$E$5)/MAX(G128,0.0000000001))^2))+0.1*(D129-$E$5)^2)) | H129: =IF(E129="","",IF(E129>$I$5,"OUTLIER","")) | I129: =IF(F129="","",IF(F129>$I$5,"OUTLIER","")) | J129: =IF(G129="","",IF(G129>$I$5,"OUTLIER","")) | K129: =IF(C129="","MISSING","") | L129: =IF(AND(C129<>"",C128<>"",C129=C128),"STALE","") | M129: =IF(D129="","",ABS(D129-G$5))
B130: 44005 | C130: 1.1256 | D130: =IF(OR(C130="",C129=""),"",LN(C130/C129)) -> 0.0051661289 | E130: =IF(D130="","",ABS(D130-$E$5)/$F$5) -> 0.9967074 | F130: =IF(D130="","",ABS(D130-$G$5)/$H$5) -> 1.7275462 | G130: =IF(D130="","",ABS(D130-$E$5)/SQRT(0.9*(IF(G129="",$F$5^2,(ABS(D129-$E$5)/MAX(G129,0.0000000001))^2))+0.1*(D130-$E$5)^2)) -> 0.99703519 | H130: =IF(E130="","",IF(E130>$I$5,"OUTLIER","")) | I130: =IF(F130="","",IF(F130>$I$5,"OUTLIER","")) | J130: =IF(G130="","",IF(G130>$I$5,"OUTLIER","")) | K130: =IF(C130="","MISSING","") | L130: =IF(AND(C130<>"",C129<>"",C130=C129),"STALE","") | M130: =IF(D130="","",ABS(D130-G$5)) -> 0.0051661289
B131: 44006 | C131: 1.1188 | D131: =IF(OR(C131="",C130=""),"",LN(C131/C130)) -> -0.0060595445 | E131: =IF(D131="","",ABS(D131-$E$5)/$F$5) -> 1.2284581 | F131: =IF(D131="","",ABS(D131-$G$5)/$H$5) -> 2.0263031 | G131: =IF(D131="","",ABS(D131-$E$5)/SQRT(0.9*(IF(G130="",$F$5^2,(ABS(D130-$E$5)/MAX(G130,0.0000000001))^2))+0.1*(D131-$E$5)^2)) -> 1.1986702 | H131: =IF(E131="","",IF(E131>$I$5,"OUTLIER","")) | I131: =IF(F131="","",IF(F131>$I$5,"OUTLIER","")) | J131: =IF(G131="","",IF(G131>$I$5,"OUTLIER","")) | K131: =IF(C131="","MISSING","") | L131: =IF(AND(C131<>"",C130<>"",C131=C130),"STALE","") | M131: =IF(D131="","",ABS(D131-G$5)) -> 0.0060595445
B132: 44007 | C132: 1.1241 | D132: =IF(OR(C132="",C131=""),"",LN(C132/C131)) -> 0.0047260331 | E132: =IF(D132="","",ABS(D132-$E$5)/$F$5) -> 0.90947113 | F132: =IF(D132="","",ABS(D132-$G$5)/$H$5) -> 1.5803788 | G132: =IF(D132="","",ABS(D132-$E$5)/SQRT(0.9*(IF(G131="",$F$5^2,(ABS(D131-$E$5)/MAX(G131,0.0000000001))^2))+0.1*(D132-$E$5)^2)) -> 0.89699935 | H132: =IF(E132="","",IF(E132>$I$5,"OUTLIER","")) | I132: =IF(F132="","",IF(F132>$I$5,"OUTLIER","")) | J132: =IF(G132="","",IF(G132>$I$5,"OUTLIER","")) | K132: =IF(C132="","MISSING","") | L132: =IF(AND(C132<>"",C131<>"",C132=C131),"STALE","") | M132: =IF(D132="","",ABS(D132-G$5)) -> 0.0047260331
B133: 44008 | C133: 1.119 | D133: =IF(OR(C133="",C132=""),"",LN(C133/C132)) -> -0.0045472862 | E133: =IF(D133="","",ABS(D133-$E$5)/$F$5) -> 0.92869658 | F133: =IF(D133="","",ABS(D133-$G$5)/$H$5) -> 1.5206061 | G133: =IF(D133="","",ABS(D133-$E$5)/SQRT(0.9*(IF(G132="",$F$5^2,(ABS(D132-$E$5)/MAX(G132,0.0000000001))^2))+0.1*(D133-$E$5)^2)) -> 0.9234256 | H133: =IF(E133="","",IF(E133>$I$5,"OUTLIER","")) | I133: =IF(F133="","",IF(F133>$I$5,"OUTLIER","")) | J133: =IF(G133="","",IF(G133>$I$5,"OUTLIER","")) | K133: =IF(C133="","MISSING","") | L133: =IF(AND(C133<>"",C132<>"",C133=C132),"STALE","") | M133: =IF(D133="","",ABS(D133-G$5)) -> 0.0045472862
B134: 44011 | C134: 1.1209 | D134: =IF(OR(C134="",C133=""),"",LN(C134/C133)) -> 0.0016965047 | E134: =IF(D134="","",ABS(D134-$E$5)/$F$5) -> 0.30895462 | F134: =IF(D134="","",ABS(D134-$G$5)/$H$5) -> 0.56730879 | G134: =IF(D134="","",ABS(D134-$E$5)/SQRT(0.9*(IF(G133="",$F$5^2,(ABS(D133-$E$5)/MAX(G133,0.0000000001))^2))+0.1*(D134-$E$5)^2)) -> 0.32213387 | H134: =IF(E134="","",IF(E134>$I$5,"OUTLIER","")) | I134: =IF(F134="","",IF(F134>$I$5,"OUTLIER","")) | J134: =IF(G134="","",IF(G134>$I$5,"OUTLIER","")) | K134: =IF(C134="","MISSING","") | L134: =IF(AND(C134<>"",C133<>"",C134=C133),"STALE","") | M134: =IF(D134="","",ABS(D134-G$5)) -> 0.0016965047
B135: 44012 | C135: 1.1236 | D135: =IF(OR(C135="",C134=""),"",LN(C135/C134)) -> 0.0024058822 | E135: =IF(D135="","",ABS(D135-$E$5)/$F$5) -> 0.44956822 | F135: =IF(D135="","",ABS(D135-$G$5)/$H$5) -> 0.80452362 | G135: =IF(D135="","",ABS(D135-$E$5)/SQRT(0.9*(IF(G134="",$F$5^2,(ABS(D134-$E$5)/MAX(G134,0.0000000001))^2))+0.1*(D135-$E$5)^2)) -> 0.48817819 | H135: =IF(E135="","",IF(E135>$I$5,"OUTLIER","")) | I135: =IF(F135="","",IF(F135>$I$5,"OUTLIER","")) | J135: =IF(G135="","",IF(G135>$I$5,"OUTLIER","")) | K135: =IF(C135="","MISSING","") | L135: =IF(AND(C135<>"",C134<>"",C135=C134),"STALE","") | M135: =IF(D135="","",ABS(D135-G$5)) -> 0.0024058822
B136: 44013 | C136: 1.1193 | D136: =IF(OR(C136="",C135=""),"",LN(C136/C135)) -> -0.0038343263 | E136: =IF(D136="","",ABS(D136-$E$5)/$F$5) -> 0.78737288 | F136: =IF(D136="","",ABS(D136-$G$5)/$H$5) -> 1.2821933 | G136: =IF(D136="","",ABS(D136-$E$5)/SQRT(0.9*(IF(G135="",$F$5^2,(ABS(D135-$E$5)/MAX(G135,0.0000000001))^2))+0.1*(D136-$E$5)^2)) -> 0.86673064 | H136: =IF(E136="","",IF(E136>$I$5,"OUTLIER","")) | I136: =IF(F136="","",IF(F136>$I$5,"OUTLIER","")) | J136: =IF(G136="","",IF(G136>$I$5,"OUTLIER","")) | K136: =IF(C136="","MISSING","") | L136: =IF(AND(C136<>"",C135<>"",C136=C135),"STALE","") | M136: =IF(D136="","",ABS(D136-G$5)) -> 0.0038343263
B137: 44014 | C137: 1.1243 | D137: =IF(OR(C137="",C136=""),"",LN(C137/C136)) -> 0.0044571299 | E137: =IF(D137="","",ABS(D137-$E$5)/$F$5) -> 0.85616882 | F137: =IF(D137="","",ABS(D137-$G$5)/$H$5) -> 1.4904579 | G137: =IF(D137="","",ABS(D137-$E$5)/SQRT(0.9*(IF(G136="",$F$5^2,(ABS(D136-$E$5)/MAX(G136,0.0000000001))^2))+0.1*(D137-$E$5)^2)) -> 0.94777181 | H137: =IF(E137="","",IF(E137>$I$5,"OUTLIER","")) | I137: =IF(F137="","",IF(F137>$I$5,"OUTLIER","")) | J137: =IF(G137="","",IF(G137>$I$5,"OUTLIER","")) | K137: =IF(C137="","MISSING","") | L137: =IF(AND(C137<>"",C136<>"",C137=C136),"STALE","") | M137: =IF(D137="","",ABS(D137-G$5)) -> 0.0044571299
B138: 44018 | C138: 1.1287 | D138: =IF(OR(C138="",C137=""),"",LN(C138/C137)) -> 0.0039059082 | E138: =IF(D138="","",ABS(D138-$E$5)/$F$5) -> 0.74690505 | F138: =IF(D138="","",ABS(D138-$G$5)/$H$5) -> 1.3061302 | G138: =IF(D138="","",ABS(D138-$E$5)/SQRT(0.9*(IF(G137="",$F$5^2,(ABS(D137-$E$5)/MAX(G137,0.0000000001))^2))+0.1*(D138-$E$5)^2)) -> 0.84021559 | H138: =IF(E138="","",IF(E138>$I$5,"OUTLIER","")) | I138: =IF(F138="","",IF(F138>$I$5,"OUTLIER","")) | J138: =IF(G138="","",IF(G138>$I$5,"OUTLIER","")) | K138: =IF(C138="","MISSING","") | L138: =IF(AND(C138<>"",C137<>"",C138=C137),"STALE","") | M138: =IF(D138="","",ABS(D138-G$5)) -> 0.0039059082
B139: 44019 | C139: 1.1281 | D139: =IF(OR(C139="",C138=""),"",LN(C139/C138)) -> -0.00053172635 | E139: =IF(D139="","",ABS(D139-$E$5)/$F$5) -> 0.13272783 | F139: =IF(D139="","",ABS(D139-$G$5)/$H$5) -> 0.17780854 | G139: =IF(D139="","",ABS(D139-$E$5)/SQRT(0.9*(IF(G138="",$F$5^2,(ABS(D138-$E$5)/MAX(G138,0.0000000001))^2))+0.1*(D139-$E$5)^2)) -> 0.15719143 | H139: =IF(E139="","",IF(E139>$I$5,"OUTLIER","")) | I139: =IF(F139="","",IF(F139>$I$5,"OUTLIER","")) | J139: =IF(G139="","",IF(G139>$I$5,"OUTLIER","")) | K139: =IF(C139="","MISSING","") | L139: =IF(AND(C139<>"",C138<>"",C139=C138),"STALE","") | M139: =IF(D139="","",ABS(D139-G$5)) -> 0.00053172635
B140: 44020 | C140: 1.1287 | D140: =IF(OR(C140="",C139=""),"",LN(C140/C139)) -> 0.00053172635 | E140: =IF(D140="","",ABS(D140-$E$5)/$F$5) -> 0.078070952 | F140: =IF(D140="","",ABS(D140-$G$5)/$H$5) -> 0.17780854 | G140: =IF(D140="","",ABS(D140-$E$5)/SQRT(0.9*(IF(G139="",$F$5^2,(ABS(D139-$E$5)/MAX(G139,0.0000000001))^2))+0.1*(D140-$E$5)^2)) -> 0.097415694 | H140: =IF(E140="","",IF(E140>$I$5,"OUTLIER","")) | I140: =IF(F140="","",IF(F140>$I$5,"OUTLIER","")) | J140: =IF(G140="","",IF(G140>$I$5,"OUTLIER","")) | K140: =IF(C140="","MISSING","") | L140: =IF(AND(C140<>"",C139<>"",C140=C139),"STALE","") | M140: =IF(D140="","",ABS(D140-G$5)) -> 0.00053172635
... B182: 44078 | C182: 1.1808 | D182: =IF(OR(C182="",C181=""),"",LN(C182/C181)) -> -0.0025374284 | E182: =IF(D182="","",ABS(D182-$E$5)/$F$5) -> 0.53030033 | F182: =IF(D182="","",ABS(D182-$G$5)/$H$5) -> 0.84851249 | G182: =IF(D182="","",ABS(D182-$E$5)/SQRT(0.9*(IF(G181="",$F$5^2,(ABS(D181-$E$5)/MAX(G181,0.0000000001))^2))+0.1*(D182-$E$5)^2)) -> 0.58550549 | H182: =IF(E182="","",IF(E182>$I$5,"OUTLIER","")) | I182: =IF(F182="","",IF(F182>$I$5,"OUTLIER","")) | J182: =IF(G182="","",IF(G182>$I$5,"OUTLIER","")) | K182: =IF(C182="","MISSING","") | L182: =IF(AND(C182<>"",C181<>"",C182=C181),"STALE","") | M182: =IF(D182="","",ABS(D182-G$5)) -> 0.0025374284
B183: 44081 | D183: =IF(OR(C183="",C182=""),"",LN(C183/C182)) | E183: =IF(D183="","",ABS(D183-$E$5)/$F$5) | F183: =IF(D183="","",ABS(D183-$G$5)/$H$5) | G183: =IF(D183="","",ABS(D183-$E$5)/SQRT(0.9*(IF(G182="",$F$5^2,(ABS(D182-$E$5)/MAX(G182,0.0000000001))^2))+0.1*(D183-$E$5)^2)) | H183: =IF(E183="","",IF(E183>$I$5,"OUTLIER","")) | I183: =IF(F183="","",IF(F183>$I$5,"OUTLIER","")) | J183: =IF(G183="","",IF(G183>$I$5,"OUTLIER","")) | K183: =IF(C183="","MISSING","") -> MISSING | L183: =IF(AND(C183<>"",C182<>"",C183=C182),"STALE","") | M183: =IF(D183="","",ABS(D183-G$5))
B184: 44082 | C184: 1.178 | D184: =IF(OR(C184="",C183=""),"",LN(C184/C183)) | E184: =IF(D184="","",ABS(D184-$E$5)/$F$5) | F184: =IF(D184="","",ABS(D184-$G$5)/$H$5) | G184: =IF(D184="","",ABS(D184-$E$5)/SQRT(0.9*(IF(G183="",$F$5^2,(ABS(D183-$E$5)/MAX(G183,0.0000000001))^2))+0.1*(D184-$E$5)^2)) | H184: =IF(E184="","",IF(E184>$I$5,"OUTLIER","")) | I184: =IF(F184="","",IF(F184>$I$5,"OUTLIER","")) | J184: =IF(G184="","",IF(G184>$I$5,"OUTLIER","")) | K184: =IF(C184="","MISSING","") | L184: =IF(AND(C184<>"",C183<>"",C184=C183),"STALE","") | M184: =IF(D184="","",ABS(D184-G$5))
B185: 44083 | C185: 1.182 | D185: =IF(OR(C185="",C184=""),"",LN(C185/C184)) -> 0.0033898338 | E185: =IF(D185="","",ABS(D185-$E$5)/$F$5) -> 0.64460819 | F185: =IF(D185="","",ABS(D185-$G$5)/$H$5) -> 1.1335556 | G185: =IF(D185="","",ABS(D185-$E$5)/SQRT(0.9*(IF(G184="",$F$5^2,(ABS(D184-$E$5)/MAX(G184,0.0000000001))^2))+0.1*(D185-$E$5)^2)) -> 0.66431441 | H185: =IF(E185="","",IF(E185>$I$5,"OUTLIER","")) | I185: =IF(F185="","",IF(F185>$I$5,"OUTLIER","")) | J185: =IF(G185="","",IF(G185>$I$5,"OUTLIER","")) | K185: =IF(C185="","MISSING","") | L185: =IF(AND(C185<>"",C184<>"",C185=C184),"STALE","") | M185: =IF(D185="","",ABS(D185-G$5)) -> 0.0033898338
B186: 44084 | C186: 1.183 | D186: =IF(OR(C186="",C185=""),"",LN(C186/C185)) -> 0.00084566601 | E186: =IF(D186="","",ABS(D186-$E$5)/$F$5) -> 0.14030042 | F186: =IF(D186="","",ABS(D186-$G$5)/$H$5) -> 0.28278952 | G186: =IF(D186="","",ABS(D186-$E$5)/SQRT(0.9*(IF(G185="",$F$5^2,(ABS(D185-$E$5)/MAX(G185,0.0000000001))^2))+0.1*(D186-$E$5)^2)) -> 0.15223403 | H186: =IF(E186="","",IF(E186>$I$5,"OUTLIER","")) | I186: =IF(F186="","",IF(F186>$I$5,"OUTLIER","")) | J186: =IF(G186="","",IF(G186>$I$5,"OUTLIER","")) | K186: =IF(C186="","MISSING","") | L186: =IF(AND(C186<>"",C185<>"",C186=C185),"STALE","") | M186: =IF(D186="","",ABS(D186-G$5)) -> 0.00084566601
B187: 44085 | C187: 1.1852 | D187: =IF(OR(C187="",C186=""),"",LN(C187/C186)) -> 0.0018579517 | E187: =IF(D187="","",ABS(D187-$E$5)/$F$5) -> 0.34095683 | F187: =IF(D187="","",ABS(D187-$G$5)/$H$5) -> 0.62129644 | G187: =IF(D187="","",ABS(D187-$E$5)/SQRT(0.9*(IF(G186="",$F$5^2,(ABS(D186-$E$5)/MAX(G186,0.0000000001))^2))+0.1*(D187-$E$5)^2)) -> 0.38703787 | H187: =IF(E187="","",IF(E187>$I$5,"OUTLIER","")) | I187: =IF(F187="","",IF(F187>$I$5,"OUTLIER","")) | J187: =IF(G187="","",IF(G187>$I$5,"OUTLIER","")) | K187: =IF(C187="","MISSING","") | L187: =IF(AND(C187<>"",C186<>"",C187=C186),"STALE","") | M187: =IF(D187="","",ABS(D187-G$5)) -> 0.0018579517
B188: 44088 | C188: 1.1841 | D188: =IF(OR(C188="",C187=""),"",LN(C188/C187)) -> -0.00092854436 | E188: =IF(D188="","",ABS(D188-$E$5)/$F$5) -> 0.21138554 | F188: =IF(D188="","",ABS(D188-$G$5)/$H$5) -> 0.31050393 | G188: =IF(D188="","",ABS(D188-$E$5)/SQRT(0.9*(IF(G187="",$F$5^2,(ABS(D187-$E$5)/MAX(G187,0.0000000001))^2))+0.1*(D188-$E$5)^2)) -> 0.25212929 | H188: =IF(E188="","",IF(E188>$I$5,"OUTLIER","")) | I188: =IF(F188="","",IF(F188>$I$5,"OUTLIER","")) | J188: =IF(G188="","",IF(G188>$I$5,"OUTLIER","")) | K188: =IF(C188="","MISSING","") | L188: =IF(AND(C188<>"",C187<>"",C188=C187),"STALE","") | M188: =IF(D188="","",ABS(D188-G$5)) -> 0.00092854436
B189: 44089 | C189: 1.189 | D189: =IF(OR(C189="",C188=""),"",LN(C189/C188)) -> 0.0041296254 | E189: =IF(D189="","",ABS(D189-$E$5)/$F$5) -> 0.79125051 | F189: =IF(D189="","",ABS(D189-$G$5)/$H$5) -> 1.3809409 | G189: =IF(D189="","",ABS(D189-$E$5)/SQRT(0.9*(IF(G188="",$F$5^2,(ABS(D188-$E$5)/MAX(G188,0.0000000001))^2))+0.1*(D189-$E$5)^2)) -> 0.94896206 | H189: =IF(E189="","",IF(E189>$I$5,"OUTLIER","")) | I189: =IF(F189="","",IF(F189>$I$5,"OUTLIER","")) | J189: =IF(G189="","",IF(G189>$I$5,"OUTLIER","")) | K189: =IF(C189="","MISSING","") | L189: =IF(AND(C189<>"",C188<>"",C189=C188),"STALE","") | M189: =IF(D189="","",ABS(D189-G$5)) -> 0.0041296254
B190: 44090 | C190: 1.1763 | D190: =IF(OR(C190="",C189=""),"",LN(C190/C189)) -> -0.010738699 | E190: =IF(D190="","",ABS(D190-$E$5)/$F$5) -> 2.1559653 | F190: =IF(D190="","",ABS(D190-$G$5)/$H$5) -> 3.5910057 | G190: =IF(D190="","",ABS(D190-$E$5)/SQRT(0.9*(IF(G189="",$F$5^2,(ABS(D189-$E$5)/MAX(G189,0.0000000001))^2))+0.1*(D190-$E$5)^2)) -> 2.06454 | H190: =IF(E190="","",IF(E190>$I$5,"OUTLIER","")) | I190: =IF(F190="","",IF(F190>$I$5,"OUTLIER","")) -> OUTLIER | J190: =IF(G190="","",IF(G190>$I$5,"OUTLIER","")) | K190: =IF(C190="","MISSING","") | L190: =IF(AND(C190<>"",C189<>"",C190=C189),"STALE","") | M190: =IF(D190="","",ABS(D190-G$5)) -> 0.010738699
B191: 44091 | C191: 1.176 | D191: =IF(OR(C191="",C190=""),"",LN(C191/C190)) -> -0.00025506951 | E191: =IF(D191="","",ABS(D191-$E$5)/$F$5) -> 0.077888601 | F191: =IF(D191="","",ABS(D191-$G$5)/$H$5) -> 0.085294884 | G191: =IF(D191="","",ABS(D191-$E$5)/SQRT(0.9*(IF(G190="",$F$5^2,(ABS(D190-$E$5)/MAX(G190,0.0000000001))^2))+0.1*(D191-$E$5)^2)) -> 0.078595922 | H191: =IF(E191="","",IF(E191>$I$5,"OUTLIER","")) | I191: =IF(F191="","",IF(F191>$I$5,"OUTLIER","")) | J191: =IF(G191="","",IF(G191>$I$5,"OUTLIER","")) | K191: =IF(C191="","MISSING","") | L191: =IF(AND(C191<>"",C190<>"",C191=C190),"STALE","") | M191: =IF(D191="","",ABS(D191-G$5)) -> 0.00025506951
B192: 44092 | C192: 1.1835 | D192: =IF(OR(C192="",C191=""),"",LN(C192/C191)) -> 0.0063573005 | E192: =IF(D192="","",ABS(D192-$E$5)/$F$5) -> 1.2328228 | F192: =IF(D192="","",ABS(D192-$G$5)/$H$5) -> 2.1258723 | G192: =IF(D192="","",ABS(D192-$E$5)/SQRT(0.9*(IF(G191="",$F$5^2,(ABS(D191-$E$5)/MAX(G191,0.0000000001))^2))+0.1*(D192-$E$5)^2)) -> 1.2112961 | H192: =IF(E192="","",IF(E192>$I$5,"OUTLIER","")) | I192: =IF(F192="","",IF(F192>$I$5,"OUTLIER","")) | J192: =IF(G192="","",IF(G192>$I$5,"OUTLIER","")) | K192: =IF(C192="","MISSING","") | L192: =IF(AND(C192<>"",C191<>"",C192=C191),"STALE","") | M192: =IF(D192="","",ABS(D192-G$5)) -> 0.0063573005
B193: 44095 | C193: 1.1737 | D193: =IF(OR(C193="",C192=""),"",LN(C193/C192)) -> -0.0083149978 | E193: =IF(D193="","",ABS(D193-$E$5)/$F$5) -> 1.6755366 | F193: =IF(D193="","",ABS(D193-$G$5)/$H$5) -> 2.7805236 | G193: =IF(D193="","",ABS(D193-$E$5)/SQRT(0.9*(IF(G192="",$F$5^2,(ABS(D192-$E$5)/MAX(G192,0.0000000001))^2))+0.1*(D193-$E$5)^2)) -> 1.5213206 | H193: =IF(E193="","",IF(E193>$I$5,"OUTLIER","")) | I193: =IF(F193="","",IF(F193>$I$5,"OUTLIER","")) | J193: =IF(G193="","",IF(G193>$I$5,"OUTLIER","")) | K193: =IF(C193="","MISSING","") | L193: =IF(AND(C193<>"",C192<>"",C193=C192),"STALE","") | M193: =IF(D193="","",ABS(D193-G$5)) -> 0.0083149978
B194: 44096 | C194: 1.1742 | D194: =IF(OR(C194="",C193=""),"",LN(C194/C193)) -> 0.00042591252 | E194: =IF(D194="","",ABS(D194-$E$5)/$F$5) -> 0.057096417 | F194: =IF(D194="","",ABS(D194-$G$5)/$H$5) -> 0.14242455 | G194: =IF(D194="","",ABS(D194-$E$5)/SQRT(0.9*(IF(G193="",$F$5^2,(ABS(D193-$E$5)/MAX(G193,0.0000000001))^2))+0.1*(D194-$E$5)^2)) -> 0.054637347 | H194: =IF(E194="","",IF(E194>$I$5,"OUTLIER","")) | I194: =IF(F194="","",IF(F194>$I$5,"OUTLIER","")) | J194: =IF(G194="","",IF(G194>$I$5,"OUTLIER","")) | K194: =IF(C194="","MISSING","") | L194: =IF(AND(C194<>"",C193<>"",C194=C193),"STALE","") | M194: =IF(D194="","",ABS(D194-G$5)) -> 0.00042591252
B195: 44097 | C195: 1.1638 | D195: =IF(OR(C195="",C194=""),"",LN(C195/C194)) -> -0.0088965514 | E195: =IF(D195="","",ABS(D195-$E$5)/$F$5) -> 1.7908128 | F195: =IF(D195="","",ABS(D195-$G$5)/$H$5) -> 2.9749943 | G195: =IF(D195="","",ABS(D195-$E$5)/SQRT(0.9*(IF(G194="",$F$5^2,(ABS(D194-$E$5)/MAX(G194,0.0000000001))^2))+0.1*(D195-$E$5)^2)) -> 1.5685144 | H195: =IF(E195="","",IF(E195>$I$5,"OUTLIER","")) | I195: =IF(F195="","",IF(F195>$I$5,"OUTLIER","")) | J195: =IF(G195="","",IF(G195>$I$5,"OUTLIER","")) | K195: =IF(C195="","MISSING","") | L195: =IF(AND(C195<>"",C194<>"",C195=C194),"STALE","") | M195: =IF(D195="","",ABS(D195-G$5)) -> 0.0088965514
... B229: 44145 | C229: 1.1853 | D229: =IF(OR(C229="",C228=""),"",LN(C229/C228)) -> 0.0027879881 | E229: =IF(D229="","",ABS(D229-$E$5)/$F$5) -> 0.52530968 | F229: =IF(D229="","",ABS(D229-$G$5)/$H$5) -> 0.9322993 | G229: =IF(D229="","",ABS(D229-$E$5)/SQRT(0.9*(IF(G228="",$F$5^2,(ABS(D228-$E$5)/MAX(G228,0.0000000001))^2))+0.1*(D229-$E$5)^2)) -> 0.57672203 | H229: =IF(E229="","",IF(E229>$I$5,"OUTLIER","")) | I229: =IF(F229="","",IF(F229>$I$5,"OUTLIER","")) | J229: =IF(G229="","",IF(G229>$I$5,"OUTLIER","")) | K229: =IF(C229="","MISSING","") | L229: =IF(AND(C229<>"",C228<>"",C229=C228),"STALE","") | M229: =IF(D229="","",ABS(D229-G$5)) -> 0.0027879881
B230: 44146 | D230: =IF(OR(C230="",C229=""),"",LN(C230/C229)) | E230: =IF(D230="","",ABS(D230-$E$5)/$F$5) | F230: =IF(D230="","",ABS(D230-$G$5)/$H$5) | G230: =IF(D230="","",ABS(D230-$E$5)/SQRT(0.9*(IF(G229="",$F$5^2,(ABS(D229-$E$5)/MAX(G229,0.0000000001))^2))+0.1*(D230-$E$5)^2)) | H230: =IF(E230="","",IF(E230>$I$5,"OUTLIER","")) | I230: =IF(F230="","",IF(F230>$I$5,"OUTLIER","")) | J230: =IF(G230="","",IF(G230>$I$5,"OUTLIER","")) | K230: =IF(C230="","MISSING","") -> MISSING | L230: =IF(AND(C230<>"",C229<>"",C230=C229),"STALE","") | M230: =IF(D230="","",ABS(D230-G$5))
B231: 44147 | C231: 1.183 | D231: =IF(OR(C231="",C230=""),"",LN(C231/C230)) | E231: =IF(D231="","",ABS(D231-$E$5)/$F$5) | F231: =IF(D231="","",ABS(D231-$G$5)/$H$5) | G231: =IF(D231="","",ABS(D231-$E$5)/SQRT(0.9*(IF(G230="",$F$5^2,(ABS(D230-$E$5)/MAX(G230,0.0000000001))^2))+0.1*(D231-$E$5)^2)) | H231: =IF(E231="","",IF(E231>$I$5,"OUTLIER","")) | I231: =IF(F231="","",IF(F231>$I$5,"OUTLIER","")) | J231: =IF(G231="","",IF(G231>$I$5,"OUTLIER","")) | K231: =IF(C231="","MISSING","") | L231: =IF(AND(C231<>"",C230<>"",C231=C230),"STALE","") | M231: =IF(D231="","",ABS(D231-G$5))
B232: 44148 | C232: 1.1849 | D232: =IF(OR(C232="",C231=""),"",LN(C232/C231)) -> 0.0016047978 | E232: =IF(D232="","",ABS(D232-$E$5)/$F$5) -> 0.29077638 | F232: =IF(D232="","",ABS(D232-$G$5)/$H$5) -> 0.53664214 | G232: =IF(D232="","",ABS(D232-$E$5)/SQRT(0.9*(IF(G231="",$F$5^2,(ABS(D231-$E$5)/MAX(G231,0.0000000001))^2))+0.1*(D232-$E$5)^2)) -> 0.30507555 | H232: =IF(E232="","",IF(E232>$I$5,"OUTLIER","")) | I232: =IF(F232="","",IF(F232>$I$5,"OUTLIER","")) | J232: =IF(G232="","",IF(G232>$I$5,"OUTLIER","")) | K232: =IF(C232="","MISSING","") | L232: =IF(AND(C232<>"",C231<>"",C232=C231),"STALE","") | M232: =IF(D232="","",ABS(D232-G$5)) -> 0.0016047978
B233: 44151 | C233: 1.186 | D233: =IF(OR(C233="",C232=""),"",LN(C233/C232)) -> 0.00092791773 | E233: =IF(D233="","",ABS(D233-$E$5)/$F$5) -> 0.15660445 | F233: =IF(D233="","",ABS(D233-$G$5)/$H$5) -> 0.31029438 | G233: =IF(D233="","",ABS(D233-$E$5)/SQRT(0.9*(IF(G232="",$F$5^2,(ABS(D232-$E$5)/MAX(G232,0.0000000001))^2))+0.1*(D233-$E$5)^2)) -> 0.17293414 | H233: =IF(E233="","",IF(E233>$I$5,"OUTLIER","")) | I233: =IF(F233="","",IF(F233>$I$5,"OUTLIER","")) | J233: =IF(G233="","",IF(G233>$I$5,"OUTLIER","")) | K233: =IF(C233="","MISSING","") | L233: =IF(AND(C233<>"",C232<>"",C233=C232),"STALE","") | M233: =IF(D233="","",ABS(D233-G$5)) -> 0.00092791773
B234: 44152 | C234: 1.1883 | D234: =IF(OR(C234="",C233=""),"",LN(C234/C233)) -> 0.0019374137 | E234: =IF(D234="","",ABS(D234-$E$5)/$F$5) -> 0.35670788 | F234: =IF(D234="","",ABS(D234-$G$5)/$H$5) -> 0.64786842 | G234: =IF(D234="","",ABS(D234-$E$5)/SQRT(0.9*(IF(G233="",$F$5^2,(ABS(D233-$E$5)/MAX(G233,0.0000000001))^2))+0.1*(D234-$E$5)^2)) -> 0.41167678 | H234: =IF(E234="","",IF(E234>$I$5,"OUTLIER","")) | I234: =IF(F234="","",IF(F234>$I$5,"OUTLIER","")) | J234: =IF(G234="","",IF(G234>$I$5,"OUTLIER","")) | K234: =IF(C234="","MISSING","") | L234: =IF(AND(C234<>"",C233<>"",C234=C233),"STALE","") | M234: =IF(D234="","",ABS(D234-G$5)) -> 0.0019374137
B235: 44153 | C235: 1.1871 | D235: =IF(OR(C235="",C234=""),"",LN(C235/C234)) -> -0.0010103562 | E235: =IF(D235="","",ABS(D235-$E$5)/$F$5) -> 0.22760238 | F235: =IF(D235="","",ABS(D235-$G$5)/$H$5) -> 0.3378617 | G235: =IF(D235="","",ABS(D235-$E$5)/SQRT(0.9*(IF(G234="",$F$5^2,(ABS(D234-$E$5)/MAX(G234,0.0000000001))^2))+0.1*(D235-$E$5)^2)) -> 0.27582956 | H235: =IF(E235="","",IF(E235>$I$5,"OUTLIER","")) | I235: =IF(F235="","",IF(F235>$I$5,"OUTLIER","")) | J235: =IF(G235="","",IF(G235>$I$5,"OUTLIER","")) | K235: =IF(C235="","MISSING","") | L235: =IF(AND(C235<>"",C234<>"",C235=C234),"STALE","") | M235: =IF(D235="","",ABS(D235-G$5)) -> 0.0010103562
B236: 44154 | C236: 1.1848 | D236: =IF(OR(C236="",C235=""),"",LN(C236/C235)) -> -0.0019393741 | E236: =IF(D236="","",ABS(D236-$E$5)/$F$5) -> 0.41175334 | F236: =IF(D236="","",ABS(D236-$G$5)/$H$5) -> 0.64852397 | G236: =IF(D236="","",ABS(D236-$E$5)/SQRT(0.9*(IF(G235="",$F$5^2,(ABS(D235-$E$5)/MAX(G235,0.0000000001))^2))+0.1*(D236-$E$5)^2)) -> 0.5188642 | H236: =IF(E236="","",IF(E236>$I$5,"OUTLIER","")) | I236: =IF(F236="","",IF(F236>$I$5,"OUTLIER","")) | J236: =IF(G236="","",IF(G236>$I$5,"OUTLIER","")) | K236: =IF(C236="","MISSING","") | L236: =IF(AND(C236<>"",C235<>"",C236=C235),"STALE","") | M236: =IF(D236="","",ABS(D236-G$5)) -> 0.0019393741
B237: 44155 | C237: 1.1839 | D237: =IF(OR(C237="",C236=""),"",LN(C237/C236)) -> -0.00075991054 | E237: =IF(D237="","",ABS(D237-$E$5)/$F$5) -> 0.17795875 | F237: =IF(D237="","",ABS(D237-$G$5)/$H$5) -> 0.25411301 | G237: =IF(D237="","",ABS(D237-$E$5)/SQRT(0.9*(IF(G236="",$F$5^2,(ABS(D236-$E$5)/MAX(G236,0.0000000001))^2))+0.1*(D237-$E$5)^2)) -> 0.23572449 | H237: =IF(E237="","",IF(E237>$I$5,"OUTLIER","")) | I237: =IF(F237="","",IF(F237>$I$5,"OUTLIER","")) | J237: =IF(G237="","",IF(G237>$I$5,"OUTLIER","")) | K237: =IF(C237="","MISSING","") | L237: =IF(AND(C237<>"",C236<>"",C237=C236),"STALE","") | M237: =IF(D237="","",ABS(D237-G$5)) -> 0.00075991054
B238: 44158 | C238: 1.1864 | D238: =IF(OR(C238="",C237=""),"",LN(C238/C237)) -> 0.0021094384 | E238: =IF(D238="","",ABS(D238-$E$5)/$F$5) -> 0.3908068 | F238: =IF(D238="","",ABS(D238-$G$5)/$H$5) -> 0.70539323 | G238: =IF(D238="","",ABS(D238-$E$5)/SQRT(0.9*(IF(G237="",$F$5^2,(ABS(D237-$E$5)/MAX(G237,0.0000000001))^2))+0.1*(D238-$E$5)^2)) -> 0.53771856 | H238: =IF(E238="","",IF(E238>$I$5,"OUTLIER","")) | I238: =IF(F238="","",IF(F238>$I$5,"OUTLIER","")) | J238: =IF(G238="","",IF(G238>$I$5,"OUTLIER","")) | K238: =IF(C238="","MISSING","") | L238: =IF(AND(C238<>"",C237<>"",C238=C237),"STALE","") | M238: =IF(D238="","",ABS(D238-G$5)) -> 0.0021094384
B239: 44159 | C239: 1.1929 | D239: =IF(OR(C239="",C238=""),"",LN(C239/C238)) -> 0.0054638055 | E239: =IF(D239="","",ABS(D239-$E$5)/$F$5) -> 1.0557132 | F239: =IF(D239="","",ABS(D239-$G$5)/$H$5) -> 1.8270888 | G239: =IF(D239="","",ABS(D239-$E$5)/SQRT(0.9*(IF(G238="",$F$5^2,(ABS(D238-$E$5)/MAX(G238,0.0000000001))^2))+0.1*(D239-$E$5)^2)) -> 1.3781049 | H239: =IF(E239="","",IF(E239>$I$5,"OUTLIER","")) | I239: =IF(F239="","",IF(F239>$I$5,"OUTLIER","")) | J239: =IF(G239="","",IF(G239>$I$5,"OUTLIER","")) | K239: =IF(C239="","MISSING","") | L239: =IF(AND(C239<>"",C238<>"",C239=C238),"STALE","") | M239: =IF(D239="","",ABS(D239-G$5)) -> 0.0054638055
B240: 44160 | C240: 1.1923 | D240: =IF(OR(C240="",C239=""),"",LN(C240/C239)) -> -0.00050310248 | E240: =IF(D240="","",ABS(D240-$E$5)/$F$5) -> 0.12705397 | F240: =IF(D240="","",ABS(D240-$G$5)/$H$5) -> 0.16823676 | G240: =IF(D240="","",ABS(D240-$E$5)/SQRT(0.9*(IF(G239="",$F$5^2,(ABS(D239-$E$5)/MAX(G239,0.0000000001))^2))+0.1*(D240-$E$5)^2)) -> 0.17455836 | H240: =IF(E240="","",IF(E240>$I$5,"OUTLIER","")) | I240: =IF(F240="","",IF(F240>$I$5,"OUTLIER","")) | J240: =IF(G240="","",IF(G240>$I$5,"OUTLIER","")) | K240: =IF(C240="","MISSING","") | L240: =IF(AND(C240<>"",C239<>"",C240=C239),"STALE","") | M240: =IF(D240="","",ABS(D240-G$5)) -> 0.00050310248
B241: 44162 | D241: =IF(OR(C241="",C240=""),"",LN(C241/C240)) | E241: =IF(D241="","",ABS(D241-$E$5)/$F$5) | F241: =IF(D241="","",ABS(D241-$G$5)/$H$5) | G241: =IF(D241="","",ABS(D241-$E$5)/SQRT(0.9*(IF(G240="",$F$5^2,(ABS(D240-$E$5)/MAX(G240,0.0000000001))^2))+0.1*(D241-$E$5)^2)) | H241: =IF(E241="","",IF(E241>$I$5,"OUTLIER","")) | I241: =IF(F241="","",IF(F241>$I$5,"OUTLIER","")) | J241: =IF(G241="","",IF(G241>$I$5,"OUTLIER","")) | K241: =IF(C241="","MISSING","") -> MISSING | L241: =IF(AND(C241<>"",C240<>"",C241=C240),"STALE","") | M241: =IF(D241="","",ABS(D241-G$5))
B242: 44165 | C242: 1.1964 | D242: =IF(OR(C242="",C241=""),"",LN(C242/C241)) | E242: =IF(D242="","",ABS(D242-$E$5)/$F$5) | F242: =IF(D242="","",ABS(D242-$G$5)/$H$5) | G242: =IF(D242="","",ABS(D242-$E$5)/SQRT(0.9*(IF(G241="",$F$5^2,(ABS(D241-$E$5)/MAX(G241,0.0000000001))^2))+0.1*(D242-$E$5)^2)) | H242: =IF(E242="","",IF(E242>$I$5,"OUTLIER","")) | I242: =IF(F242="","",IF(F242>$I$5,"OUTLIER","")) | J242: =IF(G242="","",IF(G242>$I$5,"OUTLIER","")) | K242: =IF(C242="","MISSING","") | L242: =IF(AND(C242<>"",C241<>"",C242=C241),"STALE","") | M242: =IF(D242="","",ABS(D242-G$5))
B243: 44166 | C243: 1.2057 | D243: =IF(OR(C243="",C242=""),"",LN(C243/C242)) -> 0.0077432634 | E243: =IF(D243="","",ABS(D243-$E$5)/$F$5) -> 1.5075499 | F243: =IF(D243="","",ABS(D243-$G$5)/$H$5) -> 2.5893364 | G243: =IF(D243="","",ABS(D243-$E$5)/SQRT(0.9*(IF(G242="",$F$5^2,(ABS(D242-$E$5)/MAX(G242,0.0000000001))^2))+0.1*(D243-$E$5)^2)) -> 1.4198994 | H243: =IF(E243="","",IF(E243>$I$5,"OUTLIER","")) | I243: =IF(F243="","",IF(F243>$I$5,"OUTLIER","")) | J243: =IF(G243="","",IF(G243>$I$5,"OUTLIER","")) | K243: =IF(C243="","MISSING","") | L243: =IF(AND(C243<>"",C242<>"",C243=C242),"STALE","") | M243: =IF(D243="","",ABS(D243-G$5)) -> 0.0077432634
B244: 44167 | C244: 1.2105 | D244: =IF(OR(C244="",C243=""),"",LN(C244/C243)) -> 0.0039731863 | E244: =IF(D244="","",ABS(D244-$E$5)/$F$5) -> 0.76024098 | F244: =IF(D244="","",ABS(D244-$G$5)/$H$5) -> 1.3286279 | G244: =IF(D244="","",ABS(D244-$E$5)/SQRT(0.9*(IF(G243="",$F$5^2,(ABS(D243-$E$5)/MAX(G243,0.0000000001))^2))+0.1*(D244-$E$5)^2)) -> 0.73415029 | H244: =IF(E244="","",IF(E244>$I$5,"OUTLIER","")) | I244: =IF(F244="","",IF(F244>$I$5,"OUTLIER","")) | J244: =IF(G244="","",IF(G244>$I$5,"OUTLIER","")) | K244: =IF(C244="","MISSING","") | L244: =IF(AND(C244<>"",C243<>"",C244=C243),"STALE","") | M244: =IF(D244="","",ABS(D244-G$5)) -> 0.0039731863
B245: 44168 | C245: 1.2099 | D245: =IF(OR(C245="",C244=""),"",LN(C245/C244)) -> -0.00049578583 | E245: =IF(D245="","",ABS(D245-$E$5)/$F$5) -> 0.12560366 | F245: =IF(D245="","",ABS(D245-$G$5)/$H$5) -> 0.16579008 | G245: =IF(D245="","",ABS(D245-$E$5)/SQRT(0.9*(IF(G244="",$F$5^2,(ABS(D244-$E$5)/MAX(G244,0.0000000001))^2))+0.1*(D245-$E$5)^2)) -> 0.12774975 | H245: =IF(E245="","",IF(E245>$I$5,"OUTLIER","")) | I245: =IF(F245="","",IF(F245>$I$5,"OUTLIER","")) | J245: =IF(G245="","",IF(G245>$I$5,"OUTLIER","")) | K245: =IF(C245="","MISSING","") | L245: =IF(AND(C245<>"",C244<>"",C245=C244),"STALE","") | M245: =IF(D245="","",ABS(D245-G$5)) -> 0.00049578583
B246: 44169 | C246: 1.2119 | D246: =IF(OR(C246="",C245=""),"",LN(C246/C245)) -> 0.0016516644 | E246: =IF(D246="","",ABS(D246-$E$5)/$F$5) -> 0.30006633 | F246: =IF(D246="","",ABS(D246-$G$5)/$H$5) -> 0.55231426 | G246: =IF(D246="","",ABS(D246-$E$5)/SQRT(0.9*(IF(G245="",$F$5^2,(ABS(D245-$E$5)/MAX(G245,0.0000000001))^2))+0.1*(D246-$E$5)^2)) -> 0.32005014 | H246: =IF(E246="","",IF(E246>$I$5,"OUTLIER","")) | I246: =IF(F246="","",IF(F246>$I$5,"OUTLIER","")) | J246: =IF(G246="","",IF(G246>$I$5,"OUTLIER","")) | K246: =IF(C246="","MISSING","") | L246: =IF(AND(C246<>"",C245<>"",C246=C245),"STALE","") | M246: =IF(D246="","",ABS(D246-G$5)) -> 0.0016516644
B247: 44172 | C247: 1.2098 | D247: =IF(OR(C247="",C246=""),"",LN(C247/C246)) -> -0.0017343193 | E247: =IF(D247="","",ABS(D247-$E$5)/$F$5) -> 0.37110715 | F247: =IF(D247="","",ABS(D247-$G$5)/$H$5) -> 0.57995393 | G247: =IF(D247="","",ABS(D247-$E$5)/SQRT(0.9*(IF(G246="",$F$5^2,(ABS(D246-$E$5)/MAX(G246,0.0000000001))^2))+0.1*(D247-$E$5)^2)) -> 0.41364824 | H247: =IF(E247="","",IF(E247>$I$5,"OUTLIER","")) | I247: =IF(F247="","",IF(F247>$I$5,"OUTLIER","")) | J247: =IF(G247="","",IF(G247>$I$5,"OUTLIER","")) | K247: =IF(C247="","MISSING","") | L247: =IF(AND(C247<>"",C246<>"",C247=C246),"STALE","") | M247: =IF(D247="","",ABS(D247-G$5)) -> 0.0017343193
B248: 44173 | C248: 1.2084 | D248: =IF(OR(C248="",C247=""),"",LN(C248/C247)) -> -0.0011578862 | E248: =IF(D248="","",ABS(D248-$E$5)/$F$5) -> 0.25684593 | F248: =IF(D248="","",ABS(D248-$G$5)/$H$5) -> 0.3871955 | G248: =IF(D248="","",ABS(D248-$E$5)/SQRT(0.9*(IF(G247="",$F$5^2,(ABS(D247-$E$5)/MAX(G247,0.0000000001))^2))+0.1*(D248-$E$5)^2)) -> 0.30041023 | H248: =IF(E248="","",IF(E248>$I$5,"OUTLIER","")) | I248: =IF(F248="","",IF(F248>$I$5,"OUTLIER","")) | J248: =IF(G248="","",IF(G248>$I$5,"OUTLIER","")) | K248: =IF(C248="","MISSING","") | L248: =IF(AND(C248<>"",C247<>"",C248=C247),"STALE","") | M248: =IF(D248="","",ABS(D248-G$5)) -> 0.0011578862
B249: 44174 | C249: 1.2094 | D249: =IF(OR(C249="",C248=""),"",LN(C249/C248)) -> 0.00082719833 | E249: =IF(D249="","",ABS(D249-$E$5)/$F$5) -> 0.13663974 | F249: =IF(D249="","",ABS(D249-$G$5)/$H$5) -> 0.27661396 | G249: =IF(D249="","",ABS(D249-$E$5)/SQRT(0.9*(IF(G248="",$F$5^2,(ABS(D248-$E$5)/MAX(G248,0.0000000001))^2))+0.1*(D249-$E$5)^2)) -> 0.16822186 | H249: =IF(E249="","",IF(E249>$I$5,"OUTLIER","")) | I249: =IF(F249="","",IF(F249>$I$5,"OUTLIER","")) | J249: =IF(G249="","",IF(G249>$I$5,"OUTLIER","")) | K249: =IF(C249="","MISSING","") | L249: =IF(AND(C249<>"",C248<>"",C249=C248),"STALE","") | M249: =IF(D249="","",ABS(D249-G$5)) -> 0.00082719833
B250: 44175 | C250: 1.2154 | D250: =IF(OR(C250="",C249=""),"",LN(C250/C249)) -> 0.0049488719 | E250: =IF(D250="","",ABS(D250-$E$5)/$F$5) -> 0.95364247 | F250: =IF(D250="","",ABS(D250-$G$5)/$H$5) -> 1.6548958 | G250: =IF(D250="","",ABS(D250-$E$5)/SQRT(0.9*(IF(G249="",$F$5^2,(ABS(D249-$E$5)/MAX(G249,0.0000000001))^2))+0.1*(D250-$E$5)^2)) -> 1.1524586 | H250: =IF(E250="","",IF(E250>$I$5,"OUTLIER","")) | I250: =IF(F250="","",IF(F250>$I$5,"OUTLIER","")) | J250: =IF(G250="","",IF(G250>$I$5,"OUTLIER","")) | K250: =IF(C250="","MISSING","") | L250: =IF(AND(C250<>"",C249<>"",C250=C249),"STALE","") | M250: =IF(D250="","",ABS(D250-G$5)) -> 0.0049488719
B251: 44176 | C251: 1.2141 | D251: =IF(OR(C251="",C250=""),"",LN(C251/C250)) -> -0.0010701792 | E251: =IF(D251="","",ABS(D251-$E$5)/$F$5) -> 0.23946054 | F251: =IF(D251="","",ABS(D251-$G$5)/$H$5) -> 0.3578664 | G251: =IF(D251="","",ABS(D251-$E$5)/SQRT(0.9*(IF(G250="",$F$5^2,(ABS(D250-$E$5)/MAX(G250,0.0000000001))^2))+0.1*(D251-$E$5)^2)) -> 0.30362765 | H251: =IF(E251="","",IF(E251>$I$5,"OUTLIER","")) | I251: =IF(F251="","",IF(F251>$I$5,"OUTLIER","")) | J251: =IF(G251="","",IF(G251>$I$5,"OUTLIER","")) | K251: =IF(C251="","MISSING","") | L251: =IF(AND(C251<>"",C250<>"",C251=C250),"STALE","") | M251: =IF(D251="","",ABS(D251-G$5)) -> 0.0010701792
B252: 44179 | C252: 1.2224 | D252: =IF(OR(C252="",C251=""),"",LN(C252/C251)) -> 0.0068130779 | E252: =IF(D252="","",ABS(D252-$E$5)/$F$5) -> 1.3231675 | F252: =IF(D252="","",ABS(D252-$G$5)/$H$5) -> 2.2782836 | G252: =IF(D252="","",ABS(D252-$E$5)/SQRT(0.9*(IF(G251="",$F$5^2,(ABS(D251-$E$5)/MAX(G251,0.0000000001))^2))+0.1*(D252-$E$5)^2)) -> 1.5435097 | H252: =IF(E252="","",IF(E252>$I$5,"OUTLIER","")) | I252: =IF(F252="","",IF(F252>$I$5,"OUTLIER","")) | J252: =IF(G252="","",IF(G252>$I$5,"OUTLIER","")) | K252: =IF(C252="","MISSING","") | L252: =IF(AND(C252<>"",C251<>"",C252=C251),"STALE","") | M252: =IF(D252="","",ABS(D252-G$5)) -> 0.0068130779
B253: 44180 | C253: 1.2242 | D253: =IF(OR(C253="",C252=""),"",LN(C253/C252)) -> 0.00147143 | E253: =IF(D253="","",ABS(D253-$E$5)/$F$5) -> 0.26434006 | F253: =IF(D253="","",ABS(D253-$G$5)/$H$5) -> 0.49204412 | G253: =IF(D253="","",ABS(D253-$E$5)/SQRT(0.9*(IF(G252="",$F$5^2,(ABS(D252-$E$5)/MAX(G252,0.0000000001))^2))+0.1*(D253-$E$5)^2)) -> 0.32333605 | H253: =IF(E253="","",IF(E253>$I$5,"OUTLIER","")) | I253: =IF(F253="","",IF(F253>$I$5,"OUTLIER","")) | J253: =IF(G253="","",IF(G253>$I$5,"OUTLIER","")) | K253: =IF(C253="","MISSING","") | L253: =IF(AND(C253<>"",C252<>"",C253=C252),"STALE","") | M253: =IF(D253="","",ABS(D253-G$5)) -> 0.00147143
... B259: 44188 | C259: 1.2172 | D259: =IF(OR(C259="",C258=""),"",LN(C259/C258)) -> 0.0005752558 | E259: =IF(D259="","",ABS(D259-$E$5)/$F$5) -> 0.086699408 | F259: =IF(D259="","",ABS(D259-$G$5)/$H$5) -> 0.19236473 | G259: =IF(D259="","",ABS(D259-$E$5)/SQRT(0.9*(IF(G258="",$F$5^2,(ABS(D258-$E$5)/MAX(G258,0.0000000001))^2))+0.1*(D259-$E$5)^2)) -> 0.11113522 | H259: =IF(E259="","",IF(E259>$I$5,"OUTLIER","")) | I259: =IF(F259="","",IF(F259>$I$5,"OUTLIER","")) | J259: =IF(G259="","",IF(G259>$I$5,"OUTLIER","")) | K259: =IF(C259="","MISSING","") | L259: =IF(AND(C259<>"",C258<>"",C259=C258),"STALE","") | M259: =IF(D259="","",ABS(D259-G$5)) -> 0.0005752558
B260: 44189 | D260: =IF(OR(C260="",C259=""),"",LN(C260/C259)) | E260: =IF(D260="","",ABS(D260-$E$5)/$F$5) | F260: =IF(D260="","",ABS(D260-$G$5)/$H$5) | G260: =IF(D260="","",ABS(D260-$E$5)/SQRT(0.9*(IF(G259="",$F$5^2,(ABS(D259-$E$5)/MAX(G259,0.0000000001))^2))+0.1*(D260-$E$5)^2)) | H260: =IF(E260="","",IF(E260>$I$5,"OUTLIER","")) | I260: =IF(F260="","",IF(F260>$I$5,"OUTLIER","")) | J260: =IF(G260="","",IF(G260>$I$5,"OUTLIER","")) | K260: =IF(C260="","MISSING","") -> MISSING | L260: =IF(AND(C260<>"",C259<>"",C260=C259),"STALE","") | M260: =IF(D260="","",ABS(D260-G$5))
B261: 44193 | C261: 1.2272 | D261: =IF(OR(C261="",C260=""),"",LN(C261/C260)) | E261: =IF(D261="","",ABS(D261-$E$5)/$F$5) | F261: =IF(D261="","",ABS(D261-$G$5)/$H$5) | G261: =IF(D261="","",ABS(D261-$E$5)/SQRT(0.9*(IF(G260="",$F$5^2,(ABS(D260-$E$5)/MAX(G260,0.0000000001))^2))+0.1*(D261-$E$5)^2)) | H261: =IF(E261="","",IF(E261>$I$5,"OUTLIER","")) | I261: =IF(F261="","",IF(F261>$I$5,"OUTLIER","")) | J261: =IF(G261="","",IF(G261>$I$5,"OUTLIER","")) | K261: =IF(C261="","MISSING","") | L261: =IF(AND(C261<>"",C260<>"",C261=C260),"STALE","") | M261: =IF(D261="","",ABS(D261-G$5))
B262: 44194 | E262: =IF(D262="","",ABS(D262-$E$5)/$F$5) | F262: =IF(D262="","",ABS(D262-$G$5)/$H$5) | G262: =IF(D262="","",ABS(D262-$E$5)/SQRT(0.9*(IF(G261="",$F$5^2,(ABS(D261-$E$5)/MAX(G261,0.0000000001))^2))+0.1*(D262-$E$5)^2)) | H262: =IF(E262="","",IF(E262>$I$5,"OUTLIER","")) | I262: =IF(F262="","",IF(F262>$I$5,"OUTLIER","")) | J262: =IF(G262="","",IF(G262>$I$5,"OUTLIER","")) | K262: =IF(C262="","MISSING","") -> MISSING | L262: =IF(AND(C262<>"",C261<>"",C262=C261),"STALE","") | M262: =IF(D262="","",ABS(D262-G$5))
B263: 44195 | C263: 1.2299 | F263: =IF(D263="","",ABS(D263-$G$5)/$H$5) | M263: =IF(D263="","",ABS(D263-G$5))
B264: 44196 | C264: 1.2303 | F264: =IF(D264="","",ABS(D264-$G$5)/$H$5) | M264: =IF(D264="","",ABS(D264-G$5))
M265: =IF(D265="","",ABS(D265-G$5))
B266: ="YEAR 2021 | Observations: "&COUNTA(C269:C522)&" | Missing: "&COUNTIF(K268:K522,"MISSING")&" | Stale: "&COUNTIF(L269:L522,"STALE")&" | Z>3 Outliers: "&COUNTIF(H269:H522,"OUTLIER")&" | Robust Z>3: "&COUNTIF(I269:I522,"OUTLIER") -> YEAR 2021 | Observations: 248 | Missing: 4 | Stale: 4 | Z>3 Outliers: 0 | Robust Z>3: 2
B267: Date | C267: Level | D267: Return | E267: Z-Score | F267: Robust Z | G267: EWMA Z | H267: Z>3 Flag | I267: RobZ>3 | J267: EWMA>3 | K267: Missing? | L267: Stale?
B268: 44197 | M268: =IF(D268="","",ABS(D268-G$5))
B269: 44200 | C269: 1.2236 | F269: =IF(D269="","",ABS(D269-$G$5)/$H$5) | M269: =IF(D269="","",ABS(D269-G$5))
B270: 44201 | C270: 1.2294 | F270: =IF(D270="","",ABS(D270-$G$5)/$H$5) | M270: =IF(D270="","",ABS(D270-G$5))
B271: 44202 | C271: 1.2282 | F271: =IF(D271="","",ABS(D271-$G$5)/$H$5) | M271: =IF(D271="","",ABS(D271-G$5))
B272: 44203 | C272: 1.2218 | F272: =IF(D272="","",ABS(D272-$G$5)/$H$5) | M272: =IF(D272="","",ABS(D272-G$5))
B273: 44204 | C273: 1.2232 | D273: =IF(OR(C273="",C272=""),"",LN(C273/C272)) -> 0.0011451944 | E273: =IF(D273="","",ABS(D273-$E$5)/$F$5) -> 0.19967327 | F273: =IF(D273="","",ABS(D273-$G$5)/$H$5) -> 0.38295139 | G273: =IF(D273="","",ABS(D273-$E$5)/SQRT(0.9*(IF(G272="",$F$5^2,(ABS(D272-$E$5)/MAX(G272,0.0000000001))^2))+0.1*(D273-$E$5)^2)) -> 0.21000946 | H273: =IF(E273="","",IF(E273>$I$5,"OUTLIER","")) | I273: =IF(F273="","",IF(F273>$I$5,"OUTLIER","")) | J273: =IF(G273="","",IF(G273>$I$5,"OUTLIER","")) | K273: =IF(C273="","MISSING","") | L273: =IF(AND(C273<>"",C272<>"",C273=C272),"STALE","") | M273: =IF(D273="","",ABS(D273-G$5)) -> 0.0011451944
...
