Workbook

Sheet TestingPnL
A1: COB | B1: global_position_id | C1: bu risk_system | D1: book | E1: ticket | F1: asset class | G1: measure name | H1: measure usd | I1: mrd mark | J1: measure mark | K1: term of measure | L1: expiration date | M1: ccvar term | N1: rf curve name | O1: index sector | P1: index_region | Q1: index_family | R1: ccvar tenor bucket 4 | S1: ccvar tenor bucket 2 | T1: ccc_product line | U1: baac_pl_rpt_region | V1: pnL | W1: index_subsector
A2: 45306 | B2: 2122287473 | C2: EQUITY_NY.ADEELQ | D2: EXOTICS NAM adeelq | E2: [NULL] | F2: ir | G2: asset_pv01spread | H2: -146.5032 | I2: [NULL] | J2: [NULL] | K2: 1792 | L2: 1 | M2: 1792 | N2: ig41v1 | O2: IG | P2: NA | Q2: CDX | R2: 3-10 | S2: 0-5 | T2: EXOTIC PRODUCTS | U2: NORTH AMERICA | V2: 0 | W2: .
A3: 45306 | B3: 2117362004 | C3: EQUITY_NY.PAlNEMlC3SO | D3: EXOTICS NAM painemic | E3: [NULL] | F3: ir | G3: asset_pv01spread | H3: -109.10121 | I3: [NULL] | J3: [NULL] | K3: 0 | L3: 1 | M3: 0 | N3: ig41v1 | O3: IG | P3: NA | Q3: CDX | R3: 0-1 | S3: 0-5 | T3: EXOTIC PRODUCTS | U3: NORTH AMERICA | V3: 0 | W3: .
A4: 45306 | B4: 2119679880 | C4: EQUITY_NY.ADEELQ | D4: EXOTICS NAM adeelq | E4: [NULL] | F4: ir | G4: asset_pv01spread | H4: -43.367568 | I4: [NULL] | J4: [NULL] | K4: 1609 | L4: 1 | M4: 1609 | N4: ig40v1 | O4: IG | P4: NA | Q4: CDX | R4: 3-10 | S4: 0-5 | T4: EXOTIC PRODUCTS | U4: NORTH AMERICA | V4: 0 | W4: .
A5: 45306 | B5: 2118770188 | C5: EQUITY_NY.ADEELQ | D5: EXOTICS NAM adeelq | E5: [NULL] | F5: ir | G5: asset_pv01spread | H5: -43.00736 | I5: [NULL] | J5: [NULL] | K5: 0 | L5: 1 | M5: 0 | N5: ig41v1 | O5: IG | P5: NA | Q5: CDX | R5: 0-1 | S5: 0-5 | T5: EXOTIC PRODUCTS | U5: NORTH AMERICA | V5: 0 | W5: .
A6: 45306 | B6: 2122280819 | C6: EQUITY_LN.ISSAMC | D6: CONVERTIBLES NAM murmic | E6: [NULL] | F6: ir | G6: asset_pv01spread | H6: -36.458521 | I6: [NULL] | J6: [NULL] | K6: 1061 | L6: 1 | M6: 1061 | N6: itrx36_eur | O6: IG | P6: EU | Q6: ITRAXX-European | R6: 1-3 | S6: 0-5 | T6: CONVERTIBLE PRODUCTS | U6: NORTH AMERICA | V6: -30.625158 | W6: .
A7: 45306 | B7: 2123457722 | C7: EQUITY_LN.BOUTAOMA | D7: EXOTICS EUR boutaoma | E7: [NULL] | F7: ir | G7: asset_pv01spread | H7: -31.673077 | I7: [NULL] | J7: [NULL] | K7: 1778 | L7: 1 | M7: 1778 | N7: hy41v2 | O7: HY | P7: NA | Q7: CDX | R7: 3-10 | S7: 0-5 | T7: EXOTIC PRODUCTS | U7: EUROPE | V7: 0 | W7: .
A8: 45306 | B8: 2122891849 | C8: EQUITY_LN.ANOUARK | D8: EXOTICS EUR anouark | E8: [NULL] | F8: ir | G8: asset_pv01spread | H8: -25.953275 | I8: [NULL] | J8: [NULL] | K8: 625 | L8: 1 | M8: 625 | N8: hy41v2 | O8: HY | P8: NA | Q8: CDX | R8: 1-3 | S8: 0-5 | T8: EXOTIC PRODUCTS | U8: EUROPE | V8: 0 | W8: .
A9: 45306 | B9: 507elzc | C9: C1_ LN.TRACER | D9: EQETC | E9: 507elzc | F9: ir | G9: pv01sprd comp | H9: -23.716067 | I9: 181.12961 | J9: 181.12961 | K9: 1059 | L9: 1 | M9: 1059 | N9: itrx36 _xo2 | O9: CO | P9: EU | Q9: ITRAXX-European | R9: 1-3 | S9: 0-5 | T9: CONVERTIBLE PRODUCTS | U9: EUROPE | V9: -190.67718 | W9: .
A10: 45306 | B10: 54ftedh | C10: C1_ LN.TRACER | D10: EQETC | E10: 54ftedh | F10: ir | G10: pv01sprd comp | H10: -21.958534 | I10: 203.66252 | J10: 203.62258 | K10: 1240 | L10: 1 | M10: 1240 | N10: itrx37 _xo2 | O10: CO | P10: EU | Q10: ITRAXX-European | R10: 3-10 | S10: 0-5 | T10: CONVERTIBLE PRODUCTS | U10: EUROPE | V10: -176.54661 | W10: .
A11: 45306 | B11: 507epfd | C11: C1_ LN.TRACER | D11: EQETC | E11: 507epfd | F11: ir | G11: pv01sprd comp | H11: -20.553924 | I11: 181.12961 | J11: 181.12961 | K11: 1059 | L11: 1 | M11: 1059 | N11: itrx36 _xo2 | O11: CO | P11: EU | Q11: ITRAxx-European | R11: 1-3 | S11: 0-5 | T11: CONVERTIBLE PRODUCTS | U11: EUROPE | V11: -165.25355 | W11: .
A12: 45306 | B12: 2122435341 | C12: EQUITY_NY.ADEELQ | D12: EXOTICS NAM adeelq | E12: [NULL] | F12: ir | G12: asset_pv01spread | H12: -20.523548 | I12: [NULL] | J12: [NULL] | K12: 1792 | L12: 1 | M12: 1792 | N12: ig41v1 | O12: IG | P12: NA | Q12: CDX | R12: 3-10 | S12: 0-5 | T12: EXOTIC PRODUCTS | U12: NORTH AMERICA | V12: 0 | W12: .
A13: 45306 | B13: 2121956220 | C13: EQUITY_NY.ADEELQ | D13: EXOTICS NAM adeelq | E13: [NULL] | F13: ir | G13: asset_pv01spread | H13: -19.89338 | I13: [NULL] | J13: [NULL] | K13: 1609 | L13: 1 | M13: 1609 | N13: ig40v1 | O13: IG | P13: NA | Q13: CDX | R13: 3-10 | S13: 0-5 | T13: EXOTIC PRODUCTS | U13: NORTH AMERICA | V13: 0 | W13: .
A14: 45306 | B14: 2123457227 | C14: EQUITY_LN.ISSAMC | D14: EXOTICS EUR issamc | E14: [NULL] | F14: ir | G14: asset_pv01spread | H14: -19.631408 | I14: [NULL] | J14: [NULL] | K14: 625 | L14: 1 | M14: 625 | N14: hy41v2 | O14: HY | P14: NA | Q14: CDX | R14: 1-3 | S14: 0-5 | T14: EXOTIC PRODUCTS | U14: EUROPE | V14: 0 | W14: .
A15: 45306 | B15: 2116682530 | C15: EQUITY_LN.ISSAMC | D15: EXOTICS EUR issamc | E15: [NULL] | F15: ir | G15: asset_pv01spread | H15: -19.559163 | I15: [NULL] | J15: [NULL] | K15: 1243 | L15: 1 | M15: 1243 | N15: ig38v1 | O15: IG | P15: NA | Q15: CDX | R15: 3-10 | S15: 0-5 | T15: EXOTIC PRODUCTS | U15: EUROPE | V15: 0 | W15: .
A16: 45306 | B16: 2121116022 | C16: EQUITY_NY.MURMIC | D16: CONVERTIBLES NAM murmic | E16: [NULL] | F16: ir | G16: asset_pv01spread | H16: -16.069766 | I16: [NULL] | J16: [NULL] | K16: 1426 | L16: 1 | M16: 1426 | N16: hy39v3 | O16: HY | P16: NA | Q16: CDX | R16: 3-10 | S16: 0-5 | T16: CONVERTIBLE PRODUCTS | U16: NORTH AMERICA | V16: 0 | W16: .
A17: 45306 | B17: 2122287272 | C17: EQUITY_NY.ADEELQ | D17: EXOTICS NAM adeelq | E17: [NULL] | F17: ir | G17: asset_pv01spread | H17: -14.846822 | I17: [NULL] | J17: [NULL] | K17: 1792 | L17: 1 | M17: 1792 | N17: ig41v1 | O17: IG | P17: NA | Q17: CDX | R17: 3-10 | S17: 0-5 | T17: EXOTIC PRODUCTS | U17: NORTH AMERICA | V17: 0 | W17: .
A18: 45306 | B18: 2118937042 | C18: EQUITY_NY.ADEELQ | D18: EXOTICS NAM adeelq | E18: [NULL] | F18: ir | G18: asset_pv01spread | H18: -14.445735 | I18: [NULL] | J18: [NULL] | K18: 1426 | L18: 1 | M18: 1426 | N18: ig39v1 | O18: IG | P18: NA | Q18: CDX | R18: 3-10 | S18: 0-5 | T18: EXOTIC PRODUCTS | U18: NORTH AMERICA | V18: 0 | W18: .
A19: 45306 | B19: 2124173755 | C19: EQUITY_NY.ADEELQ | D19: EXOTICS NAM adeelq | E19: [NULL] | F19: ir | G19: asset_pv01spread | H19: -14.410151 | I19: [NULL] | J19: [NULL] | K19: 1792 | L19: 1 | M19: 1792 | N19: ig41v1 | O19: IG | P19: NA | Q19: CDX | R19: 3-10 | S19: 0-5 | T19: EXOTIC PRODUCTS | U19: NORTH AMERICA | V19: 0 | W19: .
A20: 45306 | B20: 2122542214 | C20: EQUITY_LN.ISSAMC | D20: EXOTICS EUR issamc | E20: [NULL] | F20: ir | G20: asset_pv01spread | H20: -13.994548 | I20: [NULL] | J20: [NULL] | K20: 1792 | L20: 1 | M20: 1792 | N20: ig41v1 | O20: IG | P20: NA | Q20: CDX | R20: 3-10 | S20: 0-5 | T20: EXOTIC PRODUCTS | U20: EUROPE | V20: 0 | W20: .
A21: 45306 | B21: 2122893484 | C21: EQUITY_LN.BOUTAOMA | D21: EXOTICS EUR boutaoma | E21: [NULL] | F21: ir | G21: asset_pv01spread | H21: -13.724138 | I21: [NULL] | J21: [NULL] | K21: 1742 | L21: 1 | M21: 0 | N21: ig41v1 | O21: IG | P21: NA | Q21: CDX | R21: 3-10 | S21: 0-5 | T21: EXOTIC PRODUCTS | U21: EUROPE | V21: 0 | W21: .
A22: 45306 | B22: 54fx7h8 | C22: C1_ LN.TRACER | D22: EQCOP | E22: 54fx7h8 | F22: ir | G22: pv01sprd comp | H22: -13.67009 | I22: 325.32086 | J22: 325.32082 | K22: 1787 | L22: 1 | M22: 1787 | N22: itrx40_xo | O22: CO | P22: EU | Q22: ITRAXX-European | R22: 3-10 | S22: 0-5 | T22: CORPORATE EQUITY PRODUCTS | U22: EUROPE | V22: -109.90752 | W22: .
A23: 45306 | B23: 2122015535 | C23: EQUITY NY.ADEELQ_ | D23: EXOTICS NAM adeelq | E23: [NULL] | F23: ir | G23: asset_pv01spread | H23: -13.527498 | I23: [NULL] | J23: [NULL] | K23: 1609 | L23: 1 | M23: 1609 | N23: ig40v1 | O23: IG | P23: NA | Q23: CDX | R23: 3-10 | S23: 0-5 | T23: EXOTIC PRODUCTS | U23: NORTH AMERICA | V23: 0 | W23: .
A24: 45306 | B24: 2122542210 | C24: EQUITY LN.ISSAMC_ | D24: EXOTICS EUR issamc | E24: [NULL] | F24: ir | G24: asset_pv01spread | H24: -13.300264 | I24: [NULL] | J24: [NULL] | K24: 1792 | L24: 1 | M24: 1792 | N24: itrx40_eur | O24: IG | P24: EU | Q24: ITRAXX-European | R24: 3-10 | S24: 0-5 | T24: EXOTIC PRODUCTS | U24: EUROPE | V24: -11.172222 | W24: .
A25: 45306 | B25: 2114902387 | C25: EQUITY LN.ISSAMC_ | D25: EXOTICS EUR issamc | E25: [NULL] | F25: ir | G25: asset_pv01spread | H25: -12.768633 | I25: [NULL] | J25: [NULL] | K25: 2887 | L25: 1 | M25: 2887 | N25: ig37v1 | O25: IG | P25: NA | Q25: CDX | R25: 3-10 | S25: 5+ | T25: EXOTIC PRODUCTS | U25: EUROPE | V25: 0 | W25: .
A26: 45306 | B26: 2123984227 | C26: EQUITY LN.ISSAMC_ | D26: EXOTICS EUR issamc | E26: [NULL] | F26: ir | G26: asset_pv01spread | H26: -12.766484 | I26: [NULL] | J26: [NULL] | K26: 1792 | L26: 1 | M26: 1792 | N26: hy41v2 | O26: HY | P26: NA | Q26: CDX | R26: 3-10 | S26: 0-5 | T26: EXOTIC PRODUCTS | U26: EUROPE | V26: 0 | W26: .
A27: 45306 | B27: 2119096050 | C27: EQUITY_NY.MURMIC | D27: CONVERTIBLES NAM murmic | E27: [NULL] | F27: ir | G27: asset_pv01spread | H27: -12.727713 | I27: [NULLI | J27: [NULL] | K27: 1061 | L27: 1 | M27: 1061 | N27: hy37v4 | O27: HY | P27: NA | Q27: CDX | R27: 1-3 | S27: 0-5 | T27: CONVERTIBLE PRODUCTS | U27: NORTH_AMERICA | V27: 0 | W27: .
A28: 45306 | B28: 218726570 | C28: EQUITY_LN.ISSAMC | D28: EXOTICS EUR issamc | E28: [NULL] | F28: ir | G28: asset_pv01spread | H28: -12.533436 | I28: [NULLI | J28: [NULL] | K28: 0 | L28: 1 | M28: 0 | N28: ig41v1 | O28: IG | P28: NA | Q28: CDX | R28: 0-1 | S28: 0-5 | T28: EXOTIC PRODUCTS | U28: EUROPE | V28: 0 | W28: .
A29: 45306 | B29: 2122382254 | C29: EQUITY_NY.MURMIC | D29: CONVERTIBLES NAM murmic | E29: [NULL] | F29: ir | G29: asset_pv01spread | H29: -12.480352 | I29: [NULL] | J29: [NULL] | K29: 1609 | L29: 1 | M29: 1609 | N29: hy40v2 | O29: HY | P29: NA | Q29: CDX | R29: 3-10 | S29: 0-5 | T29: CONVERTIBLE PRODUCTS | U29: NORTH_AMERICA | V29: 0 | W29: .
A30: 45306 | B30: 2122893482 | C30: EQUITY_LN.BOUTAOMA | D30: EXOTICS EUR boutaoma | E30: [NULL] | F30: ir | G30: asset_pv01spread | H30: -12.227057 | I30: [NULLI | J30: [NULL] | K30: 1742 | L30: 1 | M30: 1742 | N30: itrx40_eur | O30: IG | P30: EU | Q30: ITRAXX-European | R30: 3-10 | S30: 0-5 | T30: EXOTIC PRODUCTS | U30: EUROPE | V30: -10.270728 | W30: .
A31: 45306 | B31: 216229993 | C31: EQUITY_LN.BOUTAOMA | D31: EXOTICS EUR boutaoma | E31: [NULL] | F31: ir | G31: asset_pv01spread | H31: -12.324176 | I31: [NULLI | J31: [NULL] | K31: 484 | L31: 1 | M31: 484 | N31: itrx40_eur | O31: IG | P31: EU | Q31: ITRAXX-European | R31: 1-3 | S31: 0-5 | T31: EXOTIC PRODUCTS | U31: EUROPE | V31: -10.352308 | W31: .
A32: 45306 | B32: 2114902381 | C32: EQUITY_LN.ISSAMC | D32: EXOTICS EUR issamc | E32: [NULL] | F32: ir | G32: asset_pv01spread | H32: -12.234236 | I32: [NULLI | J32: [NULL] | K32: 1061 | L32: 1 | M32: 1061 | N32: ig37v1 | O32: IG | P32: NA | Q32: CDX | R32: 1-3 | S32: 0-5 | T32: EXOTIC PRODUCTS | U32: EUROPE | V32: 0 | W32: .
A33: 45306 | B33: 216229991 | C33: EQUITY_LN.BOUTAOMA | D33: EXOTICS EUR boutaoma | E33: [NULL] | F33: ir | G33: asset_pv01spread | H33: -11.956849 | I33: [NULL] | J33: [NULL] | K33: 484 | L33: 1 | M33: 484 | N33: ig41v1 | O33: IG | P33: NA | Q33: CDX | R33: 1-3 | S33: 0-5 | T33: EXOTIC PRODUCTS | U33: EUROPE | V33: 0 | W33: .
A34: 45306 | B34: 2119702862 | C34: EQUITY_NY.PAlNEMlC.2 | D34: EXOTICS NAM painemic | E34: [NULL] | F34: ir | G34: asset_pv01spread | H34: -11.558622 | I34: [NULLI | J34: [NULL] | K34: 0 | L34: 1 | M34: 0 | N34: ig41v1 | O34: IG | P34: NA | Q34: CDX | R34: 0-1 | S34: 0-5 | T34: EXOTIC PRODUCTS | U34: NORTH_AMERICA | V34: 0 | W34: .
... A37: 45306 | B37: 2122557228 | C37: EQUITY_NY.ADEELQ | D37: EXOTICS NAM adeelq | E37: [NULL] | F37: ir | G37: asset_pv01spread | H37: -10.916781 | I37: [NULL] | J37: [NULL] | K37: 1792 | L37: 1 | M37: 1792 | N37: ig41v1 | O37: IG | P37: NA | Q37: CDX | R37: 3-10 | S37: 0-5 | T37: EXOTIC PRODUCTS | U37: NORTH_AMERICA | V37: 0 | W37: .
A38: 45306 | B38: p65tf | C38: C1_LN.TRACER | D38: EQETC | E38: p65tf | F38: ir | G38: pv01sprd comp | H38: -10.852645 | I38: 32.773441 | J38: 32.773441 | K38: 1059 | L38: 1 | M38: 1059 | N38: itrx36_eur | O38: IG | P38: EU | Q38: ITRAXX-European | R38: 1-3 | S38: 0-5 | T38: CONVERTIBLE PRODUCTS | U38: EUROPE | V38: -9.1162218 | W38: .
A39: 45306 | B39: 218707351 | C39: EQUITY_LN.ISSAMC | D39: EXOTICS EUR issamc | E39: [NULL] | F39: ir | G39: asset_pv01spread | H39: -10.676226 | I39: [NULLI | J39: [NULL] | K39: 0 | L39: 1 | M39: 0 | N39: itrx40_eur | O39: IG | P39: EU | Q39: ITRAXX-European | R39: 0-1 | S39: 0-5 | T39: EXOTIC PRODUCTS | U39: EUROPE | V39: -8.9680298 | W39: .
A40: 45306 | B40: 219938036 | C40: EQUITY_LN.BOUTAOMA | D40: EXOTICS EUR boutaoma | E40: [NULL] | F40: ir | G40: asset_pv01spread | H40: -10.437324 | I40: [NULLI | J40: [NULL] | K40: 0 | L40: 1 | M40: 0 | N40: itrx40_eur | O40: IG | P40: EU | Q40: ITRAXX-European | R40: 0-1 | S40: 0-5 | T40: EXOTIC PRODUCTS | U40: EUROPE | V40: -8.7673522 | W40: .
A41: 45306 | B41: 2120161046 | C41: EQUITY_LN.ISSAMC | D41: EXOTICS EUR issamc | E41: [NULL] | F41: ir | G41: asset_pv01spread | H41: -10.417903 | I41: [NULL] | J41: [NULL] | K41: 3253 | L41: 1 | M41: 3253 | N41: ig39v1 | O41: IG | P41: NA | Q41: CDX | R41: 3-10 | S41: 5+ | T41: EXOTIC PRODUCTS | U41: EUROPE | V41: 0 | W41: .
A42: 45306 | B42: 2123595875 | C42: EQUITY_NY.ADEELQ | D42: EXOTICS NAM adeelq | E42: [NULL] | F42: ir | G42: asset_pv01spread | H42: -10.261774 | I42: [NULLI | J42: [NULL] | K42: 1792 | L42: 1 | M42: 1792 | N42: ig41v1 | O42: IG | P42: NA | Q42: CDX | R42: 3-10 | S42: 0-5 | T42: EXOTIC PRODUCTS | U42: NORTH_AMERICA | V42: 0 | W42: .
A43: 45306 | B43: 2119702822 | C43: EQUITY_NY.PAlNEMlC.2 | D43: EXOTICS NAM painemic | E43: [NULL] | F43: ir | G43: asset_pv01spread | H43: -10.182201 | I43: [NULLI | J43: [NULL] | K43: 0 | L43: 1 | M43: 0 | N43: itrx40_eur | O43: IG | P43: EU | Q43: ITRAXX-European | R43: 0-1 | S43: 0-5 | T43: EXOTIC PRODUCTS | U43: NORTH_AMERICA | V43: -8.5530488 | W43: .
A44: 45306 | B44: 219938037 | C44: EQUITY_LN.BOUTAOMA | D44: EXOTICS EUR boutaoma | E44: [NULL] | F44: ir | G44: asset_pv01spread | H44: -10.099816 | I44: [NULLI | J44: [NULL] | K44: 0 | L44: 1 | M44: 0 | N44: ig41v1 | O44: IG | P44: NA | Q44: CDX | R44: 0-1 | S44: 0-5 | T44: EXOTIC PRODUCTS | U44: EUROPE | V44: 0 | W44: .
A45: 45306 | B45: 2121280815 | C45: EQUITY_LN.ISSAMC | D45: EXOTICS EUR issamc | E45: [NULL] | F45: ir | G45: asset_pv01spread | H45: -10.069551 | I45: [NULL] | J45: [NULL] | K45: 1609 | L45: 1 | M45: 1609 | N45: itrx39_eur | O45: IG | P45: EU | Q45: ITRAXX-European | R45: 3-10 | S45: 0-5 | T45: EXOTIC PRODUCTS | U45: EUROPE | V45: -8.4584228 | W45: .
A46: 45306 | B46: 2112287931 | C46: EQUITY_LN.ISSAMC | D46: EXOTICS EUR issamc | E46: [NULL] | F46: ir | G46: asset_pv01spread | H46: -10.041492 | I46: [NULLI | J46: [NULL] | K46: 3070 | L46: 1 | M46: 3070 | N46: ig38v1 | O46: IG | P46: NA | Q46: CDX | R46: 3-10 | S46: 5+ | T46: EXOTIC PRODUCTS | U46: EUROPE | V46: 0 | W46: .
A47: 45306 | B47: 2124158567 | C47: EQUITY_LN.ISSAMC | D47: EXOTICS EUR issamc | E47: [NULL] | F47: ir | G47: asset_pv01spread | H47: -9.865011 | I47: [NULLI | J47: [NULL] | K47: 1792 | L47: 1 | M47: 1792 | N47: hy41v2 | O47: HY | P47: NA | Q47: CDX | R47: 3-10 | S47: 0-5 | T47: EXOTIC PRODUCTS | U47: EUROPE | V47: 0 | W47: .
A48: 45306 | B48: 2122778355 | C48: EQUITY_LN.ISSAMC | D48: EXOTICS EUR issamc | E48: [NULL] | F48: ir | G48: asset_pv01spread | H48: -9.671579 | I48: [NULLI | J48: [NULL] | K48: 1792 | L48: 1 | M48: 1792 | N48: hy41v2 | O48: HY | P48: NA | Q48: CDX | R48: 3-10 | S48: 0-5 | T48: EXOTIC PRODUCTS | U48: EUROPE | V48: 0 | W48: .
A49: 45306 | B49: 2118287927 | C49: EQUITY_LN.ISSAMC | D49: EXOTICS EUR issamc | E49: [NULL] | F49: ir | G49: asset_pv01spread | H49: -9.641924 | I49: [NULL] | J49: [NULL] | K49: 1426 | L49: 1 | M49: 1426 | N49: ig39v1 | O49: IG | P49: NA | Q49: CDX | R49: 3-10 | S49: 0-5 | T49: EXOTIC PRODUCTS | U49: EUROPE | V49: 0 | W49: .
A50: 45306 | B50: 2120905799 | C50: EQUITY_NY.ADEELQ | D50: EXOTICS NAM adeelq | E50: [NULL] | F50: ir | G50: asset_pv01spread | H50: -9.548822 | I50: [NULLI | J50: [NULL] | K50: 1609 | L50: 1 | M50: 1609 | N50: ig40v1 | O50: IG | P50: NA | Q50: CDX | R50: 3-10 | S50: 0-5 | T50: EXOTIC PRODUCTS | U50: NORTH_AMERICA | V50: 0 | W50: .
... A57: 45307 | B57: 2122891849 | C57: EQUITY_LN.ANOUARK | D57: EXOTICS EUR anouark | E57: [NULL] | F57: ir | G57: asset_pv01spread | H57: -8.91712 | I57: [NULL] | J57: [NULL] | K57: 625 | L57: 1 | M57: 625 | N57: hy41v2 | O57: HY | P57: NA | Q57: CDX | R57: 1-3 | S57: 0-5 | T57: EXOTIC PRODUCTS | U57: EUROPE | V57: -62.41984 | W57: .
A58: 45307 | B58: 507elzc | C58: C1_ LN.TRACER | D58: EQETC | E58: 507elzc | F58: ir | G58: pv01sprd comp | H58: -8.733425 | I58: 181.12961 | J58: 181.12961 | K58: 1059 | L58: 1 | M58: 1059 | N58: itrx36 _xo2 | O58: CO | P58: EU | Q58: ITRAXX-European | R58: 1-3 | S58: 0-5 | T58: CONVERTIBLE PRODUCTS | U58: EUROPE | V58: -14.410151 | W58: .
A59: 45307 | B59: 54ftedh | C59: C1_ LN.TRACER | D59: EQETC | E59: 54ftedh | F59: ir | G59: pv01sprd comp | H59: -8.733425 | I59: 203.66258 | J59: 203.66258 | K59: 1240 | L59: 1 | M59: 1240 | N59: itrx37 _xo2 | O59: CO | P59: EU | Q59: ITRAXX-European | R59: 3-10 | S59: 0-5 | T59: CONVERTIBLE PRODUCTS | U59: EUROPE | V59: -14.410151 | W59: .
A60: 45307 | B60: 507epfd | C60: C1_ LN.TRACER | D60: EQETC | E60: 507epfd | F60: ir | G60: pv01sprd comp | H60: -8.733425 | I60: 181.12961 | J60: 181.12961 | K60: 1059 | L60: 1 | M60: 1059 | N60: itrx36 _xo2 | O60: CO | P60: EU | Q60: ITRAxx-European | R60: 1-3 | S60: 0-5 | T60: CONVERTIBLE PRODUCTS | U60: EUROPE | V60: -14.410151 | W60: .
A61: 45307 | B61: 2122435341 | C61: EQUITY_NY.ADEELQ | D61: EXOTICS NAM adeelq | E61: [NULL] | F61: ir | G61: asset_pv01spread | H61: -8.49716 | I61: [NULL] | J61: [NULL] | K61: 1792 | L61: 1 | M61: 1792 | N61: ig41v1 | O61: IG | P61: NA | Q61: CDX | R61: 3-10 | S61: 0-5 | T61: EXOTIC PRODUCTS | U61: NORTH AMERICA | V61: -9.771734 | W61: .
A62: 45307 | B62: 2121956620 | C62: EQUITY_NY.ADEELQ | D62: EXOTICS NAM adeelq | E62: [NULL] | F62: ir | G62: asset_pv01spread | H62: -8.276905 | I62: [NULL] | J62: [NULL] | K62: 1609 | L62: 1 | M62: 1609 | N62: itrx39_eur | O62: IG | P62: EU | Q62: ITRAXX-European | R62: 3-10 | S62: 0-5 | T62: EXOTIC PRODUCTS | U62: NORTH_AMERICA | V62: 0.6621524 | W62: .
A63: 45307 | B63: 2123457727 | C63: EQUITY_LN.ISSAMC | D63: EXOTICS EUR issamc | E63: [NULL] | F63: ir | G63: asset_pv01spread | H63: -8.221048 | I63: [NULL] | J63: [NULL] | K63: 695 | L63: 1 | M63: 695 | N63: itrx34_eur | O63: IG | P63: EU | Q63: ITRAXX-European | R63: 1-3 | S63: 0-5 | T63: EXOTIC PRODUCTS | U63: EUROPE | V63: 0.65768384 | W63: .
A64: 45307 | B64: 2116682530 | C64: EQUITY_LN.ISSAMC | D64: EXOTICS EUR issamc | E64: [NULL] | F64: ir | G64: asset_pv01spread | H64: -7.957352 | I64: [NULL] | J64: [NULL] | K64: 1243 | L64: 1 | M64: 1243 | N64: ig38v1 | O64: IG | P64: NA | Q64: CDX | R64: 3-10 | S64: 0-5 | T64: EXOTIC PRODUCTS | U64: EUROPE | V64: -9.1509548 | W64: .
A65: 45307 | B65: 2121116092 | C65: EQUITY_NY.MURMIC | D65: CONVERTIBLES NAM murmic | E65: [NULL] | F65: ir | G65: asset_pv01spread | H65: -7.957352 | I65: [NULL] | J65: [NULL] | K65: 1609 | L65: 1 | M65: 1609 | N65: ig40v1 | O65: IG | P65: NA | Q65: CDX | R65: 3-10 | S65: 0-5 | T65: CONVERTIBLE PRODUCTS | U65: NORTH_AMERICA | V65: -9.1509548 | W65: .
A66: 45307 | B66: 2122287472 | C66: EQUITY_NY.ADEELQ | D66: EXOTICS NAM adeelq | E66: [NULL] | F66: ir | G66: asset_pv01spread | H66: -7.957352 | I66: [NULL] | J66: [NULL] | K66: 1609 | L66: 1 | M66: 1609 | N66: ig40v1 | O66: IG | P66: NA | Q66: CDX | R66: 3-10 | S66: 0-5 | T66: EXOTIC PRODUCTS | U66: NORTH_AMERICA | V66: -9.1509548 | W66: .
A67: 45307 | B67: 2118937042 | C67: EQUITY_NY.ADEELQ | D67: EXOTICS NAM adeelq | E67: [NULL] | F67: ir | G67: asset_pv01spread | H67: -7.957352 | I67: [NULL] | J67: [NULL] | K67: 1426 | L67: 1 | M67: 1426 | N67: ig39v1 | O67: IG | P67: NA | Q67: CDX | R67: 3-10 | S67: 0-5 | T67: EXOTIC PRODUCTS | U67: NORTH AMERICA | V67: -9.1509548 | W67: .
A68: 45307 | B68: 2124173755 | C68: EQUITY_NY.ADEELQ | D68: EXOTICS NAM adeelq | E68: [NULL] | F68: ir | G68: asset_pv01spread | H68: -7.957352 | I68: [NULL] | J68: [NULL] | K68: 1792 | L68: 1 | M68: 1792 | N68: ig41v1 | O68: IG | P68: NA | Q68: CDX | R68: 3-10 | S68: 0-5 | T68: EXOTIC PRODUCTS | U68: NORTH AMERICA | V68: -9.1509548 | W68: .
A69: 45307 | B69: 2122549214 | C69: EQUITY_LN.ISSAMC | D69: EXOTICS EUR issamc | E69: [NULL] | F69: ir | G69: asset_pv01spread | H69: -7.916117 | I69: [NULL] | J69: [NULL] | K69: 876 | L69: 1 | M69: 876 | N69: itrx35 _xo2 | O69: CO | P69: EU | Q69: ITRAXX-European | R69: 1-3 | S69: 0-5 | T69: EXOTIC PRODUCTS | U69: EUROPE | V69: -13.061593 | W69: .
A70: 45307 | B70: 2122893484 | C70: EQUITY_LN.BOUTAOMA | D70: EXOTICS EUR boutaoma | E70: [NULL] | F70: ir | G70: asset_pv01spread | H70: -7.860082 | I70: [NULL] | J70: [NULL] | K70: 1742 | L70: 1 | M70: 1742 | N70: ig41v1 | O70: IG | P70: NA | Q70: CDX | R70: 3-10 | S70: 0-5 | T70: EXOTIC PRODUCTS | U70: EUROPE | V70: -9.0390943 | W70: .
A71: 45307 | B71: 54fx7h8 | C71: C1_ LN.TRACER | D71: EQCOP | E71: 54fx7h8 | F71: ir | G71: pv01sprd comp | H71: -7.747391 | I71: 325.32086 | J71: 325.32086 | K71: 1787 | L71: 1 | M71: 1787 | N71: itrx40_xo | O71: CO | P71: EU | Q71: ITRAXX-European | R71: 3-10 | S71: 0-5 | T71: CORPORATE EQUITY PRODUCTS | U71: EUROPE | V71: -12.783195 | W71: .
A72: 45307 | B72: 2122015535 | C72: EQUITY_NY.ADEELQ | D72: EXOTICS NAM adeelq | E72: [NULL] | F72: ir | G72: asset_pv01spread | H72: -7.737263 | I72: [NULL] | J72: [NULL] | K72: 1609 | L72: 1 | M72: 1609 | N72: ig40v1 | O72: IG | P72: NA | Q72: CDX | R72: 3-10 | S72: 0-5 | T72: EXOTIC PRODUCTS | U72: NORTH AMERICA | V72: -8.8978524 | W72: .
A73: 45307 | B73: 2122549210 | C73: EQUITY_LN.ISSAMC | D73: EXOTICS EUR issamc | E73: [NULL] | F73: ir | G73: asset_pv01spread | H73: -7.239094 | I73: [NULL] | J73: [NULL] | K73: 1792 | L73: 1 | M73: 1792 | N73: itrx40_eur | O73: IG | P73: EU | Q73: ITRAXX-European | R73: 3-10 | S73: 0-5 | T73: EXOTIC PRODUCTS | U73: EUROPE | V73: 0.57912752 | W73: .
A74: 45307 | B74: 2114902387 | C74: EQUITY_LN.ISSAMC | D74: EXOTICS EUR issamc | E74: [NULL] | F74: ir | G74: asset_pv01spread | H74: -7.161617 | I74: [NULL] | J74: [NULL] | K74: 2887 | L74: 1 | M74: 2887 | N74: ig37v1 | O74: IG | P74: NA | Q74: CDX | R74: 3-10 | S74: 5+ | T74: EXOTIC PRODUCTS | U74: EUROPE | V74: -8.2358595 | W74: .
A75: 45307 | B75: 2123984227 | C75: EQUITY_LN.ISSAMC | D75: EXOTICS EUR issamc | E75: [NULL] | F75: ir | G75: asset_pv01spread | H75: -7.161617 | I75: [NULL] | J75: [NULL] | K75: 1792 | L75: 1 | M75: 1792 | N75: hy41v2 | O75: HY | P75: NA | Q75: CDX | R75: 3-10 | S75: 0-5 | T75: EXOTIC PRODUCTS | U75: EUROPE | V75: -50.131319 | W75: .
A76: 45307 | B76: 2119096050 | C76: EQUITY_NY.MURMIC | D76: CONVERTIBLES NAM murmic | E76: [NULL] | F76: ir | G76: asset_pv01spread | H76: -7.161617 | I76: [NULL] | J76: [NULL] | K76: 1061 | L76: 1 | M76: 1061 | N76: hy37v4 | O76: HY | P76: NA | Q76: CDX | R76: 1-3 | S76: 0-5 | T76: CONVERTIBLE PRODUCTS | U76: NORTH_AMERICA | V76: -50.131319 | W76: .
A77: 45307 | B77: 218726570 | C77: EQUITY_LN.ISSAMC | D77: EXOTICS EUR issamc | E77: [NULL] | F77: ir | G77: asset_pv01spread | H77: -7.161617 | I77: [NULL] | J77: [NULL] | K77: 0 | L77: 1 | M77: 0 | N77: ig41v1 | O77: IG | P77: NA | Q77: CDX | R77: 0-1 | S77: 0-5 | T77: EXOTIC PRODUCTS | U77: EUROPE | V77: -8.2358595 | W77: .
A78: 45307 | B78: 2122384254 | C78: EQUITY_NY.MURMIC | D78: CONVERTIBLES NAM murmic | E78: [NULL] | F78: ir | G78: asset_pv01spread | H78: -7.161617 | I78: [NULL] | J78: [NULL] | K78: 1609 | L78: 1 | M78: 1609 | N78: ig40v1 | O78: IG | P78: NA | Q78: CDX | R78: 3-10 | S78: 0-5 | T78: CONVERTIBLE PRODUCTS | U78: NORTH_AMERICA | V78: -8.2358595 | W78: .
A79: 45307 | B79: 2122893482 | C79: EQUITY_LN.BOUTAOMA | D79: EXOTICS EUR boutaoma | E79: [NULL] | F79: ir | G79: asset_pv01spread | H79: -7.142166 | I79: [NULL] | J79: [NULL] | K79: 1742 | L79: 1 | M79: 1742 | N79: itrx40_eur | O79: IG | P79: EU | Q79: ITRAXX-European | R79: 3-10 | S79: 0-5 | T79: EXOTIC PRODUCTS | U79: EUROPE | V79: 0.57137328 | W79: .
A80: 45307 | B80: 216229993 | C80: EQUITY_LN.BOUTAOMA | D80: EXOTICS EUR boutaoma | E80: [NULL] | F80: ir | G80: asset_pv01spread | H80: -6.98674 | I80: [NULL] | J80: [NULL] | K80: 484 | L80: 1 | M80: 484 | N80: itrx40_eur | O80: IG | P80: EU | Q80: ITRAXX-European | R80: 1-3 | S80: 0-5 | T80: EXOTIC PRODUCTS | U80: EUROPE | V80: 0.5589392 | W80: .
A81: 45307 | B81: 2114902381 | C81: EQUITY_LN.ISSAMC | D81: EXOTICS EUR issamc | E81: [NULL] | F81: ir | G81: asset_pv01spread | H81: -6.8907 | I81: [NULL] | J81: [NULL] | K81: 1061 | L81: 1 | M81: 1061 | N81: ig37v1 | O81: IG | P81: NA | Q81: CDX | R81: 1-3 | S81: 0-5 | T81: EXOTIC PRODUCTS | U81: EUROPE | V81: -7.924305 | W81: .
A82: 45307 | B82: 216229991 | C82: EQUITY_LN.BOUTAOMA | D82: EXOTICS EUR boutaoma | E82: [NULL] | F82: ir | G82: asset_pv01spread | H82: -6.884517 | I82: [NULL] | J82: [NULL] | K82: 484 | L82: 1 | M82: 484 | N82: ig41v1 | O82: IG | P82: NA | Q82: CDX | R82: 1-3 | S82: 0-5 | T82: EXOTIC PRODUCTS | U82: EUROPE | V82: -7.9171945 | W82: .
A83: 45307 | B83: 2119702862 | C83: EQUITY_NY.PAlNEMlC.2 | D83: EXOTICS NAM painemic | E83: [NULL] | F83: ir | G83: asset_pv01spread | H83: -6.852436 | I83: [NULL] | J83: [NULL] | K83: 0 | L83: 1 | M83: 0 | N83: ig41v1 | O83: IG | P83: NA | Q83: CDX | R83: 0-1 | S83: 0-5 | T83: EXOTIC PRODUCTS | U83: NORTH_AMERICA | V83: -7.8803014 | W83: .
... A86: 45307 | B86: 2122557828 | C86: EQUITY_NY.ADEELQ | D86: EXOTICS NAM adeelq | E86: [NULL] | F86: ir | G86: asset_pv01spread | H86: -6.550068 | I86: [NULL] | J86: [NULL] | K86: 1792 | L86: 1 | M86: 1792 | N86: ig41v1 | O86: IG | P86: NA | Q86: CDX | R86: 3-10 | S86: 0-5 | T86: EXOTIC PRODUCTS | U86: NORTH_AMERICA | V86: -7.5325782 | W86: .
A87: 45307 | B87: p65tf | C87: C1_LN.TRACER | D87: EQETC | E87: p65tf | F87: ir | G87: pv01sprd comp | H87: -6.550068 | I87: 32.773441 | J87: 32.773441 | K87: 1059 | L87: 1 | M87: 1059 | N87: itrx36_eur | O87: IG | P87: EU | Q87: ITRAXX-European | R87: 1-3 | S87: 0-5 | T87: CONVERTIBLE PRODUCTS | U87: EUROPE | V87: 0.52400544 | W87: .
A88: 45307 | B88: 218707351 | C88: EQUITY_LN.ISSAMC | D88: EXOTICS EUR issamc | E88: [NULL] | F88: ir | G88: asset_pv01spread | H88: -6.550068 | I88: [NULL] | J88: [NULL] | K88: 0 | L88: 1 | M88: 0 | N88: itrx40_eur | O88: IG | P88: EU | Q88: ITRAXX-European | R88: 0-1 | S88: 0-5 | T88: EXOTIC PRODUCTS | U88: EUROPE | V88: 0.52400544 | W88: .
A89: 45307 | B89: 219938036 | C89: EQUITY_LN.BOUTAOMA | D89: EXOTICS EUR boutaoma | E89: [NULL] | F89: ir | G89: asset_pv01spread | H89: -6.496093 | I89: [NULL] | J89: [NULL] | K89: 0 | L89: 1 | M89: 0 | N89: itrx40_eur | O89: IG | P89: EU | Q89: ITRAXX-European | R89: 0-1 | S89: 0-5 | T89: EXOTIC PRODUCTS | U89: EUROPE | V89: 0.51968744 | W89: .
A90: 45307 | B90: 2120161046 | C90: EQUITY_LN.ISSAMC | D90: EXOTICS EUR issamc | E90: [NULL] | F90: ir | G90: asset_pv01spread | H90: -6.365882 | I90: [NULL] | J90: [NULL] | K90: 3253 | L90: 1 | M90: 3253 | N90: ig39v1 | O90: IG | P90: NA | Q90: CDX | R90: 3-10 | S90: 5+ | T90: EXOTIC PRODUCTS | U90: EUROPE | V90: -7.3207643 | W90: .
A91: 45307 | B91: 2121293645 | C91: EQUITY_NY.ADEELQ | D91: EXOTICS NAM adeelq | E91: [NULL] | F91: ir | G91: asset_pv01spread | H91: -6.365882 | I91: [NULL] | J91: [NULL] | K91: 1609 | L91: 1 | M91: 1609 | N91: ig40v1 | O91: IG | P91: NA | Q91: CDX | R91: 3-10 | S91: 0-5 | T91: EXOTIC PRODUCTS | U91: NORTH_AMERICA | V91: -7.3207643 | W91: .
A92: 45307 | B92: 2121280814 | C92: EQUITY_LN.ISSAMC | D92: EXOTICS EUR issamc | E92: [NULL] | F92: ir | G92: asset_pv01spread | H92: -6.309407 | I92: [NULL] | J92: [NULL] | K92: 1243 | L92: 1 | M92: 1243 | N92: ig38v1 | O92: IG | P92: NA | Q92: CDX | R92: 3-10 | S92: 0-5 | T92: EXOTIC PRODUCTS | U92: EUROPE | V92: -7.255818 | W92: .
A93: 45307 | B93: 51rs9k3 | C93: C1_NY.TRACER2 | D93: E1EZS | E93: 51rs9k3 | F93: ir | G93: pv01sprd comp | H93: -6.232164 | I93: 46.902477 | J93: 46.902477 | K93: 1423 | L93: 1 | M93: 1423 | N93: ig39v1 | O93: IG | P93: NA | Q93: CDX | R93: 3-10 | S93: 0-5 | T93: EXOTIC PRODUCTS | U93: NORTH_AMERICA | V93: -7.1669886 | W93: .
A94: 45307 | B94: 2118989094 | C94: EQUITY_NY.ADEELQ | D94: EXOTICS NAM adeelq | E94: [NULL] | F94: ir | G94: asset_pv01spread | H94: -6.063642 | I94: [NULL] | J94: [NULL] | K94: 1426 | L94: 1 | M94: 1426 | N94: ig39v1 | O94: IG | P94: NA | Q94: CDX | R94: 3-10 | S94: 0-5 | T94: EXOTIC PRODUCTS | U94: NORTH_AMERICA | V94: -6.9731883 | W94: .
A95: 45307 | B95: 2117733961 | C95: EQUITY_LN.ISSAMC | D95: EXOTICS EUR issamc | E95: [NULL] | F95: ir | G95: asset_pv01spread | H95: -6.014205 | I95: [NULL] | J95: [NULL] | K95: 1426 | L95: 1 | M95: 1426 | N95: itrx38_eur | O95: IG | P95: EU | Q95: ITRAXX-European | R95: 3-10 | S95: 0-5 | T95: EXOTIC PRODUCTS | U95: EUROPE | V95: 0.4811364 | W95: .
A96: 45307 | B96: 2120214444 | C96: EQUITY_NY.ADEELQ | D96: EXOTICS NAM adeelq | E96: [NULL] | F96: ir | G96: asset_pv01spread | H96: -5.968014 | I96: [NULL] | J96: [NULL] | K96: 1609 | L96: 1 | M96: 1609 | N96: ig40v1 | O96: IG | P96: NA | Q96: CDX | R96: 3-10 | S96: 0-5 | T96: EXOTIC PRODUCTS | U96: NORTH_AMERICA | V96: -6.8632161 | W96: .
A97: 45307 | B97: 2121909871 | C97: EQUITY_NY.ADEELQ | D97: EXOTICS NAM adeelq | E97: [NULL] | F97: ir | G97: asset_pv01spread | H97: -5.968014 | I97: [NULL] | J97: [NULL] | K97: 1609 | L97: 1 | M97: 1609 | N97: ig40v1 | O97: IG | P97: NA | Q97: CDX | R97: 3-10 | S97: 0-5 | T97: EXOTIC PRODUCTS | U97: NORTH_AMERICA | V97: -6.8632161 | W97: .
A98: 45307 | B98: 2120964546 | C98: EQUITY_NY.ADEELQ | D98: EXOTICS NAM adeelq | E98: [NULL] | F98: ir | G98: asset_pv01spread | H98: -5.968014 | I98: [NULL] | J98: [NULL] | K98: 1609 | L98: 1 | M98: 1609 | N98: ig40v1 | O98: IG | P98: NA | Q98: CDX | R98: 3-10 | S98: 0-5 | T98: EXOTIC PRODUCTS | U98: NORTH_AMERICA | V98: -6.8632161 | W98: .
A99: 45307 | B99: 2120561885 | C99: EQUITY_NY.ADEELQ | D99: EXOTICS NAM adeelq | E99: [NULL] | F99: ir | G99: asset_pv01spread | H99: -5.968014 | I99: [NULL] | J99: [NULL] | K99: 1609 | L99: 1 | M99: 1609 | N99: ig40v1 | O99: IG | P99: NA | Q99: CDX | R99: 3-10 | S99: 0-5 | T99: EXOTIC PRODUCTS | U99: NORTH_AMERICA | V99: -6.8632161 | W99: .
A100: 45307 | B100: 2120374235 | C100: EQUITY_NY.ADEELQ | D100: EXOTICS NAM adeelq | E100: [NULL] | F100: ir | G100: asset_pv01spread | H100: -5.968014 | I100: [NULL] | J100: [NULL] | K100: 1609 | L100: 1 | M100: 1609 | N100: ig40v1 | O100: IG | P100: NA | Q100: CDX | R100: 3-10 | S100: 0-5 | T100: EXOTIC PRODUCTS | U100: NORTH_AMERICA | V100: -6.8632161 | W100: .
A101: 45307 | B101: 2114902391 | C101: EQUITY_LN.ISSAMC | D101: EXOTICS EUR issamc | E101: [NULL] | F101: ir | G101: asset_pv01spread | H101: -5.785073 | I101: [NULL] | J101: [NULL] | K101: 1243 | L101: 1 | M101: 1243 | N101: hy38v4 | O101: CO | P101: NA | Q101: CDX | R101: 3-10 | S101: 0-5 | T101: EXOTIC PRODUCTS | U101: EUROPE | V101: -40.495511 | W101: .

Sheet Mapping
A1: index_family | B1: index_region | C1: index_sector | D1: index_subsector | E1: Index | F1: Year | G1: LH
A2: CDX | B2: NA | C2: HY | D2: B | E2: INDEX_SPREAD_CDX_HY_OTR | F2: 05Y | G2: 60
A3: ITRAXX-LEVX | B3: LN | C3: CI | D3: SUB | E3: INDEX_SPREAD_ITRX_XO_OTR | F3: 05Y | G3: 60
A4: TRACX-ASIA | B4: JP | C4: IG | D4: * | E4: INDEX_SPREAD_CDX_IG_OTR | F4: 05Y | G4: 40
A5: CDX | B5: NA | C5: HY | D5: BB | E5: INDEX_SPREAD_CDX_HY_OTR | F5: 05Y | G5: 60
A6: ITRAXX-ASIAN | B6: JP | C6: IG | D6: * | E6: INDEX_SPREAD_CDX_IG_OTR | F6: 05Y | G6: 40
A7: LCDX | B7: NA | C7: * | D7: * | E7: INDEX_SPREAD_CDX_HY_OTR | F7: 05Y | G7: 60
A8: ITRAXX-EUROPEAN | B8: EU | C8: IG | D8: NONFIN | E8: INDEX_SPREAD_ITRX_IG_OTR | F8: 05Y | G8: 40
A9: ITRAXX-EUROPEAN | B9: EU | C9: IG | D9: CONS_CYC | E9: INDEX_SPREAD_ITRX_IG_OTR | F9: 05Y | G9: 40
A10: ITRAXX-LEVX | B10: LN | C10: CI | D10: SEN | E10: INDEX_SPREAD_ITRX_XO_OTR | F10: 05Y | G10: 60
A11: ITRAXX-ASIAN | B11: KO | C11: IG | D11: * | E11: INDEX_SPREAD_ITRX_IG_OTR | F11: 05Y | G11: 40
A12: ITRAXX-LEVX | B12: LN | C12: LL | D12: SENIOR | E12: INDEX_SPREAD_ITRX_XO_OTR | F12: 05Y | G12: 60
A13: CDX | B13: NA | C13: XO | D13: * | E13: INDEX_SPREAD_CDX_HY_OTR | F13: 05Y | G13: 60
... A52: ITRAXX SOVX | B52: WE | C52: * | D52: * | E52: INDEX_SPREAD_ITRX_IG_OTR | F52: 05Y | G52: 40

Sheet TimeSeries
A1: timeSeriesld | B1: date | C1: Index Values
A2: INDEX_SPREAD_CDX_EM_OTR | B2: 45292 | C2: 166.85439
A3: INDEX_SPREAD_CDX_HY_OTR | B3: 45292 | C3: 357
A4: INDEX_SPREAD_CDX_IG_OTR | B4: 45292 | C4: 56.75
A5: INDEX_SPREAD_ITRX_XO_OTR | B5: 45292 | C5: 310.375
A6: INDEX_SPREAD_ITRX_IG_OTR | B6: 45292 | C6: 58.28
A7: INDEX_SPREAD_ITRX_IG_FINSB_OTR | B7: 45292 | C7: 122.65
A8: INDEX_SPREAD_ITRX_IG_FINSN_OTR | B8: 45292 | C8: 67.12
A9: INDEX_SPREAD_CDX_EM_OTR | B9: 45293 | C9: 175.86862
A10: INDEX_SPREAD_CDX_HY_OTR | B10: 45293 | C10: 364.5
A11: INDEX_SPREAD_CDX_IG_OTR | B11: 45293 | C11: 58.5
A12: INDEX_SPREAD_ITRX_XO_OTR | B12: 45293 | C12: 325.24
A13: INDEX_SPREAD_ITRX_IG_OTR | B13: 45293 | C13: 61
... A120: INDEX_SPREAD_ITRX_IG_FINSN_OTR | B120: 45314 | C120: 69.89

Sheet DataDictionary
A1: TestingPnL
A2: Field | B2: Description | C2: Sample value
A3: COB | B3: Close of business date | C3: 45306
A4: global_position_id | B4: Unique position identifier | C4: 2122287473
A5: bu risk_system | B5: Business unit risk system | C5: EQUITY_NY.ADEELQ
A6: book | B6: business unit trading book | C6: EXOTICS NAM adeelq
A7: ticket | B7: position ticket name | C7: [NULL]
A8: asset class | B8: position asset class | C8: ir
A9: measure name | B9: name of the risk measure | C9: asset_pv01spread
A10: measure usd | B10: value of the risk measure | C10: -146.5032
A11: mrd mark | B11: measure mark / 100 | C11: [NULL]
A12: measure mark | B12: position benchmark mark for relative return convertion | C12: [NULL]
A13: term of measure | B13: time to maturity in days | C13: 1792
A14: expiration date | B14: expiration date for the position | C14: 1
A15: ccvar term | B15: time to maturity in days | C15: 1792
A16: rf curve name | B16: name of the risk factor curve | C16: ig41v1
A17: index sector | B17: economic sector of the position | C17: IG
A18: index_region | B18: economic region of the position | C18: NA
A19: index_family | B19: index family of the position | C19: CDX
A20: ccvar tenor bucket 4 | B20: bucket for tenor | C20: 3-10
A21: ccvar tenor bucket 2 | B21: bucket for tenor | C21: 0-5
A22: ccc_product line | B22: this is the trading desk | C22: EXOTIC PRODUCTS
A23: baac_pl_rpt_region | B23: business reporting region | C23: NORTH AMERICA
A24: pnL | B24: PnL value on COB | C24: 0
A30: Mapping | B30: Sample Value
A31: index_family | B31: The CDS index family. The family should be CDX or iTraxx | C31: CDX
A32: index_region | B32: The CDS index region. North America, EMEA and asia pacific | C32: NA
A33: index_sector | B33: The CDS index sector, can be HY/IG for NA and XO and something else for iTraxx | C33: HY
A34: index_subsector | B34: The CDS index subsector. Not all index have subsector. Most granular level | C34: B
A35: Index | B35: This is the unique identifier of index, combination of all four fields above as applicable | C35: INDEX_SPREAD_CDX_HY_OTR
A36: Year | B36: The tenor of the index | C36: 05Y
A37: LH | B37: Liquidity horizon. Not relevant for VaR but for FRTB ES | C37: 60
A44: TimeSeries
A45: timeSeriesld | B45: The unique identifier of the index | C45: INDEX_SPREAD_CDX_EM_OTR
A46: date | B46: The COB date | C46: 45292
A47: Index Values | B47: The value of the index on the COB date | C47: 166.85439

Sheet Risk Report
A1: CDS Trading Desk — Daily Risk Report
A2: Prepared by: Desk Risk Manager
A3: Report Date: | B3: =TODAY() -> 46124
A4: Confidential | For Internal Use Only
A5: INPUTS
A6: CoB Jan 15 | B6: 45306
A7: CoB Jan 16 | B7: 45307
A9: TIME SERIES PIVOT (SUMIFS from TimeSeries tab)
A10: Date | B10: CDX_IG_OTR | C10: CDX_HY_OTR | D10: CDX_EM_OTR | E10: ITRX_IG_OTR | F10: ITRX_XO_OTR | G10: ITRX_FINSB_OTR | H10: ITRX_FINSN_OTR
A11: 45292 | B11: =IFERROR(SUMIFS(TimeSeries!$C:$C,TimeSeries!$A:$A,"INDEX_SPREAD_CDX_IG_OTR",TimeSeries!$B:$B,$A11),0) -> 56.75 | C11: =IFERROR(SUMIFS(TimeSeries!$C:$C,TimeSeries!$A:$A,"INDEX_SPREAD_CDX_HY_OTR",TimeSeries!$B:$B,$A11),0) -> 357 | D11: =IFERROR(SUMIFS(TimeSeries!$C:$C,TimeSeries!$A:$A,"INDEX_SPREAD_CDX_EM_OTR",TimeSeries!$B:$B,$A11),0) -> 166.85439 | E11: =IFERROR(SUMIFS(TimeSeries!$C:$C,TimeSeries!$A:$A,"INDEX_SPREAD_ITRX_IG_OTR",TimeSeries!$B:$B,$A11),0) -> 58.28 | F11: =IFERROR(SUMIFS(TimeSeries!$C:$C,TimeSeries!$A:$A,"INDEX_SPREAD_ITRX_XO_OTR",TimeSeries!$B:$B,$A11),0) -> 310.375 | G11: =IFERROR(SUMIFS(TimeSeries!$C:$C,TimeSeries!$A:$A,"INDEX_SPREAD_ITRX_IG_FINSB_OTR",TimeSeries!$B:$B,$A11),0) -> 122.65 | H11: =IFERROR(SUMIFS(TimeSeries!$C:$C,TimeSeries!$A:$A,"INDEX_SPREAD_ITRX_IG_FINSN_OTR",TimeSeries!$B:$B,$A11),0) -> 67.12
A12: 45293 | B12: =IFERROR(SUMIFS(TimeSeries!$C:$C,TimeSeries!$A:$A,"INDEX_SPREAD_CDX_IG_OTR",TimeSeries!$B:$B,$A12),0) -> 58.5 | C12: =IFERROR(SUMIFS(TimeSeries!$C:$C,TimeSeries!$A:$A,"INDEX_SPREAD_CDX_HY_OTR",TimeSeries!$B:$B,$A12),0) -> 364.5 | D12: =IFERROR(SUMIFS(TimeSeries!$C:$C,TimeSeries!$A:$A,"INDEX_SPREAD_CDX_EM_OTR",TimeSeries!$B:$B,$A12),0) -> 175.86862 | E12: =IFERROR(SUMIFS(TimeSeries!$C:$C,TimeSeries!$A:$A,"INDEX_SPREAD_ITRX_IG_OTR",TimeSeries!$B:$B,$A12),0) -> 61 | F12: =IFERROR(SUMIFS(TimeSeries!$C:$C,TimeSeries!$A:$A,"INDEX_SPREAD_ITRX_XO_OTR",TimeSeries!$B:$B,$A12),0) -> 325.24 | G12: =IFERROR(SUMIFS(TimeSeries!$C:$C,TimeSeries!$A:$A,"INDEX_SPREAD_ITRX_IG_FINSB_OTR",TimeSeries!$B:$B,$A12),0) -> 130.72 | H12: =IFERROR(SUMIFS(TimeSeries!$C:$C,TimeSeries!$A:$A,"INDEX_SPREAD_ITRX_IG_FINSN_OTR",TimeSeries!$B:$B,$A12),0) -> 71.11
A13: 45294 | B13: =IFERROR(SUMIFS(TimeSeries!$C:$C,TimeSeries!$A:$A,"INDEX_SPREAD_CDX_IG_OTR",TimeSeries!$B:$B,$A13),0) -> 60.5 | C13: =IFERROR(SUMIFS(TimeSeries!$C:$C,TimeSeries!$A:$A,"INDEX_SPREAD_CDX_HY_OTR",TimeSeries!$B:$B,$A13),0) -> 375 | D13: =IFERROR(SUMIFS(TimeSeries!$C:$C,TimeSeries!$A:$A,"INDEX_SPREAD_CDX_EM_OTR",TimeSeries!$B:$B,$A13),0) -> 181.49359 | E13: =IFERROR(SUMIFS(TimeSeries!$C:$C,TimeSeries!$A:$A,"INDEX_SPREAD_ITRX_IG_OTR",TimeSeries!$B:$B,$A13),0) -> 64.3 | F13: =IFERROR(SUMIFS(TimeSeries!$C:$C,TimeSeries!$A:$A,"INDEX_SPREAD_ITRX_XO_OTR",TimeSeries!$B:$B,$A13),0) -> 343.09 | G13: =IFERROR(SUMIFS(TimeSeries!$C:$C,TimeSeries!$A:$A,"INDEX_SPREAD_ITRX_IG_FINSB_OTR",TimeSeries!$B:$B,$A13),0) -> 136.75 | H13: =IFERROR(SUMIFS(TimeSeries!$C:$C,TimeSeries!$A:$A,"INDEX_SPREAD_ITRX_IG_FINSN_OTR",TimeSeries!$B:$B,$A13),0) -> 74.42
A14: 45295 | B14: =IFERROR(SUMIFS(TimeSeries!$C:$C,TimeSeries!$A:$A,"INDEX_SPREAD_CDX_IG_OTR",TimeSeries!$B:$B,$A14),0) -> 60 | C14: =IFERROR(SUMIFS(TimeSeries!$C:$C,TimeSeries!$A:$A,"INDEX_SPREAD_CDX_HY_OTR",TimeSeries!$B:$B,$A14),0) -> 376 | D14: =IFERROR(SUMIFS(TimeSeries!$C:$C,TimeSeries!$A:$A,"INDEX_SPREAD_CDX_EM_OTR",TimeSeries!$B:$B,$A14),0) -> 184.6419 | E14: =IFERROR(SUMIFS(TimeSeries!$C:$C,TimeSeries!$A:$A,"INDEX_SPREAD_ITRX_IG_OTR",TimeSeries!$B:$B,$A14),0) -> 63.57 | F14: =IFERROR(SUMIFS(TimeSeries!$C:$C,TimeSeries!$A:$A,"INDEX_SPREAD_ITRX_XO_OTR",TimeSeries!$B:$B,$A14),0) -> 339.87 | G14: =IFERROR(SUMIFS(TimeSeries!$C:$C,TimeSeries!$A:$A,"INDEX_SPREAD_ITRX_IG_FINSB_OTR",TimeSeries!$B:$B,$A14),0) -> 134.34 | H14: =IFERROR(SUMIFS(TimeSeries!$C:$C,TimeSeries!$A:$A,"INDEX_SPREAD_ITRX_IG_FINSN_OTR",TimeSeries!$B:$B,$A14),0) -> 73.18
A15: 45296 | B15: =IFERROR(SUMIFS(TimeSeries!$C:$C,TimeSeries!$A:$A,"INDEX_SPREAD_CDX_IG_OTR",TimeSeries!$B:$B,$A15),0) -> 59.35 | C15: =IFERROR(SUMIFS(TimeSeries!$C:$C,TimeSeries!$A:$A,"INDEX_SPREAD_CDX_HY_OTR",TimeSeries!$B:$B,$A15),0) -> 371 | D15: =IFERROR(SUMIFS(TimeSeries!$C:$C,TimeSeries!$A:$A,"INDEX_SPREAD_CDX_EM_OTR",TimeSeries!$B:$B,$A15),0) -> 181.49182 | E15: =IFERROR(SUMIFS(TimeSeries!$C:$C,TimeSeries!$A:$A,"INDEX_SPREAD_ITRX_IG_OTR",TimeSeries!$B:$B,$A15),0) -> 63.7 | F15: =IFERROR(SUMIFS(TimeSeries!$C:$C,TimeSeries!$A:$A,"INDEX_SPREAD_ITRX_XO_OTR",TimeSeries!$B:$B,$A15),0) -> 338.98 | G15: =IFERROR(SUMIFS(TimeSeries!$C:$C,TimeSeries!$A:$A,"INDEX_SPREAD_ITRX_IG_FINSB_OTR",TimeSeries!$B:$B,$A15),0) -> 134.11 | H15: =IFERROR(SUMIFS(TimeSeries!$C:$C,TimeSeries!$A:$A,"INDEX_SPREAD_ITRX_IG_FINSN_OTR",TimeSeries!$B:$B,$A15),0) -> 73.2
A16: 45299 | B16: =IFERROR(SUMIFS(TimeSeries!$C:$C,TimeSeries!$A:$A,"INDEX_SPREAD_CDX_IG_OTR",TimeSeries!$B:$B,$A16),0) -> 56.9 | C16: =IFERROR(SUMIFS(TimeSeries!$C:$C,TimeSeries!$A:$A,"INDEX_SPREAD_CDX_HY_OTR",TimeSeries!$B:$B,$A16),0) -> 359 | D16: =IFERROR(SUMIFS(TimeSeries!$C:$C,TimeSeries!$A:$A,"INDEX_SPREAD_CDX_EM_OTR",TimeSeries!$B:$B,$A16),0) -> 180.72035 | E16: =IFERROR(SUMIFS(TimeSeries!$C:$C,TimeSeries!$A:$A,"INDEX_SPREAD_ITRX_IG_OTR",TimeSeries!$B:$B,$A16),0) -> 62.59 | F16: =IFERROR(SUMIFS(TimeSeries!$C:$C,TimeSeries!$A:$A,"INDEX_SPREAD_ITRX_XO_OTR",TimeSeries!$B:$B,$A16),0) -> 333.89 | G16: =IFERROR(SUMIFS(TimeSeries!$C:$C,TimeSeries!$A:$A,"INDEX_SPREAD_ITRX_IG_FINSB_OTR",TimeSeries!$B:$B,$A16),0) -> 132.01 | H16: =IFERROR(SUMIFS(TimeSeries!$C:$C,TimeSeries!$A:$A,"INDEX_SPREAD_ITRX_IG_FINSN_OTR",TimeSeries!$B:$B,$A16),0) -> 71.95
A17: 45300 | B17: =IFERROR(SUMIFS(TimeSeries!$C:$C,TimeSeries!$A:$A,"INDEX_SPREAD_CDX_IG_OTR",TimeSeries!$B:$B,$A17),0) -> 56.45 | C17: =IFERROR(SUMIFS(TimeSeries!$C:$C,TimeSeries!$A:$A,"INDEX_SPREAD_CDX_HY_OTR",TimeSeries!$B:$B,$A17),0) -> 359 | D17: =IFERROR(SUMIFS(TimeSeries!$C:$C,TimeSeries!$A:$A,"INDEX_SPREAD_CDX_EM_OTR",TimeSeries!$B:$B,$A17),0) -> 180.7311 | E17: =IFERROR(SUMIFS(TimeSeries!$C:$C,TimeSeries!$A:$A,"INDEX_SPREAD_ITRX_IG_OTR",TimeSeries!$B:$B,$A17),0) -> 61.5 | F17: =IFERROR(SUMIFS(TimeSeries!$C:$C,TimeSeries!$A:$A,"INDEX_SPREAD_ITRX_XO_OTR",TimeSeries!$B:$B,$A17),0) -> 329.86 | G17: =IFERROR(SUMIFS(TimeSeries!$C:$C,TimeSeries!$A:$A,"INDEX_SPREAD_ITRX_IG_FINSB_OTR",TimeSeries!$B:$B,$A17),0) -> 130.86 | H17: =IFERROR(SUMIFS(TimeSeries!$C:$C,TimeSeries!$A:$A,"INDEX_SPREAD_ITRX_IG_FINSN_OTR",TimeSeries!$B:$B,$A17),0) -> 71.1
A18: 45301 | B18: =IFERROR(SUMIFS(TimeSeries!$C:$C,TimeSeries!$A:$A,"INDEX_SPREAD_CDX_IG_OTR",TimeSeries!$B:$B,$A18),0) -> 55.3 | C18: =IFERROR(SUMIFS(TimeSeries!$C:$C,TimeSeries!$A:$A,"INDEX_SPREAD_CDX_HY_OTR",TimeSeries!$B:$B,$A18),0) -> 353.5 | D18: =IFERROR(SUMIFS(TimeSeries!$C:$C,TimeSeries!$A:$A,"INDEX_SPREAD_CDX_EM_OTR",TimeSeries!$B:$B,$A18),0) -> 175.95631 | E18: =IFERROR(SUMIFS(TimeSeries!$C:$C,TimeSeries!$A:$A,"INDEX_SPREAD_ITRX_IG_OTR",TimeSeries!$B:$B,$A18),0) -> 59.54 | F18: =IFERROR(SUMIFS(TimeSeries!$C:$C,TimeSeries!$A:$A,"INDEX_SPREAD_ITRX_XO_OTR",TimeSeries!$B:$B,$A18),0) -> 319.05 | G18: =IFERROR(SUMIFS(TimeSeries!$C:$C,TimeSeries!$A:$A,"INDEX_SPREAD_ITRX_IG_FINSB_OTR",TimeSeries!$B:$B,$A18),0) -> 125.04 | H18: =IFERROR(SUMIFS(TimeSeries!$C:$C,TimeSeries!$A:$A,"INDEX_SPREAD_ITRX_IG_FINSN_OTR",TimeSeries!$B:$B,$A18),0) -> 68.61
A19: 45302 | B19: =IFERROR(SUMIFS(TimeSeries!$C:$C,TimeSeries!$A:$A,"INDEX_SPREAD_CDX_IG_OTR",TimeSeries!$B:$B,$A19),0) -> 54.5 | C19: =IFERROR(SUMIFS(TimeSeries!$C:$C,TimeSeries!$A:$A,"INDEX_SPREAD_CDX_HY_OTR",TimeSeries!$B:$B,$A19),0) -> 350.5 | D19: =IFERROR(SUMIFS(TimeSeries!$C:$C,TimeSeries!$A:$A,"INDEX_SPREAD_CDX_EM_OTR",TimeSeries!$B:$B,$A19),0) -> 174.33105 | E19: =IFERROR(SUMIFS(TimeSeries!$C:$C,TimeSeries!$A:$A,"INDEX_SPREAD_ITRX_IG_OTR",TimeSeries!$B:$B,$A19),0) -> 60.44 | F19: =IFERROR(SUMIFS(TimeSeries!$C:$C,TimeSeries!$A:$A,"INDEX_SPREAD_ITRX_XO_OTR",TimeSeries!$B:$B,$A19),0) -> 325.06 | G19: =IFERROR(SUMIFS(TimeSeries!$C:$C,TimeSeries!$A:$A,"INDEX_SPREAD_ITRX_IG_FINSB_OTR",TimeSeries!$B:$B,$A19),0) -> 128.48 | H19: =IFERROR(SUMIFS(TimeSeries!$C:$C,TimeSeries!$A:$A,"INDEX_SPREAD_ITRX_IG_FINSN_OTR",TimeSeries!$B:$B,$A19),0) -> 70.13
A20: 45303 | B20: =IFERROR(SUMIFS(TimeSeries!$C:$C,TimeSeries!$A:$A,"INDEX_SPREAD_CDX_IG_OTR",TimeSeries!$B:$B,$A20),0) -> 54.75 | C20: =IFERROR(SUMIFS(TimeSeries!$C:$C,TimeSeries!$A:$A,"INDEX_SPREAD_CDX_HY_OTR",TimeSeries!$B:$B,$A20),0) -> 353 | D20: =IFERROR(SUMIFS(TimeSeries!$C:$C,TimeSeries!$A:$A,"INDEX_SPREAD_CDX_EM_OTR",TimeSeries!$B:$B,$A20),0) -> 173.9481 | E20: =IFERROR(SUMIFS(TimeSeries!$C:$C,TimeSeries!$A:$A,"INDEX_SPREAD_ITRX_IG_OTR",TimeSeries!$B:$B,$A20),0) -> 60.04 | F20: =IFERROR(SUMIFS(TimeSeries!$C:$C,TimeSeries!$A:$A,"INDEX_SPREAD_ITRX_XO_OTR",TimeSeries!$B:$B,$A20),0) -> 321.49 | G20: =IFERROR(SUMIFS(TimeSeries!$C:$C,TimeSeries!$A:$A,"INDEX_SPREAD_ITRX_IG_FINSB_OTR",TimeSeries!$B:$B,$A20),0) -> 129.37 | H20: =IFERROR(SUMIFS(TimeSeries!$C:$C,TimeSeries!$A:$A,"INDEX_SPREAD_ITRX_IG_FINSN_OTR",TimeSeries!$B:$B,$A20),0) -> 70.28
A21: 45306 | B21: =IFERROR(SUMIFS(TimeSeries!$C:$C,TimeSeries!$A:$A,"INDEX_SPREAD_CDX_IG_OTR",TimeSeries!$B:$B,$A21),0) -> 54.75 | C21: =IFERROR(SUMIFS(TimeSeries!$C:$C,TimeSeries!$A:$A,"INDEX_SPREAD_CDX_HY_OTR",TimeSeries!$B:$B,$A21),0) -> 353 | D21: =IFERROR(SUMIFS(TimeSeries!$C:$C,TimeSeries!$A:$A,"INDEX_SPREAD_CDX_EM_OTR",TimeSeries!$B:$B,$A21),0) -> 173.94553 | E21: =IFERROR(SUMIFS(TimeSeries!$C:$C,TimeSeries!$A:$A,"INDEX_SPREAD_ITRX_IG_OTR",TimeSeries!$B:$B,$A21),0) -> 60.88 | F21: =IFERROR(SUMIFS(TimeSeries!$C:$C,TimeSeries!$A:$A,"INDEX_SPREAD_ITRX_XO_OTR",TimeSeries!$B:$B,$A21),0) -> 329.53 | G21: =IFERROR(SUMIFS(TimeSeries!$C:$C,TimeSeries!$A:$A,"INDEX_SPREAD_ITRX_IG_FINSB_OTR",TimeSeries!$B:$B,$A21),0) -> 131.9 | H21: =IFERROR(SUMIFS(TimeSeries!$C:$C,TimeSeries!$A:$A,"INDEX_SPREAD_ITRX_IG_FINSN_OTR",TimeSeries!$B:$B,$A21),0) -> 71.27
A22: 45307 | B22: =IFERROR(SUMIFS(TimeSeries!$C:$C,TimeSeries!$A:$A,"INDEX_SPREAD_CDX_IG_OTR",TimeSeries!$B:$B,$A22),0) -> 55.9 | C22: =IFERROR(SUMIFS(TimeSeries!$C:$C,TimeSeries!$A:$A,"INDEX_SPREAD_CDX_HY_OTR",TimeSeries!$B:$B,$A22),0) -> 360 | D22: =IFERROR(SUMIFS(TimeSeries!$C:$C,TimeSeries!$A:$A,"INDEX_SPREAD_CDX_EM_OTR",TimeSeries!$B:$B,$A22),0) -> 178.75261 | E22: =IFERROR(SUMIFS(TimeSeries!$C:$C,TimeSeries!$A:$A,"INDEX_SPREAD_ITRX_IG_OTR",TimeSeries!$B:$B,$A22),0) -> 60.8 | F22: =IFERROR(SUMIFS(TimeSeries!$C:$C,TimeSeries!$A:$A,"INDEX_SPREAD_ITRX_XO_OTR",TimeSeries!$B:$B,$A22),0) -> 331.18 | G22: =IFERROR(SUMIFS(TimeSeries!$C:$C,TimeSeries!$A:$A,"INDEX_SPREAD_ITRX_IG_FINSB_OTR",TimeSeries!$B:$B,$A22),0) -> 131.6 | H22: =IFERROR(SUMIFS(TimeSeries!$C:$C,TimeSeries!$A:$A,"INDEX_SPREAD_ITRX_IG_FINSN_OTR",TimeSeries!$B:$B,$A22),0) -> 70.98
... A27: 45314 | B27: =IFERROR(SUMIFS(TimeSeries!$C:$C,TimeSeries!$A:$A,"INDEX_SPREAD_CDX_IG_OTR",TimeSeries!$B:$B,$A27),0) -> 55.5 | C27: =IFERROR(SUMIFS(TimeSeries!$C:$C,TimeSeries!$A:$A,"INDEX_SPREAD_CDX_HY_OTR",TimeSeries!$B:$B,$A27),0) -> 356 | D27: =IFERROR(SUMIFS(TimeSeries!$C:$C,TimeSeries!$A:$A,"INDEX_SPREAD_CDX_EM_OTR",TimeSeries!$B:$B,$A27),0) -> 181.12445 | E27: =IFERROR(SUMIFS(TimeSeries!$C:$C,TimeSeries!$A:$A,"INDEX_SPREAD_ITRX_IG_OTR",TimeSeries!$B:$B,$A27),0) -> 60.44 | F27: =IFERROR(SUMIFS(TimeSeries!$C:$C,TimeSeries!$A:$A,"INDEX_SPREAD_ITRX_XO_OTR",TimeSeries!$B:$B,$A27),0) -> 329.65 | G27: =IFERROR(SUMIFS(TimeSeries!$C:$C,TimeSeries!$A:$A,"INDEX_SPREAD_ITRX_IG_FINSB_OTR",TimeSeries!$B:$B,$A27),0) -> 129.64 | H27: =IFERROR(SUMIFS(TimeSeries!$C:$C,TimeSeries!$A:$A,"INDEX_SPREAD_ITRX_IG_FINSN_OTR",TimeSeries!$B:$B,$A27),0) -> 69.89
A29: SHOCKS (bps, day-over-day change in index spread)
A30: Scenario Date | B30: Shock_CDX_IG | C30: Shock_CDX_HY | D30: Shock_CDX_EM | E30: Shock_ITRX_IG | F30: Shock_ITRX_XO | G30: Shock_ITRX_FINSB | H30: Shock_ITRX_FINSN | I30: Portfolio_PnL_Jan15 | J30: Portfolio_PnL_Jan16
A31: =$A12 -> 45293 | B31: =B12-B11 -> 1.75 | C31: =C12-C11 -> 7.5 | D31: =D12-D11 -> 9.01423 | E31: =E12-E11 -> 2.72 | F31: =F12-F11 -> 14.865 | G31: =G12-G11 -> 8.07 | H31: =H12-H11 -> 3.99 | I31: =SUMIFS(TestingPnL!$H:$H,TestingPnL!$A:$A,$B$6,TestingPnL!$P:$P,"NA",TestingPnL!$O:$O,"IG")*B31+SUMIFS(TestingPnL!$H:$H,TestingPnL!$A:$A,$B$6,TestingPnL!$P:$P,"NA",TestingPnL!$O:$O,"HY")*C31+SUMIFS(TestingPnL!$H:$H,TestingPnL!$A:$A,$B$6,TestingPnL!$P:$P,"NA",TestingPnL!$O:$O,"CO")*C31+SUMIFS(TestingPnL!$H:$H,TestingPnL!$A:$A,$B$6,TestingPnL!$P:$P,"EU",TestingPnL!$O:$O,"IG")*E31+SUMIFS(TestingPnL!$H:$H,TestingPnL!$A:$A,$B$6,TestingPnL!$P:$P,"EU",TestingPnL!$O:$O,"CO")*F31 -> -3785.5511 | J31: =SUMIFS(TestingPnL!$H:$H,TestingPnL!$A:$A,$B$7,TestingPnL!$P:$P,"NA",TestingPnL!$O:$O,"IG")*B31+SUMIFS(TestingPnL!$H:$H,TestingPnL!$A:$A,$B$7,TestingPnL!$P:$P,"NA",TestingPnL!$O:$O,"HY")*C31+SUMIFS(TestingPnL!$H:$H,TestingPnL!$A:$A,$B$7,TestingPnL!$P:$P,"NA",TestingPnL!$O:$O,"CO")*C31+SUMIFS(TestingPnL!$H:$H,TestingPnL!$A:$A,$B$7,TestingPnL!$P:$P,"EU",TestingPnL!$O:$O,"IG")*E31+SUMIFS(TestingPnL!$H:$H,TestingPnL!$A:$A,$B$7,TestingPnL!$P:$P,"EU",TestingPnL!$O:$O,"CO")*F31 -> -1521.6653
A32: =$A13 -> 45294 | B32: =B13-B12 -> 2 | C32: =C13-C12 -> 10.5 | D32: =D13-D12 -> 5.62497 | E32: =E13-E12 -> 3.3 | F32: =F13-F12 -> 17.85 | G32: =G13-G12 -> 6.03 | H32: =H13-H12 -> 3.31 | I32: =SUMIFS(TestingPnL!$H:$H,TestingPnL!$A:$A,$B$6,TestingPnL!$P:$P,"NA",TestingPnL!$O:$O,"IG")*B32+SUMIFS(TestingPnL!$H:$H,TestingPnL!$A:$A,$B$6,TestingPnL!$P:$P,"NA",TestingPnL!$O:$O,"HY")*C32+SUMIFS(TestingPnL!$H:$H,TestingPnL!$A:$A,$B$6,TestingPnL!$P:$P,"NA",TestingPnL!$O:$O,"CO")*C32+SUMIFS(TestingPnL!$H:$H,TestingPnL!$A:$A,$B$6,TestingPnL!$P:$P,"EU",TestingPnL!$O:$O,"IG")*E32+SUMIFS(TestingPnL!$H:$H,TestingPnL!$A:$A,$B$6,TestingPnL!$P:$P,"EU",TestingPnL!$O:$O,"CO")*F32 -> -4710.2952 | J32: =SUMIFS(TestingPnL!$H:$H,TestingPnL!$A:$A,$B$7,TestingPnL!$P:$P,"NA",TestingPnL!$O:$O,"IG")*B32+SUMIFS(TestingPnL!$H:$H,TestingPnL!$A:$A,$B$7,TestingPnL!$P:$P,"NA",TestingPnL!$O:$O,"HY")*C32+SUMIFS(TestingPnL!$H:$H,TestingPnL!$A:$A,$B$7,TestingPnL!$P:$P,"NA",TestingPnL!$O:$O,"CO")*C32+SUMIFS(TestingPnL!$H:$H,TestingPnL!$A:$A,$B$7,TestingPnL!$P:$P,"EU",TestingPnL!$O:$O,"IG")*E32+SUMIFS(TestingPnL!$H:$H,TestingPnL!$A:$A,$B$7,TestingPnL!$P:$P,"EU",TestingPnL!$O:$O,"CO")*F32 -> -1848.8801
A33: =$A14 -> 45295 | B33: =B14-B13 -> -0.5 | C33: =C14-C13 -> 1 | D33: =D14-D13 -> 3.14831 | E33: =E14-E13 -> -0.73 | F33: =F14-F13 -> -3.22 | G33: =G14-G13 -> -2.41 | H33: =H14-H13 -> -1.24 | I33: =SUMIFS(TestingPnL!$H:$H,TestingPnL!$A:$A,$B$6,TestingPnL!$P:$P,"NA",TestingPnL!$O:$O,"IG")*B33+SUMIFS(TestingPnL!$H:$H,TestingPnL!$A:$A,$B$6,TestingPnL!$P:$P,"NA",TestingPnL!$O:$O,"HY")*C33+SUMIFS(TestingPnL!$H:$H,TestingPnL!$A:$A,$B$6,TestingPnL!$P:$P,"NA",TestingPnL!$O:$O,"CO")*C33+SUMIFS(TestingPnL!$H:$H,TestingPnL!$A:$A,$B$6,TestingPnL!$P:$P,"EU",TestingPnL!$O:$O,"IG")*E33+SUMIFS(TestingPnL!$H:$H,TestingPnL!$A:$A,$B$6,TestingPnL!$P:$P,"EU",TestingPnL!$O:$O,"CO")*F33 -> 519.48946 | J33: =SUMIFS(TestingPnL!$H:$H,TestingPnL!$A:$A,$B$7,TestingPnL!$P:$P,"NA",TestingPnL!$O:$O,"IG")*B33+SUMIFS(TestingPnL!$H:$H,TestingPnL!$A:$A,$B$7,TestingPnL!$P:$P,"NA",TestingPnL!$O:$O,"HY")*C33+SUMIFS(TestingPnL!$H:$H,TestingPnL!$A:$A,$B$7,TestingPnL!$P:$P,"NA",TestingPnL!$O:$O,"CO")*C33+SUMIFS(TestingPnL!$H:$H,TestingPnL!$A:$A,$B$7,TestingPnL!$P:$P,"EU",TestingPnL!$O:$O,"IG")*E33+SUMIFS(TestingPnL!$H:$H,TestingPnL!$A:$A,$B$7,TestingPnL!$P:$P,"EU",TestingPnL!$O:$O,"CO")*F33 -> 290.81813
A34: =$A15 -> 45296 | B34: =B15-B14 -> -0.65 | C34: =C15-C14 -> -5 | D34: =D15-D14 -> -3.15008 | E34: =E15-E14 -> 0.13 | F34: =F15-F14 -> -0.89 | G34: =G15-G14 -> -0.23 | H34: =H15-H14 -> 0.02 | I34: =SUMIFS(TestingPnL!$H:$H,TestingPnL!$A:$A,$B$6,TestingPnL!$P:$P,"NA",TestingPnL!$O:$O,"IG")*B34+SUMIFS(TestingPnL!$H:$H,TestingPnL!$A:$A,$B$6,TestingPnL!$P:$P,"NA",TestingPnL!$O:$O,"HY")*C34+SUMIFS(TestingPnL!$H:$H,TestingPnL!$A:$A,$B$6,TestingPnL!$P:$P,"NA",TestingPnL!$O:$O,"CO")*C34+SUMIFS(TestingPnL!$H:$H,TestingPnL!$A:$A,$B$6,TestingPnL!$P:$P,"EU",TestingPnL!$O:$O,"IG")*E34+SUMIFS(TestingPnL!$H:$H,TestingPnL!$A:$A,$B$6,TestingPnL!$P:$P,"EU",TestingPnL!$O:$O,"CO")*F34 -> 1225.7504 | J34: =SUMIFS(TestingPnL!$H:$H,TestingPnL!$A:$A,$B$7,TestingPnL!$P:$P,"NA",TestingPnL!$O:$O,"IG")*B34+SUMIFS(TestingPnL!$H:$H,TestingPnL!$A:$A,$B$7,TestingPnL!$P:$P,"NA",TestingPnL!$O:$O,"HY")*C34+SUMIFS(TestingPnL!$H:$H,TestingPnL!$A:$A,$B$7,TestingPnL!$P:$P,"NA",TestingPnL!$O:$O,"CO")*C34+SUMIFS(TestingPnL!$H:$H,TestingPnL!$A:$A,$B$7,TestingPnL!$P:$P,"EU",TestingPnL!$O:$O,"IG")*E34+SUMIFS(TestingPnL!$H:$H,TestingPnL!$A:$A,$B$7,TestingPnL!$P:$P,"EU",TestingPnL!$O:$O,"CO")*F34 -> 332.86
A35: =$A16 -> 45299 | B35: =B16-B15 -> -2.45 | C35: =C16-C15 -> -12 | D35: =D16-D15 -> -0.77147 | E35: =E16-E15 -> -1.11 | F35: =F16-F15 -> -5.09 | G35: =G16-G15 -> -2.1 | H35: =H16-H15 -> -1.25 | I35: =SUMIFS(TestingPnL!$H:$H,TestingPnL!$A:$A,$B$6,TestingPnL!$P:$P,"NA",TestingPnL!$O:$O,"IG")*B35+SUMIFS(TestingPnL!$H:$H,TestingPnL!$A:$A,$B$6,TestingPnL!$P:$P,"NA",TestingPnL!$O:$O,"HY")*C35+SUMIFS(TestingPnL!$H:$H,TestingPnL!$A:$A,$B$6,TestingPnL!$P:$P,"NA",TestingPnL!$O:$O,"CO")*C35+SUMIFS(TestingPnL!$H:$H,TestingPnL!$A:$A,$B$6,TestingPnL!$P:$P,"EU",TestingPnL!$O:$O,"IG")*E35+SUMIFS(TestingPnL!$H:$H,TestingPnL!$A:$A,$B$6,TestingPnL!$P:$P,"EU",TestingPnL!$O:$O,"CO")*F35 -> 3928.5709 | J35: =SUMIFS(TestingPnL!$H:$H,TestingPnL!$A:$A,$B$7,TestingPnL!$P:$P,"NA",TestingPnL!$O:$O,"IG")*B35+SUMIFS(TestingPnL!$H:$H,TestingPnL!$A:$A,$B$7,TestingPnL!$P:$P,"NA",TestingPnL!$O:$O,"HY")*C35+SUMIFS(TestingPnL!$H:$H,TestingPnL!$A:$A,$B$7,TestingPnL!$P:$P,"NA",TestingPnL!$O:$O,"CO")*C35+SUMIFS(TestingPnL!$H:$H,TestingPnL!$A:$A,$B$7,TestingPnL!$P:$P,"EU",TestingPnL!$O:$O,"IG")*E35+SUMIFS(TestingPnL!$H:$H,TestingPnL!$A:$A,$B$7,TestingPnL!$P:$P,"EU",TestingPnL!$O:$O,"CO")*F35 -> 1241.4928
A36: =$A17 -> 45300 | B36: =B17-B16 -> -0.45 | C36: =C17-C16 -> 0 | D36: =D17-D16 -> 0.01075 | E36: =E17-E16 -> -1.09 | F36: =F17-F16 -> -4.03 | G36: =G17-G16 -> -1.15 | H36: =H17-H16 -> -0.85 | I36: =SUMIFS(TestingPnL!$H:$H,TestingPnL!$A:$A,$B$6,TestingPnL!$P:$P,"NA",TestingPnL!$O:$O,"IG")*B36+SUMIFS(TestingPnL!$H:$H,TestingPnL!$A:$A,$B$6,TestingPnL!$P:$P,"NA",TestingPnL!$O:$O,"HY")*C36+SUMIFS(TestingPnL!$H:$H,TestingPnL!$A:$A,$B$6,TestingPnL!$P:$P,"NA",TestingPnL!$O:$O,"CO")*C36+SUMIFS(TestingPnL!$H:$H,TestingPnL!$A:$A,$B$6,TestingPnL!$P:$P,"EU",TestingPnL!$O:$O,"IG")*E36+SUMIFS(TestingPnL!$H:$H,TestingPnL!$A:$A,$B$6,TestingPnL!$P:$P,"EU",TestingPnL!$O:$O,"CO")*F36 -> 748.52716 | J36: =SUMIFS(TestingPnL!$H:$H,TestingPnL!$A:$A,$B$7,TestingPnL!$P:$P,"NA",TestingPnL!$O:$O,"IG")*B36+SUMIFS(TestingPnL!$H:$H,TestingPnL!$A:$A,$B$7,TestingPnL!$P:$P,"NA",TestingPnL!$O:$O,"HY")*C36+SUMIFS(TestingPnL!$H:$H,TestingPnL!$A:$A,$B$7,TestingPnL!$P:$P,"NA",TestingPnL!$O:$O,"CO")*C36+SUMIFS(TestingPnL!$H:$H,TestingPnL!$A:$A,$B$7,TestingPnL!$P:$P,"EU",TestingPnL!$O:$O,"IG")*E36+SUMIFS(TestingPnL!$H:$H,TestingPnL!$A:$A,$B$7,TestingPnL!$P:$P,"EU",TestingPnL!$O:$O,"CO")*F36 -> 370.1492
A37: =$A18 -> 45301 | B37: =B18-B17 -> -1.15 | C37: =C18-C17 -> -5.5 | D37: =D18-D17 -> -4.77479 | E37: =E18-E17 -> -1.96 | F37: =F18-F17 -> -10.81 | G37: =G18-G17 -> -5.82 | H37: =H18-H17 -> -2.49 | I37: =SUMIFS(TestingPnL!$H:$H,TestingPnL!$A:$A,$B$6,TestingPnL!$P:$P,"NA",TestingPnL!$O:$O,"IG")*B37+SUMIFS(TestingPnL!$H:$H,TestingPnL!$A:$A,$B$6,TestingPnL!$P:$P,"NA",TestingPnL!$O:$O,"HY")*C37+SUMIFS(TestingPnL!$H:$H,TestingPnL!$A:$A,$B$6,TestingPnL!$P:$P,"NA",TestingPnL!$O:$O,"CO")*C37+SUMIFS(TestingPnL!$H:$H,TestingPnL!$A:$A,$B$6,TestingPnL!$P:$P,"EU",TestingPnL!$O:$O,"IG")*E37+SUMIFS(TestingPnL!$H:$H,TestingPnL!$A:$A,$B$6,TestingPnL!$P:$P,"EU",TestingPnL!$O:$O,"CO")*F37 -> 2678.8966 | J37: =SUMIFS(TestingPnL!$H:$H,TestingPnL!$A:$A,$B$7,TestingPnL!$P:$P,"NA",TestingPnL!$O:$O,"IG")*B37+SUMIFS(TestingPnL!$H:$H,TestingPnL!$A:$A,$B$7,TestingPnL!$P:$P,"NA",TestingPnL!$O:$O,"HY")*C37+SUMIFS(TestingPnL!$H:$H,TestingPnL!$A:$A,$B$7,TestingPnL!$P:$P,"NA",TestingPnL!$O:$O,"CO")*C37+SUMIFS(TestingPnL!$H:$H,TestingPnL!$A:$A,$B$7,TestingPnL!$P:$P,"EU",TestingPnL!$O:$O,"IG")*E37+SUMIFS(TestingPnL!$H:$H,TestingPnL!$A:$A,$B$7,TestingPnL!$P:$P,"EU",TestingPnL!$O:$O,"CO")*F37 -> 1077.9184
A38: =$A19 -> 45302 | B38: =B19-B18 -> -0.8 | C38: =C19-C18 -> -3 | D38: =D19-D18 -> -1.62526 | E38: =E19-E18 -> 0.9 | F38: =F19-F18 -> 6.01 | G38: =G19-G18 -> 3.44 | H38: =H19-H18 -> 1.52 | I38: =SUMIFS(TestingPnL!$H:$H,TestingPnL!$A:$A,$B$6,TestingPnL!$P:$P,"NA",TestingPnL!$O:$O,"IG")*B38+SUMIFS(TestingPnL!$H:$H,TestingPnL!$A:$A,$B$6,TestingPnL!$P:$P,"NA",TestingPnL!$O:$O,"HY")*C38+SUMIFS(TestingPnL!$H:$H,TestingPnL!$A:$A,$B$6,TestingPnL!$P:$P,"NA",TestingPnL!$O:$O,"CO")*C38+SUMIFS(TestingPnL!$H:$H,TestingPnL!$A:$A,$B$6,TestingPnL!$P:$P,"EU",TestingPnL!$O:$O,"IG")*E38+SUMIFS(TestingPnL!$H:$H,TestingPnL!$A:$A,$B$6,TestingPnL!$P:$P,"EU",TestingPnL!$O:$O,"CO")*F38 -> 371.55283 | J38: =SUMIFS(TestingPnL!$H:$H,TestingPnL!$A:$A,$B$7,TestingPnL!$P:$P,"NA",TestingPnL!$O:$O,"IG")*B38+SUMIFS(TestingPnL!$H:$H,TestingPnL!$A:$A,$B$7,TestingPnL!$P:$P,"NA",TestingPnL!$O:$O,"HY")*C38+SUMIFS(TestingPnL!$H:$H,TestingPnL!$A:$A,$B$7,TestingPnL!$P:$P,"NA",TestingPnL!$O:$O,"CO")*C38+SUMIFS(TestingPnL!$H:$H,TestingPnL!$A:$A,$B$7,TestingPnL!$P:$P,"EU",TestingPnL!$O:$O,"IG")*E38+SUMIFS(TestingPnL!$H:$H,TestingPnL!$A:$A,$B$7,TestingPnL!$P:$P,"EU",TestingPnL!$O:$O,"CO")*F38 -> -72.840937
A39: =$A20 -> 45303 | B39: =B20-B19 -> 0.25 | C39: =C20-C19 -> 2.5 | D39: =D20-D19 -> -0.38295 | E39: =E20-E19 -> -0.4 | F39: =F20-F19 -> -3.57 | G39: =G20-G19 -> 0.89 | H39: =H20-H19 -> 0.15 | I39: =SUMIFS(TestingPnL!$H:$H,TestingPnL!$A:$A,$B$6,TestingPnL!$P:$P,"NA",TestingPnL!$O:$O,"IG")*B39+SUMIFS(TestingPnL!$H:$H,TestingPnL!$A:$A,$B$6,TestingPnL!$P:$P,"NA",TestingPnL!$O:$O,"HY")*C39+SUMIFS(TestingPnL!$H:$H,TestingPnL!$A:$A,$B$6,TestingPnL!$P:$P,"NA",TestingPnL!$O:$O,"CO")*C39+SUMIFS(TestingPnL!$H:$H,TestingPnL!$A:$A,$B$6,TestingPnL!$P:$P,"EU",TestingPnL!$O:$O,"IG")*E39+SUMIFS(TestingPnL!$H:$H,TestingPnL!$A:$A,$B$6,TestingPnL!$P:$P,"EU",TestingPnL!$O:$O,"CO")*F39 -> -201.59201 | J39: =SUMIFS(TestingPnL!$H:$H,TestingPnL!$A:$A,$B$7,TestingPnL!$P:$P,"NA",TestingPnL!$O:$O,"IG")*B39+SUMIFS(TestingPnL!$H:$H,TestingPnL!$A:$A,$B$7,TestingPnL!$P:$P,"NA",TestingPnL!$O:$O,"HY")*C39+SUMIFS(TestingPnL!$H:$H,TestingPnL!$A:$A,$B$7,TestingPnL!$P:$P,"NA",TestingPnL!$O:$O,"CO")*C39+SUMIFS(TestingPnL!$H:$H,TestingPnL!$A:$A,$B$7,TestingPnL!$P:$P,"EU",TestingPnL!$O:$O,"IG")*E39+SUMIFS(TestingPnL!$H:$H,TestingPnL!$A:$A,$B$7,TestingPnL!$P:$P,"EU",TestingPnL!$O:$O,"CO")*F39 -> 66.858924
A40: =$A21 -> 45306 | B40: =B21-B20 -> 0 | C40: =C21-C20 -> 0 | D40: =D21-D20 -> -0.00257 | E40: =E21-E20 -> 0.84 | F40: =F21-F20 -> 8.04 | G40: =G21-G20 -> 2.53 | H40: =H21-H20 -> 0.99 | I40: =SUMIFS(TestingPnL!$H:$H,TestingPnL!$A:$A,$B$6,TestingPnL!$P:$P,"NA",TestingPnL!$O:$O,"IG")*B40+SUMIFS(TestingPnL!$H:$H,TestingPnL!$A:$A,$B$6,TestingPnL!$P:$P,"NA",TestingPnL!$O:$O,"HY")*C40+SUMIFS(TestingPnL!$H:$H,TestingPnL!$A:$A,$B$6,TestingPnL!$P:$P,"NA",TestingPnL!$O:$O,"CO")*C40+SUMIFS(TestingPnL!$H:$H,TestingPnL!$A:$A,$B$6,TestingPnL!$P:$P,"EU",TestingPnL!$O:$O,"IG")*E40+SUMIFS(TestingPnL!$H:$H,TestingPnL!$A:$A,$B$6,TestingPnL!$P:$P,"EU",TestingPnL!$O:$O,"CO")*F40 -> -748.66836 | J40: =SUMIFS(TestingPnL!$H:$H,TestingPnL!$A:$A,$B$7,TestingPnL!$P:$P,"NA",TestingPnL!$O:$O,"IG")*B40+SUMIFS(TestingPnL!$H:$H,TestingPnL!$A:$A,$B$7,TestingPnL!$P:$P,"NA",TestingPnL!$O:$O,"HY")*C40+SUMIFS(TestingPnL!$H:$H,TestingPnL!$A:$A,$B$7,TestingPnL!$P:$P,"NA",TestingPnL!$O:$O,"CO")*C40+SUMIFS(TestingPnL!$H:$H,TestingPnL!$A:$A,$B$7,TestingPnL!$P:$P,"EU",TestingPnL!$O:$O,"IG")*E40+SUMIFS(TestingPnL!$H:$H,TestingPnL!$A:$A,$B$7,TestingPnL!$P:$P,"EU",TestingPnL!$O:$O,"CO")*F40 -> -442.56922
A42: VAR SUMMARY (99% Confidence, 1-Day, Historical Simulation)
A43: CoB Date | B43: 99% 1-Day VaR (USD)
A44: Jan 15 VaR | B44: =-PERCENTILE(I31:I39,0.01) -> 4636.3157
A45: Jan 16 VaR | B45: =-PERCENTILE(J31:J40,0.01) -> 1819.4308
A47: SECTOR RISK SUMMARY
A48: Index Sector | B48: COB | C48: Total PV01 Spread (USD) | D48: Total PnL (USD)
A49: CO | B49: =$B$6 -> 45306 | C49: =SUMIFS(TestingPnL!$H:$H,TestingPnL!$A:$A,$B$6,TestingPnL!$O:$O,"CO") -> -79.898615 | D49: =SUMIFS(TestingPnL!$V:$V,TestingPnL!$A:$A,$B$6,TestingPnL!$O:$O,"CO") -> -642.38486
A50: HY | B50: =$B$6 -> 45306 | C50: =SUMIFS(TestingPnL!$H:$H,TestingPnL!$A:$A,$B$6,TestingPnL!$O:$O,"HY") -> -150.83867 | D50: =SUMIFS(TestingPnL!$V:$V,TestingPnL!$A:$A,$B$6,TestingPnL!$O:$O,"HY") -> 0
A51: IG | B51: =$B$6 -> 45306 | C51: =SUMIFS(TestingPnL!$H:$H,TestingPnL!$A:$A,$B$6,TestingPnL!$O:$O,"IG") -> -767.90632 | D51: =SUMIFS(TestingPnL!$V:$V,TestingPnL!$A:$A,$B$6,TestingPnL!$O:$O,"IG") -> -106.28349
A52: Total Jan 15 | B52: =$B$6 -> 45306 | C52: =SUM(C49:C51) -> -998.6436 | D52: =SUM(D49:D51) -> -748.66836
A54: CO | B54: =$B$7 -> 45307 | C54: =SUMIFS(TestingPnL!$H:$H,TestingPnL!$A:$A,$B$7,TestingPnL!$O:$O,"CO") -> -54.199134 | D54: =SUMIFS(TestingPnL!$V:$V,TestingPnL!$A:$A,$B$7,TestingPnL!$O:$O,"CO") -> -120.37871
A55: HY | B55: =$B$7 -> 45307 | C55: =SUMIFS(TestingPnL!$H:$H,TestingPnL!$A:$A,$B$7,TestingPnL!$O:$O,"HY") -> -23.240354 | D55: =SUMIFS(TestingPnL!$V:$V,TestingPnL!$A:$A,$B$7,TestingPnL!$O:$O,"HY") -> -162.68248
A56: IG | B56: =$B$7 -> 45307 | C56: =SUMIFS(TestingPnL!$H:$H,TestingPnL!$A:$A,$B$7,TestingPnL!$O:$O,"IG") -> -298.70143 | D56: =SUMIFS(TestingPnL!$V:$V,TestingPnL!$A:$A,$B$7,TestingPnL!$O:$O,"IG") -> -265.43069
A57: Total Jan 16 | B57: =$B$7 -> 45307 | C57: =SUM(C54:C56) -> -376.14092 | D57: =SUM(D54:D56) -> -548.49188

Sheet PnL Vectors
A1: PER-POSITION PnL VECTORS - HISTORICAL SIMULATION | CDS Trading Desk
A2: Each PnL cell = PV01 Spread ($/bp) × historical spread shock (bps). Total PnL = sum across all scenarios. Shocks sourced from TimeSeries tab (same as Risk Report).
A4: CoB: January 15, 2025 | 49 Positions | 9 Historical Scenarios
A5: Position ID | B5: Book | C5: Sector | D5: Region | E5: Mapped TS | F5: PV01 ($) | G5: 45293 | H5: 45294 | I5: 45295 | J5: 45296 | K5: 45299 | L5: 45300 | M5: 45301 | N5: 45302 | O5: 45303 | P5: Total PnL ($)
A6: 2122287473 | B6: EXOTICS NAM adeelq | C6: IG | D6: NA | E6: CDX_IG | F6: -146.5032 | G6: =$F$6*'Risk Report'!$B$31 -> -256.3806 | H6: =$F$6*'Risk Report'!$B$32 -> -293.0064 | I6: =$F$6*'Risk Report'!$B$33 -> 73.251599 | J6: =$F$6*'Risk Report'!$B$34 -> 95.227079 | K6: =$F$6*'Risk Report'!$B$35 -> 358.93284 | L6: =$F$6*'Risk Report'!$B$36 -> 65.926439 | M6: =$F$6*'Risk Report'!$B$37 -> 168.47868 | N6: =$F$6*'Risk Report'!$B$38 -> 117.20256 | O6: =$F$6*'Risk Report'!$B$39 -> -36.625799 | P6: =SUM(G6:O6) -> 293.0064
A7: 2117362004 | B7: EXOTICS NAM painemic | C7: IG | D7: NA | E7: CDX_IG | F7: -109.10121 | G7: =$F$7*'Risk Report'!$B$31 -> -190.92711 | H7: =$F$7*'Risk Report'!$B$32 -> -218.20242 | I7: =$F$7*'Risk Report'!$B$33 -> 54.550604 | J7: =$F$7*'Risk Report'!$B$34 -> 70.915785 | K7: =$F$7*'Risk Report'!$B$35 -> 267.29796 | L7: =$F$7*'Risk Report'!$B$36 -> 49.095544 | M7: =$F$7*'Risk Report'!$B$37 -> 125.46639 | N7: =$F$7*'Risk Report'!$B$38 -> 87.280966 | O7: =$F$7*'Risk Report'!$B$39 -> -27.275302 | P7: =SUM(G7:O7) -> 218.20242
A8: 2119679880 | B8: EXOTICS NAM adeelq | C8: IG | D8: NA | E8: CDX_IG | F8: -43.367568 | G8: =$F$8*'Risk Report'!$B$31 -> -75.893244 | H8: =$F$8*'Risk Report'!$B$32 -> -86.735136 | I8: =$F$8*'Risk Report'!$B$33 -> 21.683784 | J8: =$F$8*'Risk Report'!$B$34 -> 28.188919 | K8: =$F$8*'Risk Report'!$B$35 -> 106.25054 | L8: =$F$8*'Risk Report'!$B$36 -> 19.515406 | M8: =$F$8*'Risk Report'!$B$37 -> 49.872703 | N8: =$F$8*'Risk Report'!$B$38 -> 34.694054 | O8: =$F$8*'Risk Report'!$B$39 -> -10.841892 | P8: =SUM(G8:O8) -> 86.735136
A9: 2118770188 | B9: EXOTICS NAM adeelq | C9: IG | D9: NA | E9: CDX_IG | F9: -43.00736 | G9: =$F$9*'Risk Report'!$B$31 -> -75.26288 | H9: =$F$9*'Risk Report'!$B$32 -> -86.01472 | I9: =$F$9*'Risk Report'!$B$33 -> 21.50368 | J9: =$F$9*'Risk Report'!$B$34 -> 27.954784 | K9: =$F$9*'Risk Report'!$B$35 -> 105.36803 | L9: =$F$9*'Risk Report'!$B$36 -> 19.353312 | M9: =$F$9*'Risk Report'!$B$37 -> 49.458464 | N9: =$F$9*'Risk Report'!$B$38 -> 34.405888 | O9: =$F$9*'Risk Report'!$B$39 -> -10.75184 | P9: =SUM(G9:O9) -> 86.01472
A10: 2122280819 | B10: CONV NAM murmic | C10: IG | D10: EU | E10: ITRX_IG | F10: -36.458521 | G10: =$F$10*'Risk Report'!$E$31 -> -99.167177 | H10: =$F$10*'Risk Report'!$E$32 -> -120.31312 | I10: =$F$10*'Risk Report'!$E$33 -> 26.61472 | J10: =$F$10*'Risk Report'!$E$34 -> -4.7396077 | K10: =$F$10*'Risk Report'!$E$35 -> 40.468958 | L10: =$F$10*'Risk Report'!$E$36 -> 39.739788 | M10: =$F$10*'Risk Report'!$E$37 -> 71.458701 | N10: =$F$10*'Risk Report'!$E$38 -> -32.812669 | O10: =$F$10*'Risk Report'!$E$39 -> 14.583408 | P10: =SUM(G10:O10) -> -64.166997
A11: 2123457722 | B11: EXOTICS EUR boutaoma | C11: HY | D11: NA | E11: CDX_HY | F11: -31.673077 | G11: =$F$11*'Risk Report'!$C$31 -> -237.54808 | H11: =$F$11*'Risk Report'!$C$32 -> -332.56731 | I11: =$F$11*'Risk Report'!$C$33 -> -31.673077 | J11: =$F$11*'Risk Report'!$C$34 -> 158.36539 | K11: =$F$11*'Risk Report'!$C$35 -> 380.07692 | L11: =$F$11*'Risk Report'!$C$36 -> 0 | M11: =$F$11*'Risk Report'!$C$37 -> 174.20192 | N11: =$F$11*'Risk Report'!$C$38 -> 95.019231 | O11: =$F$11*'Risk Report'!$C$39 -> -79.182693 | P11: =SUM(G11:O11) -> 126.69231
A12: 2122891849 | B12: EXOTICS EUR anouark | C12: HY | D12: NA | E12: CDX_HY | F12: -25.953275 | G12: =$F$12*'Risk Report'!$C$31 -> -194.64956 | H12: =$F$12*'Risk Report'!$C$32 -> -272.50939 | I12: =$F$12*'Risk Report'!$C$33 -> -25.953275 | J12: =$F$12*'Risk Report'!$C$34 -> 129.76638 | K12: =$F$12*'Risk Report'!$C$35 -> 311.4393 | L12: =$F$12*'Risk Report'!$C$36 -> 0 | M12: =$F$12*'Risk Report'!$C$37 -> 142.74301 | N12: =$F$12*'Risk Report'!$C$38 -> 77.859825 | O12: =$F$12*'Risk Report'!$C$39 -> -64.883188 | P12: =SUM(G12:O12) -> 103.8131
A13: 507elzc | B13: EQETC | C13: CO | D13: EU | E13: ITRX_XO | F13: -23.716067 | G13: =$F$13*'Risk Report'!$F$31 -> -352.53934 | H13: =$F$13*'Risk Report'!$F$32 -> -423.3318 | I13: =$F$13*'Risk Report'!$F$33 -> 76.365736 | J13: =$F$13*'Risk Report'!$F$34 -> 21.1073 | K13: =$F$13*'Risk Report'!$F$35 -> 120.71478 | L13: =$F$13*'Risk Report'!$F$36 -> 95.57575 | M13: =$F$13*'Risk Report'!$F$37 -> 256.37068 | N13: =$F$13*'Risk Report'!$F$38 -> -142.53356 | O13: =$F$13*'Risk Report'!$F$39 -> 84.666359 | P13: =SUM(G13:O13) -> -263.60408
A14: 54ftedh | B14: EQETC | C14: CO | D14: EU | E14: ITRX_XO | F14: -21.958534 | G14: =$F$14*'Risk Report'!$F$31 -> -326.41361 | H14: =$F$14*'Risk Report'!$F$32 -> -391.95983 | I14: =$F$14*'Risk Report'!$F$33 -> 70.706479 | J14: =$F$14*'Risk Report'!$F$34 -> 19.543095 | K14: =$F$14*'Risk Report'!$F$35 -> 111.76894 | L14: =$F$14*'Risk Report'!$F$36 -> 88.492892 | M14: =$F$14*'Risk Report'!$F$37 -> 237.37175 | N14: =$F$14*'Risk Report'!$F$38 -> -131.97079 | O14: =$F$14*'Risk Report'!$F$39 -> 78.391966 | P14: =SUM(G14:O14) -> -244.06911
A15: 507epfd | B15: EQETC | C15: CO | D15: EU | E15: ITRX_XO | F15: -20.553924 | G15: =$F$15*'Risk Report'!$F$31 -> -305.53408 | H15: =$F$15*'Risk Report'!$F$32 -> -366.88754 | I15: =$F$15*'Risk Report'!$F$33 -> 66.183635 | J15: =$F$15*'Risk Report'!$F$34 -> 18.292992 | K15: =$F$15*'Risk Report'!$F$35 -> 104.61947 | L15: =$F$15*'Risk Report'!$F$36 -> 82.832314 | M15: =$F$15*'Risk Report'!$F$37 -> 222.18792 | N15: =$F$15*'Risk Report'!$F$38 -> -123.52908 | O15: =$F$15*'Risk Report'!$F$39 -> 73.377509 | P15: =SUM(G15:O15) -> -228.45687
A16: 2122435341 | B16: EXOTICS NAM adeelq | C16: IG | D16: NA | E16: CDX_IG | F16: -20.523548 | G16: =$F$16*'Risk Report'!$B$31 -> -35.916209 | H16: =$F$16*'Risk Report'!$B$32 -> -41.047096 | I16: =$F$16*'Risk Report'!$B$33 -> 10.261774 | J16: =$F$16*'Risk Report'!$B$34 -> 13.340306 | K16: =$F$16*'Risk Report'!$B$35 -> 50.282693 | L16: =$F$16*'Risk Report'!$B$36 -> 9.2355966 | M16: =$F$16*'Risk Report'!$B$37 -> 23.60208 | N16: =$F$16*'Risk Report'!$B$38 -> 16.418838 | O16: =$F$16*'Risk Report'!$B$39 -> -5.130887 | P16: =SUM(G16:O16) -> 41.047096
A17: 2121956220 | B17: EXOTICS NAM adeelq | C17: IG | D17: NA | E17: CDX_IG | F17: -19.89338 | G17: =$F$17*'Risk Report'!$B$31 -> -34.813415 | H17: =$F$17*'Risk Report'!$B$32 -> -39.78676 | I17: =$F$17*'Risk Report'!$B$33 -> 9.94669 | J17: =$F$17*'Risk Report'!$B$34 -> 12.930697 | K17: =$F$17*'Risk Report'!$B$35 -> 48.738781 | L17: =$F$17*'Risk Report'!$B$36 -> 8.952021 | M17: =$F$17*'Risk Report'!$B$37 -> 22.877387 | N17: =$F$17*'Risk Report'!$B$38 -> 15.914704 | O17: =$F$17*'Risk Report'!$B$39 -> -4.973345 | P17: =SUM(G17:O17) -> 39.78676
A18: 2123457227 | B18: EXOTICS EUR issamc | C18: HY | D18: NA | E18: CDX_HY | F18: -19.631408 | G18: =$F$18*'Risk Report'!$C$31 -> -147.23556 | H18: =$F$18*'Risk Report'!$C$32 -> -206.12978 | I18: =$F$18*'Risk Report'!$C$33 -> -19.631408 | J18: =$F$18*'Risk Report'!$C$34 -> 98.15704 | K18: =$F$18*'Risk Report'!$C$35 -> 235.5769 | L18: =$F$18*'Risk Report'!$C$36 -> 0 | M18: =$F$18*'Risk Report'!$C$37 -> 107.97274 | N18: =$F$18*'Risk Report'!$C$38 -> 58.894224 | O18: =$F$18*'Risk Report'!$C$39 -> -49.07852 | P18: =SUM(G18:O18) -> 78.525632
A19: 2116682530 | B19: EXOTICS EUR issamc | C19: IG | D19: NA | E19: CDX_IG | F19: -19.559163 | G19: =$F$19*'Risk Report'!$B$31 -> -34.228535 | H19: =$F$19*'Risk Report'!$B$32 -> -39.118326 | I19: =$F$19*'Risk Report'!$B$33 -> 9.7795815 | J19: =$F$19*'Risk Report'!$B$34 -> 12.713456 | K19: =$F$19*'Risk Report'!$B$35 -> 47.919949 | L19: =$F$19*'Risk Report'!$B$36 -> 8.8016233 | M19: =$F$19*'Risk Report'!$B$37 -> 22.493037 | N19: =$F$19*'Risk Report'!$B$38 -> 15.64733 | O19: =$F$19*'Risk Report'!$B$39 -> -4.8897908 | P19: =SUM(G19:O19) -> 39.118326
A20: 2121116022 | B20: CONV NAM murmic | C20: HY | D20: NA | E20: CDX_HY | F20: -16.069766 | G20: =$F$20*'Risk Report'!$C$31 -> -120.52325 | H20: =$F$20*'Risk Report'!$C$32 -> -168.73254 | I20: =$F$20*'Risk Report'!$C$33 -> -16.069766 | J20: =$F$20*'Risk Report'!$C$34 -> 80.34883 | K20: =$F$20*'Risk Report'!$C$35 -> 192.83719 | L20: =$F$20*'Risk Report'!$C$36 -> 0 | M20: =$F$20*'Risk Report'!$C$37 -> 88.383713 | N20: =$F$20*'Risk Report'!$C$38 -> 48.209298 | O20: =$F$20*'Risk Report'!$C$39 -> -40.174415 | P20: =SUM(G20:O20) -> 64.279064
A21: 2122287272 | B21: EXOTICS NAM adeelq | C21: IG | D21: NA | E21: CDX_IG | F21: -14.846822 | G21: =$F$21*'Risk Report'!$B$31 -> -25.981938 | H21: =$F$21*'Risk Report'!$B$32 -> -29.693644 | I21: =$F$21*'Risk Report'!$B$33 -> 7.423411 | J21: =$F$21*'Risk Report'!$B$34 -> 9.6504343 | K21: =$F$21*'Risk Report'!$B$35 -> 36.374714 | L21: =$F$21*'Risk Report'!$B$36 -> 6.6810699 | M21: =$F$21*'Risk Report'!$B$37 -> 17.073845 | N21: =$F$21*'Risk Report'!$B$38 -> 11.877458 | O21: =$F$21*'Risk Report'!$B$39 -> -3.7117055 | P21: =SUM(G21:O21) -> 29.693644
A22: 2118937042 | B22: EXOTICS NAM adeelq | C22: IG | D22: NA | E22: CDX_IG | F22: -14.445735 | G22: =$F$22*'Risk Report'!$B$31 -> -25.280036 | H22: =$F$22*'Risk Report'!$B$32 -> -28.89147 | I22: =$F$22*'Risk Report'!$B$33 -> 7.2228675 | J22: =$F$22*'Risk Report'!$B$34 -> 9.3897277 | K22: =$F$22*'Risk Report'!$B$35 -> 35.392051 | L22: =$F$22*'Risk Report'!$B$36 -> 6.5005807 | M22: =$F$22*'Risk Report'!$B$37 -> 16.612595 | N22: =$F$22*'Risk Report'!$B$38 -> 11.556588 | O22: =$F$22*'Risk Report'!$B$39 -> -3.6114338 | P22: =SUM(G22:O22) -> 28.89147
A23: 2124173755 | B23: EXOTICS NAM adeelq | C23: IG | D23: NA | E23: CDX_IG | F23: -14.410151 | G23: =$F$23*'Risk Report'!$B$31 -> -25.217764 | H23: =$F$23*'Risk Report'!$B$32 -> -28.820302 | I23: =$F$23*'Risk Report'!$B$33 -> 7.2050755 | J23: =$F$23*'Risk Report'!$B$34 -> 9.3665981 | K23: =$F$23*'Risk Report'!$B$35 -> 35.30487 | L23: =$F$23*'Risk Report'!$B$36 -> 6.4845679 | M23: =$F$23*'Risk Report'!$B$37 -> 16.571674 | N23: =$F$23*'Risk Report'!$B$38 -> 11.528121 | O23: =$F$23*'Risk Report'!$B$39 -> -3.6025378 | P23: =SUM(G23:O23) -> 28.820302
A24: 2122542214 | B24: EXOTICS EUR issamc | C24: IG | D24: NA | E24: CDX_IG | F24: -13.994548 | G24: =$F$24*'Risk Report'!$B$31 -> -24.490459 | H24: =$F$24*'Risk Report'!$B$32 -> -27.989096 | I24: =$F$24*'Risk Report'!$B$33 -> 6.997274 | J24: =$F$24*'Risk Report'!$B$34 -> 9.0964562 | K24: =$F$24*'Risk Report'!$B$35 -> 34.286643 | L24: =$F$24*'Risk Report'!$B$36 -> 6.2975466 | M24: =$F$24*'Risk Report'!$B$37 -> 16.09373 | N24: =$F$24*'Risk Report'!$B$38 -> 11.195638 | O24: =$F$24*'Risk Report'!$B$39 -> -3.498637 | P24: =SUM(G24:O24) -> 27.989096
A25: 2122893484 | B25: EXOTICS EUR boutaoma | C25: IG | D25: NA | E25: CDX_IG | F25: -13.724138 | G25: =$F$25*'Risk Report'!$B$31 -> -24.017242 | H25: =$F$25*'Risk Report'!$B$32 -> -27.448276 | I25: =$F$25*'Risk Report'!$B$33 -> 6.862069 | J25: =$F$25*'Risk Report'!$B$34 -> 8.9206897 | K25: =$F$25*'Risk Report'!$B$35 -> 33.624138 | L25: =$F$25*'Risk Report'!$B$36 -> 6.1758621 | M25: =$F$25*'Risk Report'!$B$37 -> 15.782759 | N25: =$F$25*'Risk Report'!$B$38 -> 10.97931 | O25: =$F$25*'Risk Report'!$B$39 -> -3.4310345 | P25: =SUM(G25:O25) -> 27.448276
A26: 54fx7h8 | B26: EQCOP | C26: CO | D26: EU | E26: ITRX_XO | F26: -13.67009 | G26: =$F$26*'Risk Report'!$F$31 -> -203.20589 | H26: =$F$26*'Risk Report'!$F$32 -> -244.01111 | I26: =$F$26*'Risk Report'!$F$33 -> 44.01769 | J26: =$F$26*'Risk Report'!$F$34 -> 12.16638 | K26: =$F$26*'Risk Report'!$F$35 -> 69.580758 | L26: =$F$26*'Risk Report'!$F$36 -> 55.090463 | M26: =$F$26*'Risk Report'!$F$37 -> 147.77367 | N26: =$F$26*'Risk Report'!$F$38 -> -82.157241 | O26: =$F$26*'Risk Report'!$F$39 -> 48.802221 | P26: =SUM(G26:O26) -> -151.94305
A27: 2122015535 | B27: EXOTICS NAM adeelq | C27: IG | D27: NA | E27: CDX_IG | F27: -13.527498 | G27: =$F$27*'Risk Report'!$B$31 -> -23.673122 | H27: =$F$27*'Risk Report'!$B$32 -> -27.054996 | I27: =$F$27*'Risk Report'!$B$33 -> 6.763749 | J27: =$F$27*'Risk Report'!$B$34 -> 8.7928737 | K27: =$F$27*'Risk Report'!$B$35 -> 33.14237 | L27: =$F$27*'Risk Report'!$B$36 -> 6.0873741 | M27: =$F$27*'Risk Report'!$B$37 -> 15.556623 | N27: =$F$27*'Risk Report'!$B$38 -> 10.821998 | O27: =$F$27*'Risk Report'!$B$39 -> -3.3818745 | P27: =SUM(G27:O27) -> 27.054996
A28: 2122542210 | B28: EXOTICS EUR issamc | C28: IG | D28: EU | E28: ITRX_IG | F28: -13.300264 | G28: =$F$28*'Risk Report'!$E$31 -> -36.176718 | H28: =$F$28*'Risk Report'!$E$32 -> -43.890871 | I28: =$F$28*'Risk Report'!$E$33 -> 9.7091927 | J28: =$F$28*'Risk Report'!$E$34 -> -1.7290343 | K28: =$F$28*'Risk Report'!$E$35 -> 14.763293 | L28: =$F$28*'Risk Report'!$E$36 -> 14.497288 | M28: =$F$28*'Risk Report'!$E$37 -> 26.068517 | N28: =$F$28*'Risk Report'!$E$38 -> -11.970238 | O28: =$F$28*'Risk Report'!$E$39 -> 5.3201056 | P28: =SUM(G28:O28) -> -23.408465
A29: 2114902387 | B29: EXOTICS EUR issamc | C29: IG | D29: NA | E29: CDX_IG | F29: -12.768633 | G29: =$F$29*'Risk Report'!$B$31 -> -22.345108 | H29: =$F$29*'Risk Report'!$B$32 -> -25.537266 | I29: =$F$29*'Risk Report'!$B$33 -> 6.3843165 | J29: =$F$29*'Risk Report'!$B$34 -> 8.2996114 | K29: =$F$29*'Risk Report'!$B$35 -> 31.283151 | L29: =$F$29*'Risk Report'!$B$36 -> 5.7458848 | M29: =$F$29*'Risk Report'!$B$37 -> 14.683928 | N29: =$F$29*'Risk Report'!$B$38 -> 10.214906 | O29: =$F$29*'Risk Report'!$B$39 -> -3.1921582 | P29: =SUM(G29:O29) -> 25.537266
A30: 2123984227 | B30: EXOTICS EUR issamc | C30: HY | D30: NA | E30: CDX_HY | F30: -12.766484 | G30: =$F$30*'Risk Report'!$C$31 -> -95.74863 | H30: =$F$30*'Risk Report'!$C$32 -> -134.04808 | I30: =$F$30*'Risk Report'!$C$33 -> -12.766484 | J30: =$F$30*'Risk Report'!$C$34 -> 63.83242 | K30: =$F$30*'Risk Report'!$C$35 -> 153.19781 | L30: =$F$30*'Risk Report'!$C$36 -> 0 | M30: =$F$30*'Risk Report'!$C$37 -> 70.215662 | N30: =$F$30*'Risk Report'!$C$38 -> 38.299452 | O30: =$F$30*'Risk Report'!$C$39 -> -31.91621 | P30: =SUM(G30:O30) -> 51.065936
A31: 2119096050 | B31: CONV NAM murmic | C31: HY | D31: NA | E31: CDX_HY | F31: -12.727713 | G31: =$F$31*'Risk Report'!$C$31 -> -95.457847 | H31: =$F$31*'Risk Report'!$C$32 -> -133.64099 | I31: =$F$31*'Risk Report'!$C$33 -> -12.727713 | J31: =$F$31*'Risk Report'!$C$34 -> 63.638565 | K31: =$F$31*'Risk Report'!$C$35 -> 152.73256 | L31: =$F$31*'Risk Report'!$C$36 -> 0 | M31: =$F$31*'Risk Report'!$C$37 -> 70.002421 | N31: =$F$31*'Risk Report'!$C$38 -> 38.183139 | O31: =$F$31*'Risk Report'!$C$39 -> -31.819282 | P31: =SUM(G31:O31) -> 50.910852
A32: 218726570 | B32: EXOTICS EUR issamc | C32: IG | D32: NA | E32: CDX_IG | F32: -12.533436 | G32: =$F$32*'Risk Report'!$B$31 -> -21.933513 | H32: =$F$32*'Risk Report'!$B$32 -> -25.066872 | I32: =$F$32*'Risk Report'!$B$33 -> 6.266718 | J32: =$F$32*'Risk Report'!$B$34 -> 8.1467334 | K32: =$F$32*'Risk Report'!$B$35 -> 30.706918 | L32: =$F$32*'Risk Report'!$B$36 -> 5.6400462 | M32: =$F$32*'Risk Report'!$B$37 -> 14.413451 | N32: =$F$32*'Risk Report'!$B$38 -> 10.026749 | O32: =$F$32*'Risk Report'!$B$39 -> -3.133359 | P32: =SUM(G32:O32) -> 25.066872
A33: 2122382254 | B33: CONV NAM murmic | C33: HY | D33: NA | E33: CDX_HY | F33: -12.480352 | G33: =$F$33*'Risk Report'!$C$31 -> -93.60264 | H33: =$F$33*'Risk Report'!$C$32 -> -131.0437 | I33: =$F$33*'Risk Report'!$C$33 -> -12.480352 | J33: =$F$33*'Risk Report'!$C$34 -> 62.40176 | K33: =$F$33*'Risk Report'!$C$35 -> 149.76422 | L33: =$F$33*'Risk Report'!$C$36 -> 0 | M33: =$F$33*'Risk Report'!$C$37 -> 68.641936 | N33: =$F$33*'Risk Report'!$C$38 -> 37.441056 | O33: =$F$33*'Risk Report'!$C$39 -> -31.20088 | P33: =SUM(G33:O33) -> 49.921408
A34: 2122893482 | B34: EXOTICS EUR boutaoma | C34: IG | D34: EU | E34: ITRX_IG | F34: -12.227057 | G34: =$F$34*'Risk Report'!$E$31 -> -33.257595 | H34: =$F$34*'Risk Report'!$E$32 -> -40.349288 | I34: =$F$34*'Risk Report'!$E$33 -> 8.9257516 | J34: =$F$34*'Risk Report'!$E$34 -> -1.5895174 | K34: =$F$34*'Risk Report'!$E$35 -> 13.572033 | L34: =$F$34*'Risk Report'!$E$36 -> 13.327492 | M34: =$F$34*'Risk Report'!$E$37 -> 23.965032 | N34: =$F$34*'Risk Report'!$E$38 -> -11.004351 | O34: =$F$34*'Risk Report'!$E$39 -> 4.8908228 | P34: =SUM(G34:O34) -> -21.51962
A35: 216229993 | B35: EXOTICS EUR boutaoma | C35: IG | D35: EU | E35: ITRX_IG | F35: -12.324176 | G35: =$F$35*'Risk Report'!$E$31 -> -33.521759 | H35: =$F$35*'Risk Report'!$E$32 -> -40.669781 | I35: =$F$35*'Risk Report'!$E$33 -> 8.9966485 | J35: =$F$35*'Risk Report'!$E$34 -> -1.6021429 | K35: =$F$35*'Risk Report'!$E$35 -> 13.679835 | L35: =$F$35*'Risk Report'!$E$36 -> 13.433352 | M35: =$F$35*'Risk Report'!$E$37 -> 24.155385 | N35: =$F$35*'Risk Report'!$E$38 -> -11.091758 | O35: =$F$35*'Risk Report'!$E$39 -> 4.9296704 | P35: =SUM(G35:O35) -> -21.69055
A36: 2114902381 | B36: EXOTICS EUR issamc | C36: IG | D36: NA | E36: CDX_IG | F36: -12.234236 | G36: =$F$36*'Risk Report'!$B$31 -> -21.409913 | H36: =$F$36*'Risk Report'!$B$32 -> -24.468472 | I36: =$F$36*'Risk Report'!$B$33 -> 6.117118 | J36: =$F$36*'Risk Report'!$B$34 -> 7.9522534 | K36: =$F$36*'Risk Report'!$B$35 -> 29.973878 | L36: =$F$36*'Risk Report'!$B$36 -> 5.5054062 | M36: =$F$36*'Risk Report'!$B$37 -> 14.069371 | N36: =$F$36*'Risk Report'!$B$38 -> 9.7873888 | O36: =$F$36*'Risk Report'!$B$39 -> -3.058559 | P36: =SUM(G36:O36) -> 24.468472
A37: 216229991 | B37: EXOTICS EUR boutaoma | C37: IG | D37: NA | E37: CDX_IG | F37: -11.956849 | G37: =$F$37*'Risk Report'!$B$31 -> -20.924486 | H37: =$F$37*'Risk Report'!$B$32 -> -23.913698 | I37: =$F$37*'Risk Report'!$B$33 -> 5.9784245 | J37: =$F$37*'Risk Report'!$B$34 -> 7.7719518 | K37: =$F$37*'Risk Report'!$B$35 -> 29.29428 | L37: =$F$37*'Risk Report'!$B$36 -> 5.380582 | M37: =$F$37*'Risk Report'!$B$37 -> 13.750376 | N37: =$F$37*'Risk Report'!$B$38 -> 9.5654792 | O37: =$F$37*'Risk Report'!$B$39 -> -2.9892123 | P37: =SUM(G37:O37) -> 23.913698
A38: 2119702862 | B38: EXOTICS NAM painemic | C38: IG | D38: NA | E38: CDX_IG | F38: -11.558622 | G38: =$F$38*'Risk Report'!$B$31 -> -20.227588 | H38: =$F$38*'Risk Report'!$B$32 -> -23.117244 | I38: =$F$38*'Risk Report'!$B$33 -> 5.779311 | J38: =$F$38*'Risk Report'!$B$34 -> 7.5131043 | K38: =$F$38*'Risk Report'!$B$35 -> 28.318624 | L38: =$F$38*'Risk Report'!$B$36 -> 5.2013799 | M38: =$F$38*'Risk Report'!$B$37 -> 13.292415 | N38: =$F$38*'Risk Report'!$B$38 -> 9.2468976 | O38: =$F$38*'Risk Report'!$B$39 -> -2.8896555 | P38: =SUM(G38:O38) -> 23.117244
A39: 2123992158 | B39: EXOTICS NAM adeelq | C39: IG | D39: NA | E39: CDX_IG | F39: -11.353452 | G39: =$F$39*'Risk Report'!$B$31 -> -19.868541 | H39: =$F$39*'Risk Report'!$B$32 -> -22.706904 | I39: =$F$39*'Risk Report'!$B$33 -> 5.676726 | J39: =$F$39*'Risk Report'!$B$34 -> 7.3797438 | K39: =$F$39*'Risk Report'!$B$35 -> 27.815957 | L39: =$F$39*'Risk Report'!$B$36 -> 5.1090534 | M39: =$F$39*'Risk Report'!$B$37 -> 13.05647 | N39: =$F$39*'Risk Report'!$B$38 -> 9.0827616 | O39: =$F$39*'Risk Report'!$B$39 -> -2.838363 | P39: =SUM(G39:O39) -> 22.706904
A40: 2122219434 | B40: EXOTICS NAM adeelq | C40: IG | D40: NA | E40: CDX_IG | F40: -11.140293 | G40: =$F$40*'Risk Report'!$B$31 -> -19.495513 | H40: =$F$40*'Risk Report'!$B$32 -> -22.280586 | I40: =$F$40*'Risk Report'!$B$33 -> 5.5701465 | J40: =$F$40*'Risk Report'!$B$34 -> 7.2411904 | K40: =$F$40*'Risk Report'!$B$35 -> 27.293718 | L40: =$F$40*'Risk Report'!$B$36 -> 5.0131318 | M40: =$F$40*'Risk Report'!$B$37 -> 12.811337 | N40: =$F$40*'Risk Report'!$B$38 -> 8.9122344 | O40: =$F$40*'Risk Report'!$B$39 -> -2.7850732 | P40: =SUM(G40:O40) -> 22.280586
A41: 2122557228 | B41: EXOTICS NAM adeelq | C41: IG | D41: NA | E41: CDX_IG | F41: -10.916781 | G41: =$F$41*'Risk Report'!$B$31 -> -19.104367 | H41: =$F$41*'Risk Report'!$B$32 -> -21.833562 | I41: =$F$41*'Risk Report'!$B$33 -> 5.4583905 | J41: =$F$41*'Risk Report'!$B$34 -> 7.0959076 | K41: =$F$41*'Risk Report'!$B$35 -> 26.746113 | L41: =$F$41*'Risk Report'!$B$36 -> 4.9125514 | M41: =$F$41*'Risk Report'!$B$37 -> 12.554298 | N41: =$F$41*'Risk Report'!$B$38 -> 8.7334248 | O41: =$F$41*'Risk Report'!$B$39 -> -2.7291953 | P41: =SUM(G41:O41) -> 21.833562
A42: p65tf | B42: EQETC | C42: IG | D42: EU | E42: ITRX_IG | F42: -10.852645 | G42: =$F$42*'Risk Report'!$E$31 -> -29.519194 | H42: =$F$42*'Risk Report'!$E$32 -> -35.813728 | I42: =$F$42*'Risk Report'!$E$33 -> 7.9224308 | J42: =$F$42*'Risk Report'!$E$34 -> -1.4108439 | K42: =$F$42*'Risk Report'!$E$35 -> 12.046436 | L42: =$F$42*'Risk Report'!$E$36 -> 11.829383 | M42: =$F$42*'Risk Report'!$E$37 -> 21.271184 | N42: =$F$42*'Risk Report'!$E$38 -> -9.7673805 | O42: =$F$42*'Risk Report'!$E$39 -> 4.341058 | P42: =SUM(G42:O42) -> -19.100655
A43: 218707351 | B43: EXOTICS EUR issamc | C43: IG | D43: EU | E43: ITRX_IG | F43: -10.676226 | G43: =$F$43*'Risk Report'!$E$31 -> -29.039335 | H43: =$F$43*'Risk Report'!$E$32 -> -35.231546 | I43: =$F$43*'Risk Report'!$E$33 -> 7.793645 | J43: =$F$43*'Risk Report'!$E$34 -> -1.3879094 | K43: =$F$43*'Risk Report'!$E$35 -> 11.850611 | L43: =$F$43*'Risk Report'!$E$36 -> 11.637086 | M43: =$F$43*'Risk Report'!$E$37 -> 20.925403 | N43: =$F$43*'Risk Report'!$E$38 -> -9.6086034 | O43: =$F$43*'Risk Report'!$E$39 -> 4.2704904 | P43: =SUM(G43:O43) -> -18.790158
A44: 219938036 | B44: EXOTICS EUR boutaoma | C44: IG | D44: EU | E44: ITRX_IG | F44: -10.437324 | G44: =$F$44*'Risk Report'!$E$31 -> -28.389521 | H44: =$F$44*'Risk Report'!$E$32 -> -34.443169 | I44: =$F$44*'Risk Report'!$E$33 -> 7.6192465 | J44: =$F$44*'Risk Report'!$E$34 -> -1.3568521 | K44: =$F$44*'Risk Report'!$E$35 -> 11.58543 | L44: =$F$44*'Risk Report'!$E$36 -> 11.376683 | M44: =$F$44*'Risk Report'!$E$37 -> 20.457155 | N44: =$F$44*'Risk Report'!$E$38 -> -9.3935916 | O44: =$F$44*'Risk Report'!$E$39 -> 4.1749296 | P44: =SUM(G44:O44) -> -18.36969
A45: 2120161046 | B45: EXOTICS EUR issamc | C45: IG | D45: NA | E45: CDX_IG | F45: -10.417903 | G45: =$F$45*'Risk Report'!$B$31 -> -18.23133 | H45: =$F$45*'Risk Report'!$B$32 -> -20.835806 | I45: =$F$45*'Risk Report'!$B$33 -> 5.2089515 | J45: =$F$45*'Risk Report'!$B$34 -> 6.7716369 | K45: =$F$45*'Risk Report'!$B$35 -> 25.523862 | L45: =$F$45*'Risk Report'!$B$36 -> 4.6880563 | M45: =$F$45*'Risk Report'!$B$37 -> 11.980588 | N45: =$F$45*'Risk Report'!$B$38 -> 8.3343224 | O45: =$F$45*'Risk Report'!$B$39 -> -2.6044758 | P45: =SUM(G45:O45) -> 20.835806
A46: 2123595875 | B46: EXOTICS NAM adeelq | C46: IG | D46: NA | E46: CDX_IG | F46: -10.261774 | G46: =$F$46*'Risk Report'!$B$31 -> -17.958105 | H46: =$F$46*'Risk Report'!$B$32 -> -20.523548 | I46: =$F$46*'Risk Report'!$B$33 -> 5.130887 | J46: =$F$46*'Risk Report'!$B$34 -> 6.6701531 | K46: =$F$46*'Risk Report'!$B$35 -> 25.141346 | L46: =$F$46*'Risk Report'!$B$36 -> 4.6177983 | M46: =$F$46*'Risk Report'!$B$37 -> 11.80104 | N46: =$F$46*'Risk Report'!$B$38 -> 8.2094192 | O46: =$F$46*'Risk Report'!$B$39 -> -2.5654435 | P46: =SUM(G46:O46) -> 20.523548
A47: 2119702822 | B47: EXOTICS NAM painemic | C47: IG | D47: EU | E47: ITRX_IG | F47: -10.182201 | G47: =$F$47*'Risk Report'!$E$31 -> -27.695587 | H47: =$F$47*'Risk Report'!$E$32 -> -33.601263 | I47: =$F$47*'Risk Report'!$E$33 -> 7.4330067 | J47: =$F$47*'Risk Report'!$E$34 -> -1.3236861 | K47: =$F$47*'Risk Report'!$E$35 -> 11.302243 | L47: =$F$47*'Risk Report'!$E$36 -> 11.098599 | M47: =$F$47*'Risk Report'!$E$37 -> 19.957114 | N47: =$F$47*'Risk Report'!$E$38 -> -9.1639809 | O47: =$F$47*'Risk Report'!$E$39 -> 4.0728804 | P47: =SUM(G47:O47) -> -17.920674
A48: 219938037 | B48: EXOTICS EUR boutaoma | C48: IG | D48: NA | E48: CDX_IG | F48: -10.099816 | G48: =$F$48*'Risk Report'!$B$31 -> -17.674678 | H48: =$F$48*'Risk Report'!$B$32 -> -20.199632 | I48: =$F$48*'Risk Report'!$B$33 -> 5.049908 | J48: =$F$48*'Risk Report'!$B$34 -> 6.5648804 | K48: =$F$48*'Risk Report'!$B$35 -> 24.744549 | L48: =$F$48*'Risk Report'!$B$36 -> 4.5449172 | M48: =$F$48*'Risk Report'!$B$37 -> 11.614788 | N48: =$F$48*'Risk Report'!$B$38 -> 8.0798528 | O48: =$F$48*'Risk Report'!$B$39 -> -2.524954 | P48: =SUM(G48:O48) -> 20.199632
A49: 2121280815 | B49: EXOTICS EUR issamc | C49: IG | D49: EU | E49: ITRX_IG | F49: -10.069551 | G49: =$F$49*'Risk Report'!$E$31 -> -27.389179 | H49: =$F$49*'Risk Report'!$E$32 -> -33.229518 | I49: =$F$49*'Risk Report'!$E$33 -> 7.3507722 | J49: =$F$49*'Risk Report'!$E$34 -> -1.3090416 | K49: =$F$49*'Risk Report'!$E$35 -> 11.177202 | L49: =$F$49*'Risk Report'!$E$36 -> 10.975811 | M49: =$F$49*'Risk Report'!$E$37 -> 19.73632 | N49: =$F$49*'Risk Report'!$E$38 -> -9.0625959 | O49: =$F$49*'Risk Report'!$E$39 -> 4.0278204 | P49: =SUM(G49:O49) -> -17.72241
A50: 2112287931 | B50: EXOTICS EUR issamc | C50: IG | D50: NA | E50: CDX_IG | F50: -10.041492 | G50: =$F$50*'Risk Report'!$B$31 -> -17.572611 | H50: =$F$50*'Risk Report'!$B$32 -> -20.082984 | I50: =$F$50*'Risk Report'!$B$33 -> 5.020746 | J50: =$F$50*'Risk Report'!$B$34 -> 6.5269698 | K50: =$F$50*'Risk Report'!$B$35 -> 24.601655 | L50: =$F$50*'Risk Report'!$B$36 -> 4.5186714 | M50: =$F$50*'Risk Report'!$B$37 -> 11.547716 | N50: =$F$50*'Risk Report'!$B$38 -> 8.0331936 | O50: =$F$50*'Risk Report'!$B$39 -> -2.510373 | P50: =SUM(G50:O50) -> 20.082984
A51: 2124158567 | B51: EXOTICS EUR issamc | C51: HY | D51: NA | E51: CDX_HY | F51: -9.865011 | G51: =$F$51*'Risk Report'!$C$31 -> -73.987583 | H51: =$F$51*'Risk Report'!$C$32 -> -103.58262 | I51: =$F$51*'Risk Report'!$C$33 -> -9.865011 | J51: =$F$51*'Risk Report'!$C$34 -> 49.325055 | K51: =$F$51*'Risk Report'!$C$35 -> 118.38013 | L51: =$F$51*'Risk Report'!$C$36 -> 0 | M51: =$F$51*'Risk Report'!$C$37 -> 54.257561 | N51: =$F$51*'Risk Report'!$C$38 -> 29.595033 | O51: =$F$51*'Risk Report'!$C$39 -> -24.662528 | P51: =SUM(G51:O51) -> 39.460044
A52: 2122778355 | B52: EXOTICS EUR issamc | C52: HY | D52: NA | E52: CDX_HY | F52: -9.671579 | G52: =$F$52*'Risk Report'!$C$31 -> -72.536842 | H52: =$F$52*'Risk Report'!$C$32 -> -101.55158 | I52: =$F$52*'Risk Report'!$C$33 -> -9.671579 | J52: =$F$52*'Risk Report'!$C$34 -> 48.357895 | K52: =$F$52*'Risk Report'!$C$35 -> 116.05895 | L52: =$F$52*'Risk Report'!$C$36 -> 0 | M52: =$F$52*'Risk Report'!$C$37 -> 53.193684 | N52: =$F$52*'Risk Report'!$C$38 -> 29.014737 | O52: =$F$52*'Risk Report'!$C$39 -> -24.178947 | P52: =SUM(G52:O52) -> 38.686316
A53: 2118287927 | B53: EXOTICS EUR issamc | C53: IG | D53: NA | E53: CDX_IG | F53: -9.641924 | G53: =$F$53*'Risk Report'!$B$31 -> -16.873367 | H53: =$F$53*'Risk Report'!$B$32 -> -19.283848 | I53: =$F$53*'Risk Report'!$B$33 -> 4.820962 | J53: =$F$53*'Risk Report'!$B$34 -> 6.2672506 | K53: =$F$53*'Risk Report'!$B$35 -> 23.622714 | L53: =$F$53*'Risk Report'!$B$36 -> 4.3388658 | M53: =$F$53*'Risk Report'!$B$37 -> 11.088213 | N53: =$F$53*'Risk Report'!$B$38 -> 7.7135392 | O53: =$F$53*'Risk Report'!$B$39 -> -2.410481 | P53: =SUM(G53:O53) -> 19.283848
A54: 2120905799 | B54: EXOTICS NAM adeelq | C54: IG | D54: NA | E54: CDX_IG | F54: -9.548822 | G54: =$F$54*'Risk Report'!$B$31 -> -16.710438 | H54: =$F$54*'Risk Report'!$B$32 -> -19.097644 | I54: =$F$54*'Risk Report'!$B$33 -> 4.774411 | J54: =$F$54*'Risk Report'!$B$34 -> 6.2067343 | K54: =$F$54*'Risk Report'!$B$35 -> 23.394614 | L54: =$F$54*'Risk Report'!$B$36 -> 4.2969699 | M54: =$F$54*'Risk Report'!$B$37 -> 10.981145 | N54: =$F$54*'Risk Report'!$B$38 -> 7.6390576 | O54: =$F$54*'Risk Report'!$B$39 -> -2.3872055 | P54: =SUM(G54:O54) -> 19.097644
A55: PORTFOLIO TOTAL | G55: =SUM(G6:G54) -> -3785.5511 | H55: =SUM(H6:H54) -> -4710.2952 | I55: =SUM(I6:I54) -> 519.48946 | J55: =SUM(J6:J54) -> 1225.7504 | K55: =SUM(K6:K54) -> 3928.5709 | L55: =SUM(L6:L54) -> 748.52716 | M55: =SUM(M6:M54) -> 2678.8966 | N55: =SUM(N6:N54) -> 371.55283 | ... P55: =SUM(P6:P54) -> 775.34904
A57: CoB: January 16, 2025 | 51 Positions | 10 Historical Scenarios
A58: Position ID | B58: Book | C58: Sector | D58: Region | E58: Mapped TS | F58: PV01 ($) | G58: 45293 | H58: 45294 | I58: 45295 | J58: 45296 | K58: 45299 | L58: 45300 | M58: 45301 | N58: 45302 | O58: 45303 | P58: 45306 | Q58: Total PnL ($)
A59: 2122287473 | B59: EXOTICS NAM adeelq | C59: IG | D59: NA | E59: CDX_IG | F59: -9.515517 | G59: =$F$59*'Risk Report'!$B$31 -> -16.652155 | H59: =$F$59*'Risk Report'!$B$32 -> -19.031034 | I59: =$F$59*'Risk Report'!$B$33 -> 4.7577585 | J59: =$F$59*'Risk Report'!$B$34 -> 6.185086 | K59: =$F$59*'Risk Report'!$B$35 -> 23.313017 | L59: =$F$59*'Risk Report'!$B$36 -> 4.2819826 | M59: =$F$59*'Risk Report'!$B$37 -> 10.942845 | N59: =$F$59*'Risk Report'!$B$38 -> 7.6124136 | O59: =$F$59*'Risk Report'!$B$39 -> -2.3788792 | P59: =$F$59*'Risk Report'!$B$40 -> 0 | Q59: =SUM(G59:P59) -> 19.031034
A60: 2117672604 | B60: EXOTICS NAM painemic | C60: IG | D60: NA | E60: CDX_IG | F60: -9.170096 | G60: =$F$60*'Risk Report'!$B$31 -> -16.047668 | H60: =$F$60*'Risk Report'!$B$32 -> -18.340192 | I60: =$F$60*'Risk Report'!$B$33 -> 4.585048 | J60: =$F$60*'Risk Report'!$B$34 -> 5.9605624 | K60: =$F$60*'Risk Report'!$B$35 -> 22.466735 | L60: =$F$60*'Risk Report'!$B$36 -> 4.1265432 | M60: =$F$60*'Risk Report'!$B$37 -> 10.54561 | N60: =$F$60*'Risk Report'!$B$38 -> 7.3360768 | O60: =$F$60*'Risk Report'!$B$39 -> -2.292524 | P60: =$F$60*'Risk Report'!$B$40 -> 0 | Q60: =SUM(G60:P60) -> 18.340192
A61: 2119679880 | B61: EXOTICS NAM adeelq | C61: IG | D61: NA | E61: CDX_IG | F61: -9.170096 | G61: =$F$61*'Risk Report'!$B$31 -> -16.047668 | H61: =$F$61*'Risk Report'!$B$32 -> -18.340192 | I61: =$F$61*'Risk Report'!$B$33 -> 4.585048 | J61: =$F$61*'Risk Report'!$B$34 -> 5.9605624 | K61: =$F$61*'Risk Report'!$B$35 -> 22.466735 | L61: =$F$61*'Risk Report'!$B$36 -> 4.1265432 | M61: =$F$61*'Risk Report'!$B$37 -> 10.54561 | N61: =$F$61*'Risk Report'!$B$38 -> 7.3360768 | O61: =$F$61*'Risk Report'!$B$39 -> -2.292524 | P61: =$F$61*'Risk Report'!$B$40 -> 0 | Q61: =SUM(G61:P61) -> 18.340192
A62: 2118770188 | B62: EXOTICS NAM adeelq | C62: IG | D62: NA | E62: CDX_IG | F62: -8.963974 | G62: =$F$62*'Risk Report'!$B$31 -> -15.686955 | H62: =$F$62*'Risk Report'!$B$32 -> -17.927948 | I62: =$F$62*'Risk Report'!$B$33 -> 4.481987 | J62: =$F$62*'Risk Report'!$B$34 -> 5.8265831 | K62: =$F$62*'Risk Report'!$B$35 -> 21.961736 | L62: =$F$62*'Risk Report'!$B$36 -> 4.0337883 | M62: =$F$62*'Risk Report'!$B$37 -> 10.30857 | N62: =$F$62*'Risk Report'!$B$38 -> 7.1711792 | O62: =$F$62*'Risk Report'!$B$39 -> -2.2409935 | P62: =$F$62*'Risk Report'!$B$40 -> 0 | Q62: =SUM(G62:P62) -> 17.927948
A63: 2121280819 | B63: EXOTICS EUR issamc | C63: IG | D63: NA | E63: CDX_IG | F63: -8.91712 | G63: =$F$63*'Risk Report'!$B$31 -> -15.60496 | H63: =$F$63*'Risk Report'!$B$32 -> -17.83424 | I63: =$F$63*'Risk Report'!$B$33 -> 4.45856 | J63: =$F$63*'Risk Report'!$B$34 -> 5.796128 | K63: =$F$63*'Risk Report'!$B$35 -> 21.846944 | L63: =$F$63*'Risk Report'!$B$36 -> 4.012704 | M63: =$F$63*'Risk Report'!$B$37 -> 10.254688 | N63: =$F$63*'Risk Report'!$B$38 -> 7.133696 | O63: =$F$63*'Risk Report'!$B$39 -> -2.22928 | P63: =$F$63*'Risk Report'!$B$40 -> 0 | Q63: =SUM(G63:P63) -> 17.83424
A64: 2123457752 | B64: EXOTICS EUR boutaoma | C64: IG | D64: NA | E64: CDX_IG | F64: -8.91712 | G64: =$F$64*'Risk Report'!$B$31 -> -15.60496 | H64: =$F$64*'Risk Report'!$B$32 -> -17.83424 | I64: =$F$64*'Risk Report'!$B$33 -> 4.45856 | J64: =$F$64*'Risk Report'!$B$34 -> 5.796128 | K64: =$F$64*'Risk Report'!$B$35 -> 21.846944 | L64: =$F$64*'Risk Report'!$B$36 -> 4.012704 | M64: =$F$64*'Risk Report'!$B$37 -> 10.254688 | N64: =$F$64*'Risk Report'!$B$38 -> 7.133696 | O64: =$F$64*'Risk Report'!$B$39 -> -2.22928 | P64: =$F$64*'Risk Report'!$B$40 -> 0 | Q64: =SUM(G64:P64) -> 17.83424
A65: 2122891849 | B65: EXOTICS EUR anouark | C65: HY | D65: NA | E65: CDX_HY | F65: -8.91712 | G65: =$F$65*'Risk Report'!$C$31 -> -66.8784 | H65: =$F$65*'Risk Report'!$C$32 -> -93.62976 | I65: =$F$65*'Risk Report'!$C$33 -> -8.91712 | J65: =$F$65*'Risk Report'!$C$34 -> 44.5856 | K65: =$F$65*'Risk Report'!$C$35 -> 107.00544 | L65: =$F$65*'Risk Report'!$C$36 -> 0 | M65: =$F$65*'Risk Report'!$C$37 -> 49.04416 | N65: =$F$65*'Risk Report'!$C$38 -> 26.75136 | O65: =$F$65*'Risk Report'!$C$39 -> -22.2928 | P65: =$F$65*'Risk Report'!$C$40 -> 0 | Q65: =SUM(G65:P65) -> 35.66848
A66: 507elzc | B66: EQETC | C66: CO | D66: EU | E66: ITRX_XO | F66: -8.733425 | G66: =$F$66*'Risk Report'!$F$31 -> -129.82236 | H66: =$F$66*'Risk Report'!$F$32 -> -155.89164 | I66: =$F$66*'Risk Report'!$F$33 -> 28.121628 | J66: =$F$66*'Risk Report'!$F$34 -> 7.7727482 | K66: =$F$66*'Risk Report'!$F$35 -> 44.453133 | L66: =$F$66*'Risk Report'!$F$36 -> 35.195703 | M66: =$F$66*'Risk Report'!$F$37 -> 94.408324 | N66: =$F$66*'Risk Report'!$F$38 -> -52.487884 | O66: =$F$66*'Risk Report'!$F$39 -> 31.178327 | P66: =$F$66*'Risk Report'!$F$40 -> -70.216737 | Q66: =SUM(G66:P66) -> -167.28876
A67: 54ftedh | B67: EQETC | C67: CO | D67: EU | E67: ITRX_XO | F67: -8.733425 | G67: =$F$67*'Risk Report'!$F$31 -> -129.82236 | H67: =$F$67*'Risk Report'!$F$32 -> -155.89164 | I67: =$F$67*'Risk Report'!$F$33 -> 28.121628 | J67: =$F$67*'Risk Report'!$F$34 -> 7.7727482 | K67: =$F$67*'Risk Report'!$F$35 -> 44.453133 | L67: =$F$67*'Risk Report'!$F$36 -> 35.195703 | M67: =$F$67*'Risk Report'!$F$37 -> 94.408324 | N67: =$F$67*'Risk Report'!$F$38 -> -52.487884 | O67: =$F$67*'Risk Report'!$F$39 -> 31.178327 | P67: =$F$67*'Risk Report'!$F$40 -> -70.216737 | Q67: =SUM(G67:P67) -> -167.28876
A68: 507epfd | B68: EQETC | C68: CO | D68: EU | E68: ITRX_XO | F68: -8.733425 | G68: =$F$68*'Risk Report'!$F$31 -> -129.82236 | H68: =$F$68*'Risk Report'!$F$32 -> -155.89164 | I68: =$F$68*'Risk Report'!$F$33 -> 28.121628 | J68: =$F$68*'Risk Report'!$F$34 -> 7.7727482 | K68: =$F$68*'Risk Report'!$F$35 -> 44.453133 | L68: =$F$68*'Risk Report'!$F$36 -> 35.195703 | M68: =$F$68*'Risk Report'!$F$37 -> 94.408324 | N68: =$F$68*'Risk Report'!$F$38 -> -52.487884 | O68: =$F$68*'Risk Report'!$F$39 -> 31.178327 | P68: =$F$68*'Risk Report'!$F$40 -> -70.216737 | Q68: =SUM(G68:P68) -> -167.28876
A69: 2122435341 | B69: EXOTICS NAM adeelq | C69: IG | D69: NA | E69: CDX_IG | F69: -8.49716 | G69: =$F$69*'Risk Report'!$B$31 -> -14.87003 | H69: =$F$69*'Risk Report'!$B$32 -> -16.99432 | I69: =$F$69*'Risk Report'!$B$33 -> 4.24858 | J69: =$F$69*'Risk Report'!$B$34 -> 5.523154 | K69: =$F$69*'Risk Report'!$B$35 -> 20.818042 | L69: =$F$69*'Risk Report'!$B$36 -> 3.823722 | M69: =$F$69*'Risk Report'!$B$37 -> 9.771734 | N69: =$F$69*'Risk Report'!$B$38 -> 6.797728 | O69: =$F$69*'Risk Report'!$B$39 -> -2.12429 | P69: =$F$69*'Risk Report'!$B$40 -> 0 | Q69: =SUM(G69:P69) -> 16.99432
A70: 2121956620 | B70: EXOTICS NAM adeelq | C70: IG | D70: EU | E70: ITRX_IG | F70: -8.276905 | G70: =$F$70*'Risk Report'!$E$31 -> -22.513182 | H70: =$F$70*'Risk Report'!$E$32 -> -27.313786 | I70: =$F$70*'Risk Report'!$E$33 -> 6.0421406 | J70: =$F$70*'Risk Report'!$E$34 -> -1.0759977 | K70: =$F$70*'Risk Report'!$E$35 -> 9.1873645 | L70: =$F$70*'Risk Report'!$E$36 -> 9.0218265 | M70: =$F$70*'Risk Report'!$E$37 -> 16.222734 | N70: =$F$70*'Risk Report'!$E$38 -> -7.4492145 | O70: =$F$70*'Risk Report'!$E$39 -> 3.310762 | P70: =$F$70*'Risk Report'!$E$40 -> -6.9526002 | Q70: =SUM(G70:P70) -> -21.519953
A71: 2123457727 | B71: EXOTICS EUR issamc | C71: IG | D71: EU | E71: ITRX_IG | F71: -8.221048 | G71: =$F$71*'Risk Report'!$E$31 -> -22.361251 | H71: =$F$71*'Risk Report'!$E$32 -> -27.129458 | I71: =$F$71*'Risk Report'!$E$33 -> 6.001365 | J71: =$F$71*'Risk Report'!$E$34 -> -1.0687362 | K71: =$F$71*'Risk Report'!$E$35 -> 9.1253633 | L71: =$F$71*'Risk Report'!$E$36 -> 8.9609423 | M71: =$F$71*'Risk Report'!$E$37 -> 16.113254 | N71: =$F$71*'Risk Report'!$E$38 -> -7.3989432 | O71: =$F$71*'Risk Report'!$E$39 -> 3.2884192 | P71: =$F$71*'Risk Report'!$E$40 -> -6.9056803 | Q71: =SUM(G71:P71) -> -21.374725
A72: 2116682530 | B72: EXOTICS EUR issamc | C72: IG | D72: NA | E72: CDX_IG | F72: -7.957352 | G72: =$F$72*'Risk Report'!$B$31 -> -13.925366 | H72: =$F$72*'Risk Report'!$B$32 -> -15.914704 | I72: =$F$72*'Risk Report'!$B$33 -> 3.978676 | J72: =$F$72*'Risk Report'!$B$34 -> 5.1722788 | K72: =$F$72*'Risk Report'!$B$35 -> 19.495512 | L72: =$F$72*'Risk Report'!$B$36 -> 3.5808084 | M72: =$F$72*'Risk Report'!$B$37 -> 9.1509548 | N72: =$F$72*'Risk Report'!$B$38 -> 6.3658816 | O72: =$F$72*'Risk Report'!$B$39 -> -1.989338 | P72: =$F$72*'Risk Report'!$B$40 -> 0 | Q72: =SUM(G72:P72) -> 15.914704
A73: 2121116092 | B73: CONV NAM murmic | C73: IG | D73: NA | E73: CDX_IG | F73: -7.957352 | G73: =$F$73*'Risk Report'!$B$31 -> -13.925366 | H73: =$F$73*'Risk Report'!$B$32 -> -15.914704 | I73: =$F$73*'Risk Report'!$B$33 -> 3.978676 | J73: =$F$73*'Risk Report'!$B$34 -> 5.1722788 | K73: =$F$73*'Risk Report'!$B$35 -> 19.495512 | L73: =$F$73*'Risk Report'!$B$36 -> 3.5808084 | M73: =$F$73*'Risk Report'!$B$37 -> 9.1509548 | N73: =$F$73*'Risk Report'!$B$38 -> 6.3658816 | O73: =$F$73*'Risk Report'!$B$39 -> -1.989338 | P73: =$F$73*'Risk Report'!$B$40 -> 0 | Q73: =SUM(G73:P73) -> 15.914704
A74: 2122287472 | B74: EXOTICS NAM adeelq | C74: IG | D74: NA | E74: CDX_IG | F74: -7.957352 | G74: =$F$74*'Risk Report'!$B$31 -> -13.925366 | H74: =$F$74*'Risk Report'!$B$32 -> -15.914704 | I74: =$F$74*'Risk Report'!$B$33 -> 3.978676 | J74: =$F$74*'Risk Report'!$B$34 -> 5.1722788 | K74: =$F$74*'Risk Report'!$B$35 -> 19.495512 | L74: =$F$74*'Risk Report'!$B$36 -> 3.5808084 | M74: =$F$74*'Risk Report'!$B$37 -> 9.1509548 | N74: =$F$74*'Risk Report'!$B$38 -> 6.3658816 | O74: =$F$74*'Risk Report'!$B$39 -> -1.989338 | P74: =$F$74*'Risk Report'!$B$40 -> 0 | Q74: =SUM(G74:P74) -> 15.914704
A75: 2118937042 | B75: EXOTICS NAM adeelq | C75: IG | D75: NA | E75: CDX_IG | F75: -7.957352 | G75: =$F$75*'Risk Report'!$B$31 -> -13.925366 | H75: =$F$75*'Risk Report'!$B$32 -> -15.914704 | I75: =$F$75*'Risk Report'!$B$33 -> 3.978676 | J75: =$F$75*'Risk Report'!$B$34 -> 5.1722788 | K75: =$F$75*'Risk Report'!$B$35 -> 19.495512 | L75: =$F$75*'Risk Report'!$B$36 -> 3.5808084 | M75: =$F$75*'Risk Report'!$B$37 -> 9.1509548 | N75: =$F$75*'Risk Report'!$B$38 -> 6.3658816 | O75: =$F$75*'Risk Report'!$B$39 -> -1.989338 | P75: =$F$75*'Risk Report'!$B$40 -> 0 | Q75: =SUM(G75:P75) -> 15.914704
A76: 2124173755 | B76: EXOTICS NAM adeelq | C76: IG | D76: NA | E76: CDX_IG | F76: -7.957352 | G76: =$F$76*'Risk Report'!$B$31 -> -13.925366 | H76: =$F$76*'Risk Report'!$B$32 -> -15.914704 | I76: =$F$76*'Risk Report'!$B$33 -> 3.978676 | J76: =$F$76*'Risk Report'!$B$34 -> 5.1722788 | K76: =$F$76*'Risk Report'!$B$35 -> 19.495512 | L76: =$F$76*'Risk Report'!$B$36 -> 3.5808084 | M76: =$F$76*'Risk Report'!$B$37 -> 9.1509548 | N76: =$F$76*'Risk Report'!$B$38 -> 6.3658816 | O76: =$F$76*'Risk Report'!$B$39 -> -1.989338 | P76: =$F$76*'Risk Report'!$B$40 -> 0 | Q76: =SUM(G76:P76) -> 15.914704
A77: 2122549214 | B77: EXOTICS EUR issamc | C77: CO | D77: EU | E77: ITRX_XO | F77: -7.916117 | G77: =$F$77*'Risk Report'!$F$31 -> -117.67308 | H77: =$F$77*'Risk Report'!$F$32 -> -141.30269 | I77: =$F$77*'Risk Report'!$F$33 -> 25.489897 | J77: =$F$77*'Risk Report'!$F$34 -> 7.0453441 | K77: =$F$77*'Risk Report'!$F$35 -> 40.293036 | L77: =$F$77*'Risk Report'!$F$36 -> 31.901952 | M77: =$F$77*'Risk Report'!$F$37 -> 85.573225 | N77: =$F$77*'Risk Report'!$F$38 -> -47.575863 | O77: =$F$77*'Risk Report'!$F$39 -> 28.260538 | P77: =$F$77*'Risk Report'!$F$40 -> -63.645581 | Q77: =SUM(G77:P77) -> -151.63322
A78: 2122893484 | B78: EXOTICS EUR boutaoma | C78: IG | D78: NA | E78: CDX_IG | F78: -7.860082 | G78: =$F$78*'Risk Report'!$B$31 -> -13.755144 | H78: =$F$78*'Risk Report'!$B$32 -> -15.720164 | I78: =$F$78*'Risk Report'!$B$33 -> 3.930041 | J78: =$F$78*'Risk Report'!$B$34 -> 5.1090533 | K78: =$F$78*'Risk Report'!$B$35 -> 19.257201 | L78: =$F$78*'Risk Report'!$B$36 -> 3.5370369 | M78: =$F$78*'Risk Report'!$B$37 -> 9.0390943 | N78: =$F$78*'Risk Report'!$B$38 -> 6.2880656 | O78: =$F$78*'Risk Report'!$B$39 -> -1.9650205 | P78: =$F$78*'Risk Report'!$B$40 -> 0 | Q78: =SUM(G78:P78) -> 15.720164
A79: 54fx7h8 | B79: EQCOP | C79: CO | D79: EU | E79: ITRX_XO | F79: -7.747391 | G79: =$F$79*'Risk Report'!$F$31 -> -115.16497 | H79: =$F$79*'Risk Report'!$F$32 -> -138.29093 | I79: =$F$79*'Risk Report'!$F$33 -> 24.946599 | J79: =$F$79*'Risk Report'!$F$34 -> 6.895178 | K79: =$F$79*'Risk Report'!$F$35 -> 39.43422 | L79: =$F$79*'Risk Report'!$F$36 -> 31.221986 | M79: =$F$79*'Risk Report'!$F$37 -> 83.749297 | N79: =$F$79*'Risk Report'!$F$38 -> -46.56182 | O79: =$F$79*'Risk Report'!$F$39 -> 27.658186 | P79: =$F$79*'Risk Report'!$F$40 -> -62.289024 | Q79: =SUM(G79:P79) -> -148.40127
A80: 2122015535 | B80: EXOTICS NAM adeelq | C80: IG | D80: NA | E80: CDX_IG | F80: -7.737263 | G80: =$F$80*'Risk Report'!$B$31 -> -13.54021 | H80: =$F$80*'Risk Report'!$B$32 -> -15.474526 | I80: =$F$80*'Risk Report'!$B$33 -> 3.8686315 | J80: =$F$80*'Risk Report'!$B$34 -> 5.0292209 | K80: =$F$80*'Risk Report'!$B$35 -> 18.956294 | L80: =$F$80*'Risk Report'!$B$36 -> 3.4817683 | M80: =$F$80*'Risk Report'!$B$37 -> 8.8978525 | N80: =$F$80*'Risk Report'!$B$38 -> 6.1898104 | O80: =$F$80*'Risk Report'!$B$39 -> -1.9343157 | P80: =$F$80*'Risk Report'!$B$40 -> 0 | Q80: =SUM(G80:P80) -> 15.474526
A81: 2122549210 | B81: EXOTICS EUR issamc | C81: IG | D81: EU | E81: ITRX_IG | F81: -7.239094 | G81: =$F$81*'Risk Report'!$E$31 -> -19.690336 | H81: =$F$81*'Risk Report'!$E$32 -> -23.88901 | I81: =$F$81*'Risk Report'!$E$33 -> 5.2845386 | J81: =$F$81*'Risk Report'!$E$34 -> -0.94108222 | K81: =$F$81*'Risk Report'!$E$35 -> 8.0353943 | L81: =$F$81*'Risk Report'!$E$36 -> 7.8906125 | M81: =$F$81*'Risk Report'!$E$37 -> 14.188624 | N81: =$F$81*'Risk Report'!$E$38 -> -6.5151846 | O81: =$F$81*'Risk Report'!$E$39 -> 2.8956376 | P81: =$F$81*'Risk Report'!$E$40 -> -6.080839 | Q81: =SUM(G81:P81) -> -18.821644
A82: 2114902387 | B82: EXOTICS EUR issamc | C82: IG | D82: NA | E82: CDX_IG | F82: -7.161617 | G82: =$F$82*'Risk Report'!$B$31 -> -12.53283 | H82: =$F$82*'Risk Report'!$B$32 -> -14.323234 | I82: =$F$82*'Risk Report'!$B$33 -> 3.5808085 | J82: =$F$82*'Risk Report'!$B$34 -> 4.655051 | K82: =$F$82*'Risk Report'!$B$35 -> 17.545962 | L82: =$F$82*'Risk Report'!$B$36 -> 3.2227276 | M82: =$F$82*'Risk Report'!$B$37 -> 8.2358596 | N82: =$F$82*'Risk Report'!$B$38 -> 5.7292936 | O82: =$F$82*'Risk Report'!$B$39 -> -1.7904042 | P82: =$F$82*'Risk Report'!$B$40 -> 0 | Q82: =SUM(G82:P82) -> 14.323234
A83: 2123984227 | B83: EXOTICS EUR issamc | C83: HY | D83: NA | E83: CDX_HY | F83: -7.161617 | G83: =$F$83*'Risk Report'!$C$31 -> -53.712127 | H83: =$F$83*'Risk Report'!$C$32 -> -75.196979 | I83: =$F$83*'Risk Report'!$C$33 -> -7.161617 | J83: =$F$83*'Risk Report'!$C$34 -> 35.808085 | K83: =$F$83*'Risk Report'!$C$35 -> 85.939404 | L83: =$F$83*'Risk Report'!$C$36 -> 0 | M83: =$F$83*'Risk Report'!$C$37 -> 39.388893 | N83: =$F$83*'Risk Report'!$C$38 -> 21.484851 | O83: =$F$83*'Risk Report'!$C$39 -> -17.904042 | P83: =$F$83*'Risk Report'!$C$40 -> 0 | Q83: =SUM(G83:P83) -> 28.646468
A84: 2119096050 | B84: CONV NAM murmic | C84: HY | D84: NA | E84: CDX_HY | F84: -7.161617 | G84: =$F$84*'Risk Report'!$C$31 -> -53.712127 | H84: =$F$84*'Risk Report'!$C$32 -> -75.196979 | I84: =$F$84*'Risk Report'!$C$33 -> -7.161617 | J84: =$F$84*'Risk Report'!$C$34 -> 35.808085 | K84: =$F$84*'Risk Report'!$C$35 -> 85.939404 | L84: =$F$84*'Risk Report'!$C$36 -> 0 | M84: =$F$84*'Risk Report'!$C$37 -> 39.388893 | N84: =$F$84*'Risk Report'!$C$38 -> 21.484851 | O84: =$F$84*'Risk Report'!$C$39 -> -17.904042 | P84: =$F$84*'Risk Report'!$C$40 -> 0 | Q84: =SUM(G84:P84) -> 28.646468
A85: 218726570 | B85: EXOTICS EUR issamc | C85: IG | D85: NA | E85: CDX_IG | F85: -7.161617 | G85: =$F$85*'Risk Report'!$B$31 -> -12.53283 | H85: =$F$85*'Risk Report'!$B$32 -> -14.323234 | I85: =$F$85*'Risk Report'!$B$33 -> 3.5808085 | J85: =$F$85*'Risk Report'!$B$34 -> 4.655051 | K85: =$F$85*'Risk Report'!$B$35 -> 17.545962 | L85: =$F$85*'Risk Report'!$B$36 -> 3.2227276 | M85: =$F$85*'Risk Report'!$B$37 -> 8.2358596 | N85: =$F$85*'Risk Report'!$B$38 -> 5.7292936 | O85: =$F$85*'Risk Report'!$B$39 -> -1.7904042 | P85: =$F$85*'Risk Report'!$B$40 -> 0 | Q85: =SUM(G85:P85) -> 14.323234
A86: 2122384254 | B86: CONV NAM murmic | C86: IG | D86: NA | E86: CDX_IG | F86: -7.161617 | G86: =$F$86*'Risk Report'!$B$31 -> -12.53283 | H86: =$F$86*'Risk Report'!$B$32 -> -14.323234 | I86: =$F$86*'Risk Report'!$B$33 -> 3.5808085 | J86: =$F$86*'Risk Report'!$B$34 -> 4.655051 | K86: =$F$86*'Risk Report'!$B$35 -> 17.545962 | L86: =$F$86*'Risk Report'!$B$36 -> 3.2227276 | M86: =$F$86*'Risk Report'!$B$37 -> 8.2358596 | N86: =$F$86*'Risk Report'!$B$38 -> 5.7292936 | O86: =$F$86*'Risk Report'!$B$39 -> -1.7904042 | P86: =$F$86*'Risk Report'!$B$40 -> 0 | Q86: =SUM(G86:P86) -> 14.323234
A87: 2122893482 | B87: EXOTICS EUR boutaoma | C87: IG | D87: EU | E87: ITRX_IG | F87: -7.142166 | G87: =$F$87*'Risk Report'!$E$31 -> -19.426692 | H87: =$F$87*'Risk Report'!$E$32 -> -23.569148 | I87: =$F$87*'Risk Report'!$E$33 -> 5.2137812 | J87: =$F$87*'Risk Report'!$E$34 -> -0.92848158 | K87: =$F$87*'Risk Report'!$E$35 -> 7.9278043 | L87: =$F$87*'Risk Report'!$E$36 -> 7.7849609 | M87: =$F$87*'Risk Report'!$E$37 -> 13.998645 | N87: =$F$87*'Risk Report'!$E$38 -> -6.4279494 | O87: =$F$87*'Risk Report'!$E$39 -> 2.8568664 | P87: =$F$87*'Risk Report'!$E$40 -> -5.9994194 | Q87: =SUM(G87:P87) -> -18.569632
A88: 216229993 | B88: EXOTICS EUR boutaoma | C88: IG | D88: EU | E88: ITRX_IG | F88: -6.98674 | G88: =$F$88*'Risk Report'!$E$31 -> -19.003933 | H88: =$F$88*'Risk Report'!$E$32 -> -23.056242 | I88: =$F$88*'Risk Report'!$E$33 -> 5.1003202 | J88: =$F$88*'Risk Report'!$E$34 -> -0.9082762 | K88: =$F$88*'Risk Report'!$E$35 -> 7.7552814 | L88: =$F$88*'Risk Report'!$E$36 -> 7.6155466 | M88: =$F$88*'Risk Report'!$E$37 -> 13.69401 | N88: =$F$88*'Risk Report'!$E$38 -> -6.288066 | O88: =$F$88*'Risk Report'!$E$39 -> 2.794696 | P88: =$F$88*'Risk Report'!$E$40 -> -5.8688616 | Q88: =SUM(G88:P88) -> -18.165524
A89: 2114902381 | B89: EXOTICS EUR issamc | C89: IG | D89: NA | E89: CDX_IG | F89: -6.8907 | G89: =$F$89*'Risk Report'!$B$31 -> -12.058725 | H89: =$F$89*'Risk Report'!$B$32 -> -13.7814 | I89: =$F$89*'Risk Report'!$B$33 -> 3.44535 | J89: =$F$89*'Risk Report'!$B$34 -> 4.478955 | K89: =$F$89*'Risk Report'!$B$35 -> 16.882215 | L89: =$F$89*'Risk Report'!$B$36 -> 3.100815 | M89: =$F$89*'Risk Report'!$B$37 -> 7.924305 | N89: =$F$89*'Risk Report'!$B$38 -> 5.51256 | O89: =$F$89*'Risk Report'!$B$39 -> -1.722675 | P89: =$F$89*'Risk Report'!$B$40 -> 0 | Q89: =SUM(G89:P89) -> 13.7814
A90: 216229991 | B90: EXOTICS EUR boutaoma | C90: IG | D90: NA | E90: CDX_IG | F90: -6.884517 | G90: =$F$90*'Risk Report'!$B$31 -> -12.047905 | H90: =$F$90*'Risk Report'!$B$32 -> -13.769034 | I90: =$F$90*'Risk Report'!$B$33 -> 3.4422585 | J90: =$F$90*'Risk Report'!$B$34 -> 4.474936 | K90: =$F$90*'Risk Report'!$B$35 -> 16.867067 | L90: =$F$90*'Risk Report'!$B$36 -> 3.0980326 | M90: =$F$90*'Risk Report'!$B$37 -> 7.9171946 | N90: =$F$90*'Risk Report'!$B$38 -> 5.5076136 | O90: =$F$90*'Risk Report'!$B$39 -> -1.7211292 | P90: =$F$90*'Risk Report'!$B$40 -> 0 | Q90: =SUM(G90:P90) -> 13.769034
A91: 2119702862 | B91: EXOTICS NAM painemic | C91: IG | D91: NA | E91: CDX_IG | F91: -6.852436 | G91: =$F$91*'Risk Report'!$B$31 -> -11.991763 | H91: =$F$91*'Risk Report'!$B$32 -> -13.704872 | I91: =$F$91*'Risk Report'!$B$33 -> 3.426218 | J91: =$F$91*'Risk Report'!$B$34 -> 4.4540834 | K91: =$F$91*'Risk Report'!$B$35 -> 16.788468 | L91: =$F$91*'Risk Report'!$B$36 -> 3.0835962 | M91: =$F$91*'Risk Report'!$B$37 -> 7.8803014 | N91: =$F$91*'Risk Report'!$B$38 -> 5.4819488 | O91: =$F$91*'Risk Report'!$B$39 -> -1.713109 | P91: =$F$91*'Risk Report'!$B$40 -> 0 | Q91: =SUM(G91:P91) -> 13.704872
A92: 2123992158 | B92: EXOTICS NAM adeelq | C92: IG | D92: NA | E92: CDX_IG | F92: -6.850239 | G92: =$F$92*'Risk Report'!$B$31 -> -11.987918 | H92: =$F$92*'Risk Report'!$B$32 -> -13.700478 | I92: =$F$92*'Risk Report'!$B$33 -> 3.4251195 | J92: =$F$92*'Risk Report'!$B$34 -> 4.4526553 | K92: =$F$92*'Risk Report'!$B$35 -> 16.783086 | L92: =$F$92*'Risk Report'!$B$36 -> 3.0826075 | M92: =$F$92*'Risk Report'!$B$37 -> 7.8777749 | N92: =$F$92*'Risk Report'!$B$38 -> 5.4801912 | O92: =$F$92*'Risk Report'!$B$39 -> -1.7125598 | P92: =$F$92*'Risk Report'!$B$40 -> 0 | Q92: =SUM(G92:P92) -> 13.700478
A93: 2121219434 | B93: EXOTICS NAM adeelq | C93: CO | D93: EU | E93: ITRX_XO | F93: -6.550278 | G93: =$F$93*'Risk Report'!$F$31 -> -97.369882 | H93: =$F$93*'Risk Report'!$F$32 -> -116.92246 | I93: =$F$93*'Risk Report'!$F$33 -> 21.091895 | J93: =$F$93*'Risk Report'!$F$34 -> 5.8297474 | K93: =$F$93*'Risk Report'!$F$35 -> 33.340915 | L93: =$F$93*'Risk Report'!$F$36 -> 26.39762 | M93: =$F$93*'Risk Report'!$F$37 -> 70.808505 | N93: =$F$93*'Risk Report'!$F$38 -> -39.367171 | O93: =$F$93*'Risk Report'!$F$39 -> 23.384492 | P93: =$F$93*'Risk Report'!$F$40 -> -52.664235 | Q93: =SUM(G93:P93) -> -125.47058
A94: 2122557828 | B94: EXOTICS NAM adeelq | C94: IG | D94: NA | E94: CDX_IG | F94: -6.550068 | G94: =$F$94*'Risk Report'!$B$31 -> -11.462619 | H94: =$F$94*'Risk Report'!$B$32 -> -13.100136 | I94: =$F$94*'Risk Report'!$B$33 -> 3.275034 | J94: =$F$94*'Risk Report'!$B$34 -> 4.2575442 | K94: =$F$94*'Risk Report'!$B$35 -> 16.047667 | L94: =$F$94*'Risk Report'!$B$36 -> 2.9475306 | M94: =$F$94*'Risk Report'!$B$37 -> 7.5325782 | N94: =$F$94*'Risk Report'!$B$38 -> 5.2400544 | O94: =$F$94*'Risk Report'!$B$39 -> -1.637517 | P94: =$F$94*'Risk Report'!$B$40 -> 0 | Q94: =SUM(G94:P94) -> 13.100136
A95: p65tf | B95: EQETC | C95: IG | D95: EU | E95: ITRX_IG | F95: -6.550068 | G95: =$F$95*'Risk Report'!$E$31 -> -17.816185 | H95: =$F$95*'Risk Report'!$E$32 -> -21.615224 | I95: =$F$95*'Risk Report'!$E$33 -> 4.7815496 | J95: =$F$95*'Risk Report'!$E$34 -> -0.85150884 | K95: =$F$95*'Risk Report'!$E$35 -> 7.2705755 | L95: =$F$95*'Risk Report'!$E$36 -> 7.1395741 | M95: =$F$95*'Risk Report'!$E$37 -> 12.838133 | N95: =$F$95*'Risk Report'!$E$38 -> -5.8950612 | O95: =$F$95*'Risk Report'!$E$39 -> 2.6200272 | P95: =$F$95*'Risk Report'!$E$40 -> -5.5020571 | Q95: =SUM(G95:P95) -> -17.030177
A96: 218707351 | B96: EXOTICS EUR issamc | C96: IG | D96: EU | E96: ITRX_IG | F96: -6.550068 | G96: =$F$96*'Risk Report'!$E$31 -> -17.816185 | H96: =$F$96*'Risk Report'!$E$32 -> -21.615224 | I96: =$F$96*'Risk Report'!$E$33 -> 4.7815496 | J96: =$F$96*'Risk Report'!$E$34 -> -0.85150884 | K96: =$F$96*'Risk Report'!$E$35 -> 7.2705755 | L96: =$F$96*'Risk Report'!$E$36 -> 7.1395741 | M96: =$F$96*'Risk Report'!$E$37 -> 12.838133 | N96: =$F$96*'Risk Report'!$E$38 -> -5.8950612 | O96: =$F$96*'Risk Report'!$E$39 -> 2.6200272 | P96: =$F$96*'Risk Report'!$E$40 -> -5.5020571 | Q96: =SUM(G96:P96) -> -17.030177
A97: 219938036 | B97: EXOTICS EUR boutaoma | C97: IG | D97: EU | E97: ITRX_IG | F97: -6.496093 | G97: =$F$97*'Risk Report'!$E$31 -> -17.669373 | H97: =$F$97*'Risk Report'!$E$32 -> -21.437107 | I97: =$F$97*'Risk Report'!$E$33 -> 4.7421479 | J97: =$F$97*'Risk Report'!$E$34 -> -0.84449209 | K97: =$F$97*'Risk Report'!$E$35 -> 7.2106632 | L97: =$F$97*'Risk Report'!$E$36 -> 7.0807414 | M97: =$F$97*'Risk Report'!$E$37 -> 12.732342 | N97: =$F$97*'Risk Report'!$E$38 -> -5.8464837 | O97: =$F$97*'Risk Report'!$E$39 -> 2.5984372 | P97: =$F$97*'Risk Report'!$E$40 -> -5.4567181 | Q97: =SUM(G97:P97) -> -16.889842
A98: 2120161046 | B98: EXOTICS EUR issamc | C98: IG | D98: NA | E98: CDX_IG | F98: -6.365882 | G98: =$F$98*'Risk Report'!$B$31 -> -11.140294 | H98: =$F$98*'Risk Report'!$B$32 -> -12.731764 | I98: =$F$98*'Risk Report'!$B$33 -> 3.182941 | J98: =$F$98*'Risk Report'!$B$34 -> 4.1378233 | K98: =$F$98*'Risk Report'!$B$35 -> 15.596411 | L98: =$F$98*'Risk Report'!$B$36 -> 2.8646469 | M98: =$F$98*'Risk Report'!$B$37 -> 7.3207643 | N98: =$F$98*'Risk Report'!$B$38 -> 5.0927056 | O98: =$F$98*'Risk Report'!$B$39 -> -1.5914705 | P98: =$F$98*'Risk Report'!$B$40 -> 0 | Q98: =SUM(G98:P98) -> 12.731764
A99: 2121293645 | B99: EXOTICS NAM adeelq | C99: IG | D99: NA | E99: CDX_IG | F99: -6.365882 | G99: =$F$99*'Risk Report'!$B$31 -> -11.140294 | H99: =$F$99*'Risk Report'!$B$32 -> -12.731764 | I99: =$F$99*'Risk Report'!$B$33 -> 3.182941 | J99: =$F$99*'Risk Report'!$B$34 -> 4.1378233 | K99: =$F$99*'Risk Report'!$B$35 -> 15.596411 | L99: =$F$99*'Risk Report'!$B$36 -> 2.8646469 | M99: =$F$99*'Risk Report'!$B$37 -> 7.3207643 | N99: =$F$99*'Risk Report'!$B$38 -> 5.0927056 | O99: =$F$99*'Risk Report'!$B$39 -> -1.5914705 | P99: =$F$99*'Risk Report'!$B$40 -> 0 | Q99: =SUM(G99:P99) -> 12.731764
A100: 2121280814 | B100: EXOTICS EUR issamc | C100: IG | D100: NA | E100: CDX_IG | F100: -6.309407 | G100: =$F$100*'Risk Report'!$B$31 -> -11.041462 | H100: =$F$100*'Risk Report'!$B$32 -> -12.618814 | I100: =$F$100*'Risk Report'!$B$33 -> 3.1547035 | J100: =$F$100*'Risk Report'!$B$34 -> 4.1011145 | K100: =$F$100*'Risk Report'!$B$35 -> 15.458047 | L100: =$F$100*'Risk Report'!$B$36 -> 2.8392331 | M100: =$F$100*'Risk Report'!$B$37 -> 7.2558181 | N100: =$F$100*'Risk Report'!$B$38 -> 5.0475256 | O100: =$F$100*'Risk Report'!$B$39 -> -1.5773518 | P100: =$F$100*'Risk Report'!$B$40 -> 0 | Q100: =SUM(G100:P100) -> 12.618814
A101: 51rs9k3 | B101: E1EZS | C101: IG | D101: NA | E101: CDX_IG | F101: -6.232164 | G101: =$F$101*'Risk Report'!$B$31 -> -10.906287 | H101: =$F$101*'Risk Report'!$B$32 -> -12.464328 | I101: =$F$101*'Risk Report'!$B$33 -> 3.116082 | J101: =$F$101*'Risk Report'!$B$34 -> 4.0509066 | K101: =$F$101*'Risk Report'!$B$35 -> 15.268802 | L101: =$F$101*'Risk Report'!$B$36 -> 2.8044738 | M101: =$F$101*'Risk Report'!$B$37 -> 7.1669886 | N101: =$F$101*'Risk Report'!$B$38 -> 4.9857312 | O101: =$F$101*'Risk Report'!$B$39 -> -1.558041 | P101: =$F$101*'Risk Report'!$B$40 -> 0 | Q101: =SUM(G101:P101) -> 12.464328
A102: 2118989094 | B102: EXOTICS NAM adeelq | C102: IG | D102: NA | E102: CDX_IG | F102: -6.063642 | G102: =$F$102*'Risk Report'!$B$31 -> -10.611373 | H102: =$F$102*'Risk Report'!$B$32 -> -12.127284 | I102: =$F$102*'Risk Report'!$B$33 -> 3.031821 | J102: =$F$102*'Risk Report'!$B$34 -> 3.9413673 | K102: =$F$102*'Risk Report'!$B$35 -> 14.855923 | L102: =$F$102*'Risk Report'!$B$36 -> 2.7286389 | M102: =$F$102*'Risk Report'!$B$37 -> 6.9731883 | N102: =$F$102*'Risk Report'!$B$38 -> 4.8509136 | O102: =$F$102*'Risk Report'!$B$39 -> -1.5159105 | P102: =$F$102*'Risk Report'!$B$40 -> 0 | Q102: =SUM(G102:P102) -> 12.127284
...
