Workbook

Sheet Instructions
A1: Market Risk Limit Management & Reporting - Equity Desk (Advanced)
A3: Scenario
A4: You are a junior market risk analyst covering the Equity Trading Desk. You have position-level daily P&L ($mm) for 20 trading days (hypothetical dataset).
A6: Given
A7: • Equity Desk 1-day 99% VaR limit: 5.0 ($mm)
A9: Required sheets to complete
A10: 1) Desk_PnL: Aggregate daily desk P&L from Position_PnL ( by Date).
A11: 2) VaR_and_Limits:
A12: i. Compute 1-day 99% VaR, utilization, status (<85% "Within Limit", 85-100% "Near Limit", >100% "Breach").
A13: ii. Identify VaR Exceptions (days where Desk P&L < -VaR) by flagging for each day if the VaR is an exception or not
A14: 3) Risk_Drivers: Identify the largest volatility driver by Product Type using stdev of aggregated daily P&L by group.
A15: 4) Equity_Risk_Report: Summarize results (key risk metrics) + write a concise summary for the Head of Market Risk covering: VaR vs limit, whether escalation is needed, key risk drivers, and recommended actions.

Sheet Position_PnL(data)
A1: Date | B1: Position ID | C1: Product Type | D1: Underlying | E1: Daily P&L ($mm)
A2: 46083 | B2: EQ-01 | C2: Single Stock | D2: AAPL | E2: 0.21475659
A3: 46083 | B3: EQ-02 | C3: Single Stock | D3: TSLA | E3: -0.093938726
A4: 46083 | B4: EQ-03 | C4: Index Future | D4: S&P 500 | E4: 0.2400266
A5: 46083 | B5: EQ-04 | C5: Equity Option | D5: S&P 500 | E5: 0.84662843
A6: 46083 | B6: EQ-05 | C6: Equity Swap | D6: Nasdaq 100 | E6: -0.080989808
A7: 46083 | B7: EQ-06 | C7: ETF | D7: Russell 2000 | E7: -0.072307258
A8: 46083 | B8: EQ-07 | C8: Single Stock | D8: NVDA | E8: 1.1704795
A9: 46083 | B9: EQ-08 | C9: Equity Option | D9: Nasdaq 100 | E9: 0.47400549
A10: 46083 | B10: EQ-09 | C10: Index Future | D10: EuroStoxx 50 | E10: -0.12758702
A11: 46083 | B11: EQ-10 | C11: Single Stock | D11: AMZN | E11: 0.26808944
A12: 46084 | B12: EQ-01 | C12: Single Stock | D12: AAPL | E12: -0.20036071
A13: 46084 | B13: EQ-02 | C13: Single Stock | D13: TSLA | E13: -0.3164234
... A201: 46108 | B201: EQ-10 | C201: Single Stock | D201: AMZN | E201: -0.5647638

Sheet Desk_PnL
A1: Desk_PnL - Q1: Aggregated Daily P&L from Position_PnL
A2: Instruction: Sum all position Daily P&L ($mm) per date. Formula: =SUMIF(Position_PnL!Date column, this date, P&L column)
A3: Date | B3: Desk Daily P&L ($mm) | C3: Cumulative P&L ($mm) | D3: P&L vs. Prior Day
A4: =SMALL('Position_PnL(data)'!$A$2:$A$201,(ROW()-3)*10-9) -> 46083 | B4: =SUMIF('Position_PnL(data)'!$A:$A,A4,'Position_PnL(data)'!$E:$E) -> 2.8391633 | C4: =SUM($B$4:B4) -> 2.8391633 | D4: -
A5: =SMALL('Position_PnL(data)'!$A$2:$A$201,(ROW()-3)*10-9) -> 46084 | B5: =SUMIF('Position_PnL(data)'!$A:$A,A5,'Position_PnL(data)'!$E:$E) -> -3.762158 | C5: =SUM($B$4:B5) -> -0.92299471 | D5: =B5-B4 -> -6.6013212
A6: =SMALL('Position_PnL(data)'!$A$2:$A$201,(ROW()-3)*10-9) -> 46085 | B6: =SUMIF('Position_PnL(data)'!$A:$A,A6,'Position_PnL(data)'!$E:$E) -> -1.3691305 | C6: =SUM($B$4:B6) -> -2.2921252 | D6: =B6-B5 -> 2.3930275
A7: =SMALL('Position_PnL(data)'!$A$2:$A$201,(ROW()-3)*10-9) -> 46086 | B7: =SUMIF('Position_PnL(data)'!$A:$A,A7,'Position_PnL(data)'!$E:$E) -> -1.006441 | C7: =SUM($B$4:B7) -> -3.2985662 | D7: =B7-B6 -> 0.36268945
A8: =SMALL('Position_PnL(data)'!$A$2:$A$201,(ROW()-3)*10-9) -> 46087 | B8: =SUMIF('Position_PnL(data)'!$A:$A,A8,'Position_PnL(data)'!$E:$E) -> -0.97448337 | C8: =SUM($B$4:B8) -> -4.2730496 | D8: =B8-B7 -> 0.031957653
A9: =SMALL('Position_PnL(data)'!$A$2:$A$201,(ROW()-3)*10-9) -> 46090 | B9: =SUMIF('Position_PnL(data)'!$A:$A,A9,'Position_PnL(data)'!$E:$E) -> 0.3709244 | C9: =SUM($B$4:B9) -> -3.9021252 | D9: =B9-B8 -> 1.3454078
A10: =SMALL('Position_PnL(data)'!$A$2:$A$201,(ROW()-3)*10-9) -> 46091 | B10: =SUMIF('Position_PnL(data)'!$A:$A,A10,'Position_PnL(data)'!$E:$E) -> -0.36240849 | C10: =SUM($B$4:B10) -> -4.2645337 | D10: =B10-B9 -> -0.73333288
A11: =SMALL('Position_PnL(data)'!$A$2:$A$201,(ROW()-3)*10-9) -> 46092 | B11: =SUMIF('Position_PnL(data)'!$A:$A,A11,'Position_PnL(data)'!$E:$E) -> 0.32807277 | C11: =SUM($B$4:B11) -> -3.9364609 | D11: =B11-B10 -> 0.69048125
A12: =SMALL('Position_PnL(data)'!$A$2:$A$201,(ROW()-3)*10-9) -> 46093 | B12: =SUMIF('Position_PnL(data)'!$A:$A,A12,'Position_PnL(data)'!$E:$E) -> 0.96381998 | C12: =SUM($B$4:B12) -> -2.9726409 | D12: =B12-B11 -> 0.63574721
A13: =SMALL('Position_PnL(data)'!$A$2:$A$201,(ROW()-3)*10-9) -> 46094 | B13: =SUMIF('Position_PnL(data)'!$A:$A,A13,'Position_PnL(data)'!$E:$E) -> -0.063631606 | C13: =SUM($B$4:B13) -> -3.0362725 | D13: =B13-B12 -> -1.0274516
A14: =SMALL('Position_PnL(data)'!$A$2:$A$201,(ROW()-3)*10-9) -> 46097 | B14: =SUMIF('Position_PnL(data)'!$A:$A,A14,'Position_PnL(data)'!$E:$E) -> 0.13731834 | C14: =SUM($B$4:B14) -> -2.8989542 | D14: =B14-B13 -> 0.20094994
A15: =SMALL('Position_PnL(data)'!$A$2:$A$201,(ROW()-3)*10-9) -> 46098 | B15: =SUMIF('Position_PnL(data)'!$A:$A,A15,'Position_PnL(data)'!$E:$E) -> -5.0536934 | C15: =SUM($B$4:B15) -> -7.9526476 | D15: =B15-B14 -> -5.1910118
A16: =SMALL('Position_PnL(data)'!$A$2:$A$201,(ROW()-3)*10-9) -> 46099 | B16: =SUMIF('Position_PnL(data)'!$A:$A,A16,'Position_PnL(data)'!$E:$E) -> -0.96143324 | C16: =SUM($B$4:B16) -> -8.9140808 | D16: =B16-B15 -> 4.0922602
... A23: =SMALL('Position_PnL(data)'!$A$2:$A$201,(ROW()-3)*10-9) -> 46108 | B23: =SUMIF('Position_PnL(data)'!$A:$A,A23,'Position_PnL(data)'!$E:$E) -> -1.1545462 | C23: =SUM($B$4:B23) -> -9.3573242 | D23: =B23-B22 -> -0.18436365
A24: SUMMARY | B24: =SUM(B4:B23) -> -9.3573242 | C24: Total Cumul.
A26: KEY STATISTICS
A27: Max Daily Gain ($mm) | C27: =MAX(B4:B23) -> 2.8391633
A28: Max Daily Loss ($mm) | C28: =MIN(B4:B23) -> -5.0536934
A29: Average Daily P&L ($mm) | C29: =AVERAGE(B4:B23) -> -0.46786621
A30: Days with Losses | C30: =COUNTIF(B4:B23,"<0") -> 12
A31: Days with Gains | C31: =COUNTIF(B4:B23,">0") -> 8
A32: P&L StdDev ($mm) | C32: =STDEV(B4:B23) -> 1.8025751

Sheet VaR_and_Limits
A1: VaR & Limits Analysis - Q1, Q2 & Q3 | Equity Trading Desk
A3: INPUTS & ASSUMPTIONS
A4: VaR Limit ($mm) | B4: 5 | C4: Hard limit set by Risk Committee.
A5: VaR Confidence Level | B5: 0.99 | C5: Standard Basel II/III 99% 1-day VaR.
A6: Observation Window | B6: 20 | C6: 20 trading days of position-level P&L.
A7: Methodology | C7: Historical Simulation - 1st percentile of sorted daily P&L.
A8: Near Limit Threshold | B8: 0.85 | C8: >=85% utilization triggers Near Limit status.
A10: Q1: COMPUTED METRICS
A11: 1-Day 99% VaR ($mm) | B11: =_xlfn.PERCENTILE.INC(Desk_PnL!B4:B23,0.01)*-1 -> 4.8083017 | C11: PERCENTILE.INC(all 20 desk daily P&L values, 1%) x (-1) → 1st-percentile loss magnitude
A12: VaR Limit ($mm) | B12: =$B$4 -> 5 | C12: Hard limit (given). Source: Risk Committee mandate.
A13: Utilization (VaR ÷ Limit) | B13: =B11/B12 -> 0.96166034 | C13: $4.8083mm divided by $5.000mm = 96.17%. Approaches limit but does not breach.
A14: Status | B14: =IF(B13>1,"In Breach",IF(B13>=$B$8,"Near Limit","Within Limit")) -> Near Limit | C14: Thresholds: <85% = Within Limit | 85-100% = Near Limit | >100% = Breach
A17: Q2: DAILY VaR LIMIT MONITORING & EXCEPTION IDENTIFICATION
A18: Date | B18: Desk P&L ($mm) | C18: 1-Day 99% VaR ($mm) | D18: VaR Limit ($mm) | E18: Utilization (%) | F18: Status | G18: VaR Exception?
A19: =Desk_PnL!A4 -> 46083 | B19: =VLOOKUP(A19,Desk_PnL!$A$4:$B$23,2,0) -> 2.8391633 | C19: =$B$11 -> 4.8083017 | D19: =$B$12 -> 5 | E19: =C19/D19 -> 0.96166034 | F19: =IF(E19>1,"In Breach",IF(E19>=$B$8,"Near Limit","Within Limit")) -> Near Limit | G19: =IF(B19<-C19,"YES - EXCEPTION","No") -> No
A20: =Desk_PnL!A5 -> 46084 | B20: =VLOOKUP(A20,Desk_PnL!$A$4:$B$23,2,0) -> -3.762158 | C20: =$B$11 -> 4.8083017 | D20: =$B$12 -> 5 | E20: =C20/D20 -> 0.96166034 | F20: =IF(E20>1,"In Breach",IF(E20>=$B$8,"Near Limit","Within Limit")) -> Near Limit | G20: =IF(B20<-C20,"YES - EXCEPTION","No") -> No
A21: =Desk_PnL!A6 -> 46085 | B21: =VLOOKUP(A21,Desk_PnL!$A$4:$B$23,2,0) -> -1.3691305 | C21: =$B$11 -> 4.8083017 | D21: =$B$12 -> 5 | E21: =C21/D21 -> 0.96166034 | F21: =IF(E21>1,"In Breach",IF(E21>=$B$8,"Near Limit","Within Limit")) -> Near Limit | G21: =IF(B21<-C21,"YES - EXCEPTION","No") -> No
A22: =Desk_PnL!A7 -> 46086 | B22: =VLOOKUP(A22,Desk_PnL!$A$4:$B$23,2,0) -> -1.006441 | C22: =$B$11 -> 4.8083017 | D22: =$B$12 -> 5 | E22: =C22/D22 -> 0.96166034 | F22: =IF(E22>1,"In Breach",IF(E22>=$B$8,"Near Limit","Within Limit")) -> Near Limit | G22: =IF(B22<-C22,"YES - EXCEPTION","No") -> No
A23: =Desk_PnL!A8 -> 46087 | B23: =VLOOKUP(A23,Desk_PnL!$A$4:$B$23,2,0) -> -0.97448337 | C23: =$B$11 -> 4.8083017 | D23: =$B$12 -> 5 | E23: =C23/D23 -> 0.96166034 | F23: =IF(E23>1,"In Breach",IF(E23>=$B$8,"Near Limit","Within Limit")) -> Near Limit | G23: =IF(B23<-C23,"YES - EXCEPTION","No") -> No
A24: =Desk_PnL!A9 -> 46090 | B24: =VLOOKUP(A24,Desk_PnL!$A$4:$B$23,2,0) -> 0.3709244 | C24: =$B$11 -> 4.8083017 | D24: =$B$12 -> 5 | E24: =C24/D24 -> 0.96166034 | F24: =IF(E24>1,"In Breach",IF(E24>=$B$8,"Near Limit","Within Limit")) -> Near Limit | G24: =IF(B24<-C24,"YES - EXCEPTION","No") -> No
A25: =Desk_PnL!A10 -> 46091 | B25: =VLOOKUP(A25,Desk_PnL!$A$4:$B$23,2,0) -> -0.36240849 | C25: =$B$11 -> 4.8083017 | D25: =$B$12 -> 5 | E25: =C25/D25 -> 0.96166034 | F25: =IF(E25>1,"In Breach",IF(E25>=$B$8,"Near Limit","Within Limit")) -> Near Limit | G25: =IF(B25<-C25,"YES - EXCEPTION","No") -> No
A26: =Desk_PnL!A11 -> 46092 | B26: =VLOOKUP(A26,Desk_PnL!$A$4:$B$23,2,0) -> 0.32807277 | C26: =$B$11 -> 4.8083017 | D26: =$B$12 -> 5 | E26: =C26/D26 -> 0.96166034 | F26: =IF(E26>1,"In Breach",IF(E26>=$B$8,"Near Limit","Within Limit")) -> Near Limit | G26: =IF(B26<-C26,"YES - EXCEPTION","No") -> No
A27: =Desk_PnL!A12 -> 46093 | B27: =VLOOKUP(A27,Desk_PnL!$A$4:$B$23,2,0) -> 0.96381998 | C27: =$B$11 -> 4.8083017 | D27: =$B$12 -> 5 | E27: =C27/D27 -> 0.96166034 | F27: =IF(E27>1,"In Breach",IF(E27>=$B$8,"Near Limit","Within Limit")) -> Near Limit | G27: =IF(B27<-C27,"YES - EXCEPTION","No") -> No
A28: =Desk_PnL!A13 -> 46094 | B28: =VLOOKUP(A28,Desk_PnL!$A$4:$B$23,2,0) -> -0.063631606 | C28: =$B$11 -> 4.8083017 | D28: =$B$12 -> 5 | E28: =C28/D28 -> 0.96166034 | F28: =IF(E28>1,"In Breach",IF(E28>=$B$8,"Near Limit","Within Limit")) -> Near Limit | G28: =IF(B28<-C28,"YES - EXCEPTION","No") -> No
A29: =Desk_PnL!A14 -> 46097 | B29: =VLOOKUP(A29,Desk_PnL!$A$4:$B$23,2,0) -> 0.13731834 | C29: =$B$11 -> 4.8083017 | D29: =$B$12 -> 5 | E29: =C29/D29 -> 0.96166034 | F29: =IF(E29>1,"In Breach",IF(E29>=$B$8,"Near Limit","Within Limit")) -> Near Limit | G29: =IF(B29<-C29,"YES - EXCEPTION","No") -> No
A30: =Desk_PnL!A15 -> 46098 | B30: =VLOOKUP(A30,Desk_PnL!$A$4:$B$23,2,0) -> -5.0536934 | C30: =$B$11 -> 4.8083017 | D30: =$B$12 -> 5 | E30: =C30/D30 -> 0.96166034 | F30: =IF(E30>1,"In Breach",IF(E30>=$B$8,"Near Limit","Within Limit")) -> Near Limit | G30: =IF(B30<-C30,"YES - EXCEPTION","No") -> YES - EXCEPTION
... A38: =Desk_PnL!A23 -> 46108 | B38: =VLOOKUP(A38,Desk_PnL!$A$4:$B$23,2,0) -> -1.1545462 | C38: =$B$11 -> 4.8083017 | D38: =$B$12 -> 5 | E38: =C38/D38 -> 0.96166034 | F38: =IF(E38>1,"In Breach",IF(E38>=$B$8,"Near Limit","Within Limit")) -> Near Limit | G38: =IF(B38<-C38,"YES - EXCEPTION","No") -> No
A41: Q2 ANALYSIS: LIMIT STATUS, EXCEPTIONS & KEY DISTINCTIONS
A42: Q2.1 - Limit Status: | B42: VaR = $4.8083mm vs. Limit = $5.000mm → Utilization = 96.17%. Status: NEAR LIMIT (85-100% band). The desk has not breached the limit, but is in the escalation zone requiring daily monitoring and reporting to the Head of Market Risk.
A43: Q2.2 - Daily Status: | B43: All 20 trading days fall under the Near Limit classification because the VaR itself (calculated from the full period) is 96.17% utilized. The desk never breached the $5mm VaR limit on any given day.
A44: Q2.3 - VaR Exception (Mar 17): | B44: Mar 17, 2026 recorded a Desk P&L of −$5.054mm. Since −5.054 < −4.8083 (the 99% VaR threshold), this IS a VaR exception: a day where realized losses exceeded the model's 99% confidence prediction.
A45: Q2.3i - VaR Exception Definition: | B45: A VaR Exception occurs when the actual daily P&L loss EXCEEDS the VaR estimate. It is a model backtesting event. Under Basel III, VaR exceptions are tallied over a rolling 250-day window to assess model accuracy (Traffic Light Test).
A46: Q2.3ii - Exception vs. Limit Breach (KEY DISTINCTION): | B46: VaR EXCEPTION: Realized loss > VaR estimate (model was wrong). → Backtesting concern; triggers TLT zone review. | VaR LIMIT BREACH: VaR metric itself > approved limit. → Risk limit violation; triggers governance escalation & potential position reduction. | These are INDEPENDENT events. On Mar 17, a VaR exception occurred but the VaR itself did NOT breach the $5mm limit (96.17% utilization = Near Limit, not Breach).
A47: Basel III Traffic Light Test: | B47: With 1 exception in 20 days (extrapolated: ~12.5 per 250 days → this is illustrative only for a 20-day dataset). Over a full 250-day window: Green Zone = 0-4 exceptions (no capital add-on); Yellow = 5-9 (supervisory escalation); Red = 10+ (automatic capital surcharge). For this assignment with 20 days: 1 exception = Green Zone.

Sheet Risk_Drivers
A1: Risk Drivers - Q3: Which Risk Factor is Driving the Breach?
A3: METHODOLOGY
A4: criti
A6: TABLE 1: VOLATILITY BY PRODUCT TYPE (StdDev of Aggregated Daily P&L)
A7: Rank | B7: Product Type | C7: StdDev Daily P&L ($mm) | D7: % of Total Vol | E7: Primary Driver?
A8: =RANK(C8,$C$8:$C$12,0) -> 1 | B8: Single Stock | C8: {=STDEV(SUMIFS('Position_PnL(data)'!$E:$E,'Position_PnL(data)'!$C:$C,B8,'Position_PnL(data)'!$A:$A,Desk_PnL!$A$4:$A$23))} -> 1.221362 | D8: =C8/SUM($C$8:$C$12) -> 0.38363864 | E8: ▶ PRIMARY DRIVER
A9: =RANK(C9,$C$8:$C$12,0) -> 2 | B9: Equity Option | C9: {=STDEV(SUMIFS('Position_PnL(data)'!$E:$E,'Position_PnL(data)'!$C:$C,B9,'Position_PnL(data)'!$A:$A,Desk_PnL!$A$4:$A$23))} -> 0.97713754 | D9: =C9/SUM($C$8:$C$12) -> 0.30692597 | E9: ▶ SECONDARY
A10: =RANK(C10,$C$8:$C$12,0) -> 3 | B10: Index Future | C10: {=STDEV(SUMIFS('Position_PnL(data)'!$E:$E,'Position_PnL(data)'!$C:$C,B10,'Position_PnL(data)'!$A:$A,Desk_PnL!$A$4:$A$23))} -> 0.36511839 | D10: =C10/SUM($C$8:$C$12) -> 0.11468633
A11: =RANK(C11,$C$8:$C$12,0) -> 4 | B11: Equity Swap | C11: {=STDEV(SUMIFS('Position_PnL(data)'!$E:$E,'Position_PnL(data)'!$C:$C,B11,'Position_PnL(data)'!$A:$A,Desk_PnL!$A$4:$A$23))} -> 0.3294871 | D11: =C11/SUM($C$8:$C$12) -> 0.10349428
A12: =RANK(C12,$C$8:$C$12,0) -> 5 | B12: ETF | C12: {=STDEV(SUMIFS('Position_PnL(data)'!$E:$E,'Position_PnL(data)'!$C:$C,B12,'Position_PnL(data)'!$A:$A,Desk_PnL!$A$4:$A$23))} -> 0.2905211 | D12: =C12/SUM($C$8:$C$12) -> 0.09125478
A15: TABLE 2: VOLATILITY BY UNDERLYING (Additional Depth)
A16: Rank | B16: Underlying | C16: Product Type | D16: StdDev Daily P&L ($mm) | E16: Primary Risk?
A17: =RANK(D17,$D$17:$D$24,0) -> 1 | B17: Nasdaq 100 | C17: Equity Swap | D17: {=STDEV(SUMIFS('Position_PnL(data)'!$E:$E,'Position_PnL(data)'!$D:$D,B17,'Position_PnL(data)'!$A:$A,Desk_PnL!$A$4:$A$23))} -> 0.81230972 | E17: ▶ KEY DRIVER
A18: =RANK(D18,$D$17:$D$24,0) -> 2 | B18: NVDA | C18: Single Stock | D18: {=STDEV(SUMIFS('Position_PnL(data)'!$E:$E,'Position_PnL(data)'!$D:$D,B18,'Position_PnL(data)'!$A:$A,Desk_PnL!$A$4:$A$23))} -> 0.77753237 | E18: ▶ KEY DRIVER
A19: =RANK(D19,$D$17:$D$24,0) -> 3 | B19: TSLA | C19: Single Stock | D19: {=STDEV(SUMIFS('Position_PnL(data)'!$E:$E,'Position_PnL(data)'!$D:$D,B19,'Position_PnL(data)'!$A:$A,Desk_PnL!$A$4:$A$23))} -> 0.60095112
A20: =RANK(D20,$D$17:$D$24,0) -> 4 | B20: S&P 500 | C20: Index Future | D20: {=STDEV(SUMIFS('Position_PnL(data)'!$E:$E,'Position_PnL(data)'!$D:$D,B20,'Position_PnL(data)'!$A:$A,Desk_PnL!$A$4:$A$23))} -> 0.56376168
A21: =RANK(D21,$D$17:$D$24,0) -> 5 | B21: AMZN | C21: Single Stock | D21: {=STDEV(SUMIFS('Position_PnL(data)'!$E:$E,'Position_PnL(data)'!$D:$D,B21,'Position_PnL(data)'!$A:$A,Desk_PnL!$A$4:$A$23))} -> 0.55977103
A22: =RANK(D22,$D$17:$D$24,0) -> 6 | B22: AAPL | C22: Single Stock | D22: {=STDEV(SUMIFS('Position_PnL(data)'!$E:$E,'Position_PnL(data)'!$D:$D,B22,'Position_PnL(data)'!$A:$A,Desk_PnL!$A$4:$A$23))} -> 0.37848578
A23: =RANK(D23,$D$17:$D$24,0) -> 7 | B23: Russell 2000 | C23: ETF | D23: {=STDEV(SUMIFS('Position_PnL(data)'!$E:$E,'Position_PnL(data)'!$D:$D,B23,'Position_PnL(data)'!$A:$A,Desk_PnL!$A$4:$A$23))} -> 0.2905211
A24: =RANK(D24,$D$17:$D$24,0) -> 8 | B24: EuroStoxx 50 | C24: Index Future | D24: {=STDEV(SUMIFS('Position_PnL(data)'!$E:$E,'Position_PnL(data)'!$D:$D,B24,'Position_PnL(data)'!$A:$A,Desk_PnL!$A$4:$A$23))} -> 0.21353689
A26: MAR 17, 2026 - EXCEPTION DAY P&L BREAKDOWN (Identifying the Breach Driver)
A27: Product Type | B27: Underlying | C27: Daily P&L ($mm) | D27: Contribution | E27: Significance
A28: Equity Option | B28: Nasdaq 100 | C28: =SUMIFS('Position_PnL(data)'!$E:$E,'Position_PnL(data)'!$C:$C,A28,'Position_PnL(data)'!$D:$D,B28,'Position_PnL(data)'!$A:$A,VaR_and_Limits!$A$30) -> -2.2041913 | D28: =C28/ABS(Desk_PnL!$B$15) -> -0.43615454
A29: Single Stock | B29: NVDA | C29: =SUMIFS('Position_PnL(data)'!$E:$E,'Position_PnL(data)'!$C:$C,A29,'Position_PnL(data)'!$D:$D,B29,'Position_PnL(data)'!$A:$A,VaR_and_Limits!$A$30) -> -1.1374963 | D29: =C29/ABS(Desk_PnL!$B$15) -> -0.22508217
A30: Single Stock | B30: TSLA | C30: =SUMIFS('Position_PnL(data)'!$E:$E,'Position_PnL(data)'!$C:$C,A30,'Position_PnL(data)'!$D:$D,B30,'Position_PnL(data)'!$A:$A,VaR_and_Limits!$A$30) -> -1.0062527 | D30: =C30/ABS(Desk_PnL!$B$15) -> -0.19911234
A31: Single Stock | B31: AAPL | C31: =SUMIFS('Position_PnL(data)'!$E:$E,'Position_PnL(data)'!$C:$C,A31,'Position_PnL(data)'!$D:$D,B31,'Position_PnL(data)'!$A:$A,VaR_and_Limits!$A$30) -> -0.82958932 | D31: =C31/ABS(Desk_PnL!$B$15) -> -0.16415506
A32: Equity Option | B32: S&P 500 | C32: =SUMIFS('Position_PnL(data)'!$E:$E,'Position_PnL(data)'!$C:$C,A32,'Position_PnL(data)'!$D:$D,B32,'Position_PnL(data)'!$A:$A,VaR_and_Limits!$A$30) -> -0.60719992 | D32: =C32/ABS(Desk_PnL!$B$15) -> -0.12014973
A33: Equity Swap | B33: Nasdaq 100 | C33: =SUMIFS('Position_PnL(data)'!$E:$E,'Position_PnL(data)'!$C:$C,A33,'Position_PnL(data)'!$D:$D,B33,'Position_PnL(data)'!$A:$A,VaR_and_Limits!$A$30) -> -0.066534499 | D33: =C33/ABS(Desk_PnL!$B$15) -> -0.01316552
A34: Index Future | B34: S&P 500 | C34: =SUMIFS('Position_PnL(data)'!$E:$E,'Position_PnL(data)'!$C:$C,A34,'Position_PnL(data)'!$D:$D,B34,'Position_PnL(data)'!$A:$A,VaR_and_Limits!$A$30) -> 0.022320686 | D34: =C34/ABS(Desk_PnL!$B$15) -> 0.0044167077
A35: ETF | B35: Russell 2000 | C35: =SUMIFS('Position_PnL(data)'!$E:$E,'Position_PnL(data)'!$C:$C,A35,'Position_PnL(data)'!$D:$D,B35,'Position_PnL(data)'!$A:$A,VaR_and_Limits!$A$30) -> 0.093125245 | D35: =C35/ABS(Desk_PnL!$B$15) -> 0.018427166
A36: Index Future | B36: EuroStoxx 50 | C36: =SUMIFS('Position_PnL(data)'!$E:$E,'Position_PnL(data)'!$C:$C,A36,'Position_PnL(data)'!$D:$D,B36,'Position_PnL(data)'!$A:$A,VaR_and_Limits!$A$30) -> 0.31058001 | D36: =C36/ABS(Desk_PnL!$B$15) -> 0.061456045
A37: Single Stock | B37: AMZN | C37: =SUMIFS('Position_PnL(data)'!$E:$E,'Position_PnL(data)'!$C:$C,A37,'Position_PnL(data)'!$D:$D,B37,'Position_PnL(data)'!$A:$A,VaR_and_Limits!$A$30) -> 0.3715447 | D37: =C37/ABS(Desk_PnL!$B$15) -> 0.073519438
A39: Q3 ANSWER: RISK FACTOR DRIVING THE BREACH
A40: Primary Driver - Single Stock: | B40: StdDev = $1.221mm/day - highest of all product types. NVDA and TSLA exhibit the greatest idiosyncratic volatility. On Mar 17 alone: NVDA (−$1.137mm) + TSLA (−$1.006mm) + AAPL (−$0.830mm) = −$2.973mm combined loss from single stocks.
A41: Secondary Driver - Equity Options: | B41: StdDev = $0.977mm/day. The Nasdaq 100 Equity Option position contributed −$2.204mm on Mar 17 - the single largest loss on the exception day. Non-linear gamma/vega exposures amplify losses on large market moves.
A42: Combined effect on Mar 17: | B42: Single Stock losses (−$2.973mm) + Equity Option losses (−$2.811mm) = −$5.784mm gross. Partial offsets from Index Future gains (+$0.311mm + +$0.022mm) and ETF (+$0.093mm) and AMZN (+$0.372mm) reduced total to −$5.054mm.
A43: Conclusion: | B43: The VaR exception on Mar 17 was driven primarily by concentrated single-stock exposure in volatile tech names (NVDA, TSLA, AAPL) amplified by adverse non-linear Equity Option payoffs on Nasdaq 100. Risk reduction should target these positions first.

Sheet Equity_Risk_Report
A1: EQUITY DESK - DAILY MARKET RISK MONITORING SUMMARY
A2: Report Period: March 2-27, 2026 | Coverage: Equity Trading Desk | Analyst: Junior Market Risk Analyst
A4: SECTION 1: KEY RISK METRICS SUMMARY (Q4)
A5: Metric | B5: Value | C5: Interpretation
A6: 1-Day 99% VaR ($mm) | B6: ="$"&TEXT(VaR_and_Limits!B11,"#,##0.0000")&"mm" -> $4.8083mm | C6: Maximum expected 1-day loss with 99% confidence. Computed via Historical Simulation (PERCENTILE.INC at 1%). Based on 20-day observation window.
A7: VaR Limit ($mm) | B7: ="$"&TEXT(VaR_and_Limits!B12,"#,##0.0000")&"mm" -> $5.0000mm | C7: Approved limit set by the Risk Committee. Monitored daily; any approach to 85% requires escalation.
A8: Limit Utilization | B8: =TEXT(VaR_and_Limits!B13,"0.00%") -> 96.17% | C8: VaR of $4.8083mm divided by the $5.000mm hard limit. At 96.17%, the desk is operating in the Near Limit (Amber) zone with only ~$0.19mm of headroom remaining.
A9: Limit Status | B9: =IF(VaR_and_Limits!B14="In Breach","🔴 IN BREACH",IF(VaR_and_Limits!B14="Near Limit","⚠ NEAR LIMIT","✅ WITHIN LIMIT")) -> ⚠ NEAR LIMIT | C9: Thresholds: <85% = Within Limit (Green) | 85-100% = Near Limit (Amber) | >100% = Breach (Red). Current = Amber.
A10: VaR Exceptions | B10: =COUNTIF(VaR_and_Limits!$G$19:$G$38,"*EXCEPTION*")&" (Mar 17, 2026)" -> 1 (Mar 17, 2026) | C10: Days where realized loss exceeded the VaR estimate. 1 exception in 20 days. Green Zone under Basel III Traffic Light Test.
A11: Exception Day Loss | B11: ="$("&TEXT(ABS(Desk_PnL!C28),"#,##0.000")&")mm" -> $(5.054)mm | C11: Driven by Single Stock losses (NVDA, TSLA, AAPL) + Nasdaq 100 Equity Option losses (−$2.20mm). Largest single loss in the period.
A12: Average Daily P&L | B12: ="$("&TEXT(ABS(Desk_PnL!C29),"#,##0.000")&")mm" -> $(0.468)mm | C12: Desk ran at an average net loss over the 20-day period - a concerning trend for sustained profitability and risk appetite consumption.
A13: Max Daily Gain | B13: ="$"&TEXT(Desk_PnL!C27,"#,##0.000")&"mm (Mar 2)" -> $2.839mm (Mar 2) | C13: Best trading day of the period. Single stocks (NVDA +$1.17mm) were the primary contributor.
A14: P&L StdDev (20 days) | B14: =Desk_PnL!C32 -> 1.8025751 | C14: Measured as the standard deviation of all 20 daily desk P&L observations ($1.8026mm/day). Higher StdDev = greater day-to-day earnings volatility, consistent with elevated VaR utilization.
A20: SECTION 2: MEMO TO HEAD OF MARKET RISK (Q4 Written Answer)
A21: TO: | B21: Head of Market Risk
A22: FROM: | B22: Junior Market Risk Analyst - Equity Desk
A23: DATE: | B23: 46108
A24: RE: | B24: Equity Desk Daily Market Risk Monitoring Summary | Period: March 2-27, 2026 | NEAR LIMIT ALERT
A25: 1. VaR vs. Limit | B25: The Equity Desk's 1-day 99% VaR stands at $4.8083mm, representing 96.17% utilization of the approved $5.000mm limit. This places the desk in the NEAR LIMIT zone (85-100%). While no formal VaR limit breach has occurred, the desk is operating with only $0.192mm of headroom - less than 4% buffer remaining.
A26: 2. Escalation Required? | B26: YES. Per the firm's risk escalation policy, Near Limit status (≥85% utilization) requires: (1) Daily notification to the Head of Market Risk; (2) Formal written communication to the Equity Desk Head to review position sizing; (3) If utilization remains above 90% for 3 or more consecutive days, a formal Risk Committee review must be initiated. The desk has been near limit throughout the 20-day period.
A27: 3. VaR Exception (Mar 17) | B27: One VaR exception was recorded on March 17, 2026, when realized losses of $(5.054)mm exceeded the $4.8083mm VaR estimate. This is a model backtesting exceedance - the VaR model failed to predict a loss of this magnitude with 99% confidence. Importantly, this is NOT a VaR limit breach (the VaR itself did not exceed $5mm). Under Basel III Traffic Light Test, 1 exception in 20 trading days is in the Green Zone. However, the exception must be formally investigated and documented per internal audit requirements and Basel III guidelines.
A28: 4. Key Risk Drivers | B28: PRIMARY: Single Stock positions (daily P&L StdDev = $1.221mm) - NVDA and TSLA are the dominant contributors due to high idiosyncratic beta in a volatile tech environment. SECONDARY: Equity Options (StdDev = $0.977mm) - Nasdaq 100 option gamma/vega exposures amplified losses non-linearly on the Mar 17 exception day (−$2.204mm from options alone). The Mar 17 exception resulted from a confluence: Single Stock losses of −$2.973mm + Equity Option losses of −$2.811mm = −$5.784mm gross, partially offset by +$0.730mm from Index Futures, ETF, and AMZN positions.
A29: 5. Recommended Actions | B29: IMMEDIATE (within 24h): Desk Head to review and reduce NVDA, TSLA, and AAPL single-stock gross notional by 15-20% to bring utilization back below 85% (Within Limit). Reduce Nasdaq 100 Equity Option gamma exposure by at least 20%. | SHORT-TERM (within 5 days): Risk team to complete formal VaR exception investigation for Mar 17 and submit written findings to Head of Market Risk per Basel III documentation requirements. Conduct stress testing on a −15% to −20% Nasdaq 100 scenario. | ONGOING: Daily P&L attribution report to be circulated each morning. Initiate review of VaR model adequacy for small-sample periods. Assess whether the 20-day window is appropriate given current market volatility regime. | GOVERNANCE: Add to Risk Committee agenda at next scheduled meeting. Consider implementing intra-day risk monitoring for Single Stock and Options positions.
